Key,Location,Context,EN,FR,Ori
AniaraUnlockDesc,ACHIEVEMENT,Unlock description,阿妮亚拉，织血者,,"Aniara, the Bloodweaver"
ArenaDeathmatchDesc,ACHIEVEMENT,Achievement description,在竞技场赢得一场死斗,,Win a Deathmatch at the Arena
ArenaDeathmatchName,ACHIEVEMENT,Achievement name,角斗士,,Gladiator
AzhaUnlockDesc,ACHIEVEMENT,Unlock description,阿莎，冰晶骑士,,"Azha, the Crysknight"
BeatGameDesc,ACHIEVEMENT,Achievement description,在任意难度下完成一次通关,,Win a Run on any Difficulty
BeatGameName,ACHIEVEMENT,Achievement name,才刚刚开始,,Just Getting Started
CetusUnlockDesc,ACHIEVEMENT,Unlock description,刻托斯，「收藏家」,,"Cetus, the ''Collector''"
Codx100Desc,ACHIEVEMENT,Achievement description,完成 100 条图鉴条目,,Complete 100 Codex Entries
Codx100Name,ACHIEVEMENT,Achievement name,记账员,,Bookkeeper
Codx200Desc,ACHIEVEMENT,Achievement description,完成 200 条图鉴条目,,Complete 200 Codex Entries
Codx200Name,ACHIEVEMENT,Achievement name,图书管理员,,Librarian
Codx400Desc,ACHIEVEMENT,Achievement description,完成 400 条图鉴条目,,Complete 400 Codex Entries
Codx400Name,ACHIEVEMENT,Achievement name,编年史家,,Chronicler
DifficultyTier10UnlockDesc,ACHIEVEMENT,Unlock description,难度层级 10,,Difficulty Tier 10
DifficultyTier2UnlockDesc,ACHIEVEMENT,Unlock description,难度层级 2,,Difficulty Tier 2
DifficultyTier3UnlockDesc,ACHIEVEMENT,Unlock description,难度层级 3,,Difficulty Tier 3
DifficultyTier4UnlockDesc,ACHIEVEMENT,Unlock description,难度层级 4,,Difficulty Tier 4
DifficultyTier5UnlockDesc,ACHIEVEMENT,Unlock description,难度层级 5,,Difficulty Tier 5
DifficultyTier6UnlockDesc,ACHIEVEMENT,Unlock description,难度层级 6,,Difficulty Tier 6
DifficultyTier7UnlockDesc,ACHIEVEMENT,Unlock description,难度层级 7,,Difficulty Tier 7
DifficultyTier8UnlockDesc,ACHIEVEMENT,Unlock description,难度层级 8,,Difficulty Tier 8
DifficultyTier9UnlockDesc,ACHIEVEMENT,Unlock description,难度层级 9,,Difficulty Tier 9
DracoUnlockDesc,ACHIEVEMENT,Unlock description,德拉科，赌徒,,"Draco, the Gambler"
ElitesDesc,ACHIEVEMENT,Achievement description,在一次通关中赢得 4 场战斗遭遇战,,Win 4 Battle Encounters in a single Run
ElitesName,ACHIEVEMENT,Achievement name,拥王者,,Kingmaker
EndingAniaraChangesDesc,ACHIEVEMENT,Achievement description,见证「能力愈大……」结局,,See the 'With Great Power...' Ending
EndingAniaraChangesName,ACHIEVEMENT,Achievement name,能力愈大……,,With Great Power...
EndingAniaraGetsWorseDesc,ACHIEVEMENT,Achievement description,见证「心中之火焚尽一切」结局,,See the 'The Fire Inside Burns All' Ending
EndingAniaraGetsWorseName,ACHIEVEMENT,Achievement name,心中之火焚尽一切,,The Fire Inside Burns All
EndingAniaraNeutralDesc,ACHIEVEMENT,Achievement description,见证「来得容易去得快」结局,,"See the 'Easy Come, Easy Go' Ending"
EndingAniaraNeutralName,ACHIEVEMENT,Achievement name,来得容易去得快,,"Easy Come, Easy Go"
EndingAzhaKeepsGoingDesc,ACHIEVEMENT,Achievement description,见证「疲惫者无眠」结局,,See the 'No Rest for the Weary' Ending
EndingAzhaKeepsGoingName,ACHIEVEMENT,Achievement name,疲惫者无眠,,No Rest for the Weary
EndingAzhaQuitsDesc,ACHIEVEMENT,Achievement description,见证「功成身退」结局,,See the 'A Job Well Served' Ending
EndingAzhaQuitsName,ACHIEVEMENT,Achievement name,功成身退,,A Job Well Served
EndingAzhaVengeanceDesc,ACHIEVEMENT,Achievement description,见证「永不忘记，永不原谅」结局,,"See the 'Never Forget, Never Forgive' Ending"
EndingAzhaVengeanceName,ACHIEVEMENT,Achievement name,永不忘记，永不原谅,,"Never Forget, Never Forgive"
EndingCetusAndDDesc,ACHIEVEMENT,Achievement description,见证「同谋」结局,,See the 'Partners in Crime' Ending
EndingCetusAndDName,ACHIEVEMENT,Achievement name,同谋,,Partners in Crime
EndingCetusGetsWorseDesc,ACHIEVEMENT,Achievement description,见证「抛下一切」结局,,See the 'Leave it All Behind' Ending
EndingCetusGetsWorseName,ACHIEVEMENT,Achievement name,抛下一切,,Leave it All Behind
EndingCetusLikesPeopleDesc,ACHIEVEMENT,Achievement description,见证「破茧而出」结局,,See the 'Breaking Through' Ending
EndingCetusLikesPeopleName,ACHIEVEMENT,Achievement name,破茧而出,,Breaking Through
EndingCetusNeutralDesc,ACHIEVEMENT,Achievement description,见证「是我们，不是他们」结局,,"See the 'Us, Not Them' Ending"
EndingCetusNeutralName,ACHIEVEMENT,Achievement name,是我们，不是他们,,"Us, Not Them"
EndingDracoAndCDesc,ACHIEVEMENT,Achievement description,见证「直到时间尽头」结局,,See the ''Til the End of Time' Ending
EndingDracoAndCName,ACHIEVEMENT,Achievement name,直到时间尽头,,'Til the End of Time
EndingDracoAndVDesc,ACHIEVEMENT,Achievement description,见证「好家伙」结局,,See the 'Godfellas' Ending
EndingDracoAndVName,ACHIEVEMENT,Achievement name,好家伙,,Godfellas
EndingDracoSacrificeNobleDesc,ACHIEVEMENT,Achievement description,见证「为了最好」结局,,See the 'For the Best' Ending
EndingDracoSacrificeNobleName,ACHIEVEMENT,Achievement name,为了最好,,For the Best
EndingDracoSacrificeRegretDesc,ACHIEVEMENT,Achievement description,见证「永世之债」结局,,See the 'Debt Eternal' Ending
EndingDracoSacrificeRegretName,ACHIEVEMENT,Achievement name,永世之债,,Debt Eternal
EndingLyraQuitsDesc,ACHIEVEMENT,Achievement description,见证「尘埃帝国」结局,,See the 'Empire of Dust' Ending
EndingLyraQuitsName,ACHIEVEMENT,Achievement name,尘埃帝国,,Empire of Dust
EndingLyraRebuildsDesc,ACHIEVEMENT,Achievement description,见证「希望帝国」结局,,See the 'Empire of Hope' Ending
EndingLyraRebuildsName,ACHIEVEMENT,Achievement name,希望帝国,,Empire of Hope
EndingLyraScorchedEarthDesc,ACHIEVEMENT,Achievement description,见证「灰烬帝国」结局,,See the 'Empire of Ash' Ending
EndingLyraScorchedEarthName,ACHIEVEMENT,Achievement name,灰烬帝国,,Empire of Ash
EndingMaiaBecomesProudDesc,ACHIEVEMENT,Achievement description,见证「纵使千帆过尽，你仍是你」结局,,"See the 'Despite Everything, It's Still You' Ending"
EndingMaiaBecomesProudName,ACHIEVEMENT,Achievement name,纵使千帆过尽，你仍是你,,"Despite Everything, It's Still You"
EndingMaiaGivesUpDesc,ACHIEVEMENT,Achievement description,见证「迷失之途」结局,,See the 'Wanderlost' Ending
EndingMaiaGivesUpName,ACHIEVEMENT,Achievement name,迷失之途,,Wanderlost
EndingMaiaNeutralDesc,ACHIEVEMENT,Achievement description,见证「生活继续」结局,,See the 'Life Goes On' Ending
EndingMaiaNeutralName,ACHIEVEMENT,Achievement name,生活继续,,Life Goes On
EndingSolOnlyDesc,ACHIEVEMENT,Achievement description,见证「火苗已熄，烈焰犹存」结局,,"See the 'The Flame is Gone, the Fire Remains' Ending"
EndingSolOnlyName,ACHIEVEMENT,Achievement name,火苗已熄，烈焰犹存,,"The Flame is Gone, the Fire Remains"
EndingVegaFailsButFeelsBadDesc,ACHIEVEMENT,Achievement description,见证「完美主义之咒」结局,,See the 'Curse of Perfectionism' Ending
EndingVegaFailsButFeelsBadName,ACHIEVEMENT,Achievement name,完美主义之咒,,Curse of Perfectionism
EndingVegaFailsButFeelsGoodDesc,ACHIEVEMENT,Achievement description,见证「总还有下一次」结局,,See the 'There's Always Next Time' Ending
EndingVegaFailsButFeelsGoodName,ACHIEVEMENT,Achievement name,总还有下一次,,There's Always Next Time
EndingVegaSucceedsDesc,ACHIEVEMENT,Achievement description,见证「凡事皆须谦卑」结局,,See the 'Humility in All Things' Ending
EndingVegaSucceedsName,ACHIEVEMENT,Achievement name,凡事皆须谦卑,,Humility in All Things
GainGoldDesc,ACHIEVEMENT,Achievement description,"在全部通关历程中累计获得 2,000 金币",,"Gain 2,000 Gold across all Runs"
GainGoldName,ACHIEVEMENT,Achievement name,腰缠万贯,,Heavy Pockets
HardestDifficultyDesc,ACHIEVEMENT,Achievement description,在「寻王者」难度下完成一次通关,,Win a Run on the Throneseeker Difficulty
HardestDifficultyName,ACHIEVEMENT,Achievement name,寻王者,,Throneseeker
Kill100Desc,ACHIEVEMENT,Achievement description,在全部通关历程中击杀 100 名敌人,,Kill 100 Enemies across all Runs
Kill100Name,ACHIEVEMENT,Achievement name,圣战骑士,,Crusader
LevelUpsDesc,ACHIEVEMENT,Achievement description,在全部通关历程中累计提升 180 级,,Gain a total of 180 Levels across all Runs
LevelUpsName,ACHIEVEMENT,Achievement name,力量追求者,,Power Seeker
LowHitChanceDesc,ACHIEVEMENT,Achievement description,以 10% 或更低的命中率成功命中一次攻击,,Land an Attack with a 10% Hit Chance or less
LowHitChanceName,ACHIEVEMENT,Achievement name,险中求胜,,Risky Business
LyraUnlockDesc,ACHIEVEMENT,Unlock description,莱拉，战法师,,"Lyra, the Battlemage"
MaiaUnlockDesc,ACHIEVEMENT,Unlock description,玛雅，傀儡师,,"Maia, the Puppeteer"
MountedUnitsDesc,ACHIEVEMENT,Achievement description,同时拥有 5 名骑乘状态的我方单位,,Have 5 Player Units mounted at once
MountedUnitsName,ACHIEVEMENT,Achievement name,骑兵驾到,,Here Comes the Cavalry
MoveTilesDesc,ACHIEVEMENT,Achievement description,"在全部通关历程中累计移动 10,000 格",,"Move a total of 10,000 Tiles across all Runs"
MoveTilesName,ACHIEVEMENT,Achievement name,马拉松,,Marathon
RecruitsDesc,ACHIEVEMENT,Achievement description,在全部通关历程中招募 60 名民兵单位,,Recruit 60 Militia Units across all Runs
RecruitsName,ACHIEVEMENT,Achievement name,人多力量大,,Better with Friends
SoloEncounterDesc,ACHIEVEMENT,Achievement description,仅部署队长的情况下赢得一场普通遭遇战,,Win a normal Encounter only having Deployed the Leader
SoloEncounterName,ACHIEVEMENT,Achievement name,孤注一掷,,Out on a Limb
SolUnlockDesc,ACHIEVEMENT,Unlock description,索尔·伊格尼斯，圣战骑士,,"Sol Ignis, the Crusader"
Tier2Desc,ACHIEVEMENT,Achievement description,在「探险家」难度下完成一次通关,,Win a Run on the Explorer Difficulty
Tier2Name,ACHIEVEMENT,Achievement name,探险家,,Explorer
Tier3Desc,ACHIEVEMENT,Achievement description,在「领航员」难度下完成一次通关,,Win a Run on the Navigator Difficulty
Tier3Name,ACHIEVEMENT,Achievement name,领航员,,Navigator
Tier4Desc,ACHIEVEMENT,Achievement description,在「开路先锋」难度下完成一次通关,,Win a Run on the Trailblazer Difficulty
Tier4Name,ACHIEVEMENT,Achievement name,开路先锋,,Trailblazer
Tier5Desc,ACHIEVEMENT,Achievement description,在「精英」难度下完成一次通关,,Win a Run on the Elite Difficulty
Tier5Name,ACHIEVEMENT,Achievement name,精英,,Elite
Tier6Desc,ACHIEVEMENT,Achievement description,在「战略家」难度下完成一次通关,,Win a Run on the Strategist Difficulty
Tier6Name,ACHIEVEMENT,Achievement name,战略家,,Strategist
Tier7Desc,ACHIEVEMENT,Achievement description,在「谋略大师」难度下完成一次通关,,Win a Run on the Mastermind Difficulty
Tier7Name,ACHIEVEMENT,Achievement name,谋略大师,,Mastermind
Tier8Desc,ACHIEVEMENT,Achievement description,在「冠军」难度下完成一次通关,,Win a Run on the Champion Difficulty
Tier8Name,ACHIEVEMENT,Achievement name,冠军,,Champion
Tier9Desc,ACHIEVEMENT,Achievement description,在「神话」难度下完成一次通关,,Win a Run on the Mythic Difficulty
Tier9Name,ACHIEVEMENT,Achievement name,神话,,Mythic
UnlockNotification,ACHIEVEMENT,Grammar for the unlock notification,你解锁了<Unlock>,,You Unlocked <Unlock>
VegaUnlockDesc,ACHIEVEMENT,Unlock description,维加，医生,,"Vega, the Doctor"
WinSoloDesc,ACHIEVEMENT,Achievement description,在每场遭遇战中仅部署队长并完成一次通关（不含竞技场）,,Win a Run with only the Leader deployed in each Encounter (excluding Arenas)
WinSoloName,ACHIEVEMENT,Achievement name,一人成军,,One Unit Army
Act1Boss1,CHARACTER,Name for a boss in act 1 (named after sagittarius),萨吉泰尔,,Sagittaire
Act1Boss1Blurb,CHARACTER,Story premise for Sagittaire,萨吉泰尔曾是卡登斯帝国的司法大臣，如今她抛开沉闷的文书工作，投身新主的前锋阵线。仿佛那颗坠落的星辰亲自为她擢升了职位。,,"Previously a Minister of Justice in Imperial Cadens, Sagittaire has left her stuffy clerk profession to join the vanguard front of her new allegiance. It's as if the falling star itself granted her a promotion."
Act1Event1,CHARACTER,Event NPC Name,古怪的商人,,Eccentric Merchant
Act1Event2,CHARACTER,Event NPC Name,议员,,Council Member
Act1MiniBoss1,CHARACTER,Name for a boss in act 1,陶罗,,Tauro
Act1MiniBoss1Blurb,CHARACTER,Story for a boss in act 1,钱，钱，钱。我们大家不都是为这个来的吗？这座集市归钱商们经营，那这位神当然也想要钱，一定没错！陶罗·德尔·梅尔卡托只要尽可能敛财就能取悦星辰，那就先从这儿所有的店铺开始吧……,,"Money, money, money. That's what we're all here for, right? This market was run by the moneymen, therefore this God wants money, surely! All Tauro del Mercato needs to do to appease the Star is to gain as much capital as possible, starting with all the shops here..."
Act1MiniBoss2,CHARACTER,Name for a boss in act 1,斯科皮斯,,Scorpius
Act1MiniBoss2Blurb,CHARACTER,Story for a boss in act 1,斯科皮斯向来不喜欢人，所以才会被派到荒郊野岭看守一座山丘。这山丘是干什么用的，他们心里纳闷——这地方必定有极重要的战略价值！既然星辰要他们守住这座山丘，斯科皮斯就会用性命去守。,,"Scorpius never liked people, which is why they were sent out to the boonies to guard a hill. What is this hill for, they wonder, having the place must be a very strategic advantage! If the Star wants them to guard this hill, Scorpius will guard it with their life."
Act1MiniBoss3,CHARACTER,Name for a boss in act 1,莉布拉,,Libra
Act1MiniBoss3Blurb,CHARACTER,Story for a boss in act 1,认识莉布拉的人都习惯与他们保持距离。莉布拉清楚这一点，却毫不在意，因为他们始终知道真相：那些对他们说的话并非来自「幻听」，而是星辰本身。他们能在这座桥的另一端听见那些声音——啊，他们快到了，声音正越来越响！,,"Those who know Libra tended to keep them at arm's length. Libra was aware of this, but was undisturbed, since they've always known the truth. The words that are spoken to them are not from 'voices', but from the Stars themselves. They can hear them from across this bridge, oh they must be arriving soon, the voices are getting louder!"
Act1MiniBoss4,CHARACTER,Name for a boss in act 1,阿奎里斯,,Aquarius
Act1MiniBoss4Blurb,CHARACTER,Story for a boss in act 1,这里没什么可疑的，一点都没有。阿奎里斯只是个孤独的可怜人，在寻求帮助。他从来没有把旅人引入陷阱当作祭品，一次都没有！别多想……那你还在等什么？去帮帮他吧！,,"Nothing suspicious here, nothing at all. Aquarius is simply a lonely victim, looking for help. He's never lured travellers into a trap for ritual sacrifice, not once! Don't worry about it... So what are you waiting for? Go help him!"
Act2Boss1,CHARACTER,Name for a boss in act 2,阿里斯,,Aries
Act2Boss1Blurb,CHARACTER,Story premise for Aries,自帝国创立以来，卡登斯帝国便由阿里斯皇帝的家族统治。阿里斯与高天圣庭结盟甚密，一向痴迷于星辰与星辰的魔法，渴望将这份荣光播撒四方。许愿时可得当心。,,"Emperor Aries's family has ruled Imperial Cadens since its founding. Closely allied with the High Firmament, Aries has always been fascinated by the Stars and their magics, wishing to spread their glory far and wide. Be careful what you wish for."
Act2Event4,CHARACTER,Event NPC Name,战法师？,,Battlemage?
Act2Event5,CHARACTER,Event NPC Name,星辰信徒,,Star Worshipper
Act2Event6,CHARACTER,Event NPC Name,神秘陌生人,,Mysterious Stranger
Act2MiniBoss1,CHARACTER,Name for a boss in act 1,维尔戈,,Virgo
Act2MiniBoss1Blurb,CHARACTER,Story for a boss in act 1,星辰如此慷慨地赐给维尔戈一座城堡。唯一的问题是，那里已经有人住了。真麻烦，看来只好强行把人赶走了。这一定是星辰的本意。,,"The Star has so graciously granted Virgo a castle. The only problem is, someone already lives there. How troublesome, perhaps they shall be removed by force. Surely this is what the Star intended."
Act2MiniBoss1MVP,CHARACTER,Name for a boss in act 1,武尔图尔,,Vultur
Act2MiniBoss1MVPBlurb,CHARACTER,Story for a boss in act 1,武尔图尔是卡登斯的一名小伯爵。王室对他并不陌生，但他很少在自家宅邸之外露面。事实上，星辰坠落之前他的宅邸似乎就已经被封死了，真是凑巧。,,"Vultur is a minor count of Cadens. He is familiar to the royal family, but isn't seen very much outside of his home. In fact, it's almost has if his home was barricaded before the Star fell, how fortuitous."
Act2MiniBoss2,CHARACTER,Name for a boss in act 1,里奥,,Leo
Act2MiniBoss2Blurb,CHARACTER,Story for a boss in act 1,这些知识……已经都不需要了。这些都不是真正的智慧，这样的恩赐只由星辰、且仅由星辰赐予！它该被烧掉，全部烧掉。用火焚毁都算是便宜了这等亵渎之物。,,"This knowledge... None of this is need anymore. None of this is real wisdom, such a blessing is granted by the Star and the Star alone! It should burn, all of it should burn. Destruction by fire is more than this blasphemy deserves."
Act2MiniBoss3,CHARACTER,Name for a boss in act 1,皮斯克斯,,Pisces
Act2MiniBoss3Blurb,CHARACTER,Story for a boss in act 1,啊！要是皮斯克斯不把碎片全部捡回来，星辰可怎么原谅他们。不，不不，这是一场灾难！别担心，星辰，皮斯克斯会把你重新拼好的，马上就好！,,"Ah! How will the Star every forgive Pisces if they don't pick up all its pieces. No, no, no, this is a disaster! Don't worry, Star, Pisces will put you back together, real quick!"
Act2MiniBoss4,CHARACTER,Name for a boss in act 1,卡普里科,,Caprico
Act2MiniBoss4Blurb,CHARACTER,Story for a boss in act 1,如果大地上到处都是卡登斯的饰物、徽记和礼仪，人们还怎么知道谁才是主宰？星辰要求的是正统！是正确！当真正的万物之主应当光辉到烧穿苍穹时，让某个帝国的旧日残影压在所有人头上，就是不对。把这些东西全清掉！全埋进土里！,,"How is everyone supposed to know who's in charge if the land is covered in Cadens trinkets, insignias, and ceremony? The Star demands legitimacy! Correctness! It's just not correct to have the reminder of some Empire's past hang over everyone, when the real ruler of all should be so bright they burn the heavens. Get rid of it all! Bury it beneath the earth! "
AdeptMilitia_1,CHARACTER,Character name,基拉,,Kira
AdeptMilitia_1Blurb,CHARACTER,Character story,基拉本以为天塌下来的那天就是自己的死期，全靠她敬爱的教官牺牲才活了下来。从那以后，她发誓要向星辰以及一切与它腐朽有关的人和物复仇。,,"Kira thought the day the sky fell would be her last, if it wasn't for the sacrifice of her beloved trainer. Since then, she's sworn revenge on anybody and anything related to the Star and its rot."
AdeptMilitia_1Recruit,CHARACTER,Character story,挡路的人，统统杀掉！,,Let's kill anybody who gets in our way!
AdeptMilitia_2,CHARACTER,Character name,蕾米莉亚,,Remilia
AdeptMilitia_2Blurb,CHARACTER,Character story,蕾米莉亚不忠于任何特定的宗教。她过去在众多神明之间轮番膜拜，想找到那位最终能把她的技艺从「好」推向「极佳」的神。有人说她该趁早收手免得惹祸，也有人说她根本不需要任何神的加持。,,"Remilia is not loyal to any particular religion. She has cycled her worship through many Gods in the past, looking for the one that would finally push her skills from good to great. Some say she should stop before she gets in trouble, others say she doesn't need the support at all."
AdeptMilitia_2Recruit,CHARACTER,Character story,唉，这位新神反正对我也没什么用。,,"Eh, this new God wasn't working for me anyways."
AdeptMilitia_3,CHARACTER,Character name,奥斯卡,,Oscar
AdeptMilitia_3Blurb,CHARACTER,Character story,奥斯卡本以为眼睛受伤之后，自己的战斗生涯就此结束了。这样的消沉本该让他成为星盲症的绝佳目标，但眼看德里瓦斯托的村庄被教团信徒洗劫，他重新燃起了斗志——拔剑，去完成他痛揍敌人的宿命。,,"Oscar thought his fighting days were over after injuring his eye. Normally, this depression would make him a prime victim for Starblindness, but seeing his Drivastian village raided by Acolytes of the cult has filled him with the motivation to take back up the sword and fulfil his destiny to kick ass."
AdeptMilitia_3Recruit,CHARACTER,Character story,我以为这一天永远不会来了。都给伟大的奥斯卡让路！,,I thought this day would never come. Make way for Oscar the Great!
AdeptMilitia_4,CHARACTER,Character name,阿莉娅,,Alia
AdeptMilitia_4Blurb,CHARACTER,Character story,没人知道阿莉娅从哪儿来。她就在坠星事件前后突然出现在阿斯特雷亚，随时准备砍倒任何靠近她的信徒。既然她干得这么漂亮，最好还是别多问。俗话说，别对送上门的礼物挑三拣四。,,"Nobody knows where Alia came from, as she just suddenly appeared in Astrea around the time of the Falling Star event, ready to cut down any Acolyte that approaches her. Probably best not to ask, since she's so good at it. Don't look a gift horse in the mouth, as they say."
AdeptMilitia_4Recruit,CHARACTER,Character story,只管给我指个方向，剩下的交给我。,,"Just point me in the right direction, I'll handle the rest."
AdeptMilitia_5,CHARACTER,Character name,保罗,,Paul
AdeptMilitia_5Blurb,CHARACTER,Character story,保罗从小就自称和平主义者——其实那只是他为自己不敢挺身而出找的借口。如今被逼到绝境，他意识到想活着出去，就得长出点骨气来。,,"Since he was young, Paul was a pacifist. Well, that's what he told himself as the reason as to why he could never stand up for himself. Now that his back is against the wall, he realizes he must grow a spine if he wants to make it out alive."
AdeptMilitia_5Recruit,CHARACTER,Character story,我……我尽力而为。,,I... I'll do what I can.
AdeptMilitia_6,CHARACTER,Character name,赫特雅,,Hetja
AdeptMilitia_6Blurb,CHARACTER,Character story,一位勇敢高贵的英雄，踏上讨伐大恶的旅程。赫特雅习惯了身陷陌生境地，但这一次实在离谱：自己怎么到这儿来的？为什么变成这副模样？尽管如此，赫特雅依然平静。他们知道自己很快就会回到来处——毕竟死亡从来没能把他们困住。,,"A brave and noble hero on a quest to vanquish a great evil. Hetja is used to finding themselves in unfamiliar situations but this one takes the cake. How did they get here? Why do they look like this? Despite this, Hetja is calm. They know they will return to whence they came soon, as death has never been a force that has kept them down."
AdeptMilitia_6Recruit,CHARACTER,Character story,……在找……她……,,…Looking… For Her…
Aniara,CHARACTER,Name for a hero character,阿妮亚拉,,Aniara
AniaraAzhaSecondaryStory,CHARACTER,Character motivations,一个卑微的骑士想回到已被摧毁的故乡「夺回一切」？阿妮亚拉登上那位老兵的船时心里这么想着——祝你好运吧。不过话说回来，她总归用得上多一双手，去接那些档次太低、不值得她亲自出手的活。,,"A paltry knight looking to return to her destroyed homeland to 'take it back'? Good luck, Aniara thinks, as she boards the old soldier's ship. Regardless, she could always use an extra hand to take the fights that fall too far below her."
AniaraBlurb,CHARACTER,Character description,阿妮亚拉不理会正统，在可接受范围的边缘活得如鱼得水。为追求力量，她绕过、颠覆、违反、反叛过她遇到的每一条规则。为此她来到阿斯特雷亚，要把星尘据为己有。,,"Unconcerned with orthodoxy, Aniara thrives on the fringes of the acceptable. In her quest for power, she has skirted, subverted, contravened, and rebelled against every rule she has come across. In turn, she has come to Astrea to take control of the Stardust for herself."
AniaraCetusSecondaryStory,CHARACTER,Character motivations,哦嚯，阿妮亚拉在港口遇上了同路人？不是同一片土地的人，却怀着同样的理念。若果真如此，那会是位好盟友。若不是……处理掉他们大概也不难。,,"Oho, could Aniara have found a compatriot at port? A person not of the same land, but of the same ideals. If so, they could be a good ally. If not, then it probably shouldn't be too hard to dispose of them."
AniaraDracoSecondaryStory,CHARACTER,Character motivations,她并没被这个迷人男子的花招骗到，但此人身上有某种东西，让阿妮亚拉愿意假装上当。也许是他肩上那只猫吧。反正他看起来无害，暂时让他跟着也无妨。,,"She doesn't fall for this charming man's guile, but there's something about him that motivates Aniara to feign credulity. Maybe it's the cat on his shoulder. He seems harmless regardless, might as well let him tag along for now."
AniaraLeaderStory,CHARACTER,Character motivations,无所谓。阿妮亚拉觉得，所有道路最终都会通向她的真正目的地：星尘的源头本身。,,"No matter, Aniara feels all roads will eventually lead to her true destination: the source of the Stardust itself."
AniaraLyraSecondaryStory,CHARACTER,Character motivations,公主？哪门子的公主？阿妮亚拉俯视着这位对自己帝国的境况一无所知的战法师。不过，让她自己去发现会更有用。眼下，她能帮阿妮亚拉引路，找到星尘的源头。,,"A princess? Of what? Aniara looks down at the Battlemage who is completely unaware at the state of her Empire. It's more useful to let her find out on her own, though. For now, she can help guide Aniara to the source of the Stardust."
AniaraMaiaSecondaryStory,CHARACTER,Character motivations,有个奇怪的女孩跟阿妮亚拉跟得有点太近了。换作平时，阿妮亚拉懒得理会这种看起来弱不禁风的人，但她能感觉到，这女孩温顺的外表下潜藏着某种奇异的力量。,,"There's a strange girl following Aniara a little too closely. Normally Aniara would not bother with someone so weak-looking, but she can sense a strange power lurking underneath the girl's meek exterior."
AniaraSolSecondaryStory,CHARACTER,Character motivations,阿妮亚拉清楚信奉一位神能带来多大的力量，于是立刻登上了一艘许珀里翁的战舰，假意宣誓效忠他们的志业。这些确实会是强有力的盟友。,,"Recognizing the power that patronage to a God can grant, Aniara promptly boards a Hyperion warship, pretending to pledge to their cause. These will be powerful allies indeed."
AniaraStoryLoss,CHARACTER,Character losing,直到咽下最后一口气，阿妮亚拉都没想过自己会在战斗中倒下。她无畏到了最后一刻，只可惜这份自信放错了地方。,,"Even as she drew her final breath, Aniara never considered she would ever fall in battle. She was dauntless to the very end, but it seems her confidence was misplaced."
AniaraTeamName,CHARACTER,Aniara's team name,猩红灵液,,Crimson Ichor
AniaraVegaSecondaryStory,CHARACTER,Character motivations,港口有个看起来还算有用的小个子男人找上阿妮亚拉，自称算是名治疗师。只要他能在需要时替她处理伤口，她没理由不带上他。,,"A useful little man approached Aniara at port, claiming to be a healer of sorts. So long as he tends to her wounds when needed, she sees no reason not to bring him along with her."
Azha,CHARACTER,Name for a hero character,阿莎,,Azha
AzhaAniaraSecondaryStory,CHARACTER,Character motivations,这位戴着王冠的女人与阿莎同船前往她的故乡，总觉得有点不对劲。但无论她会带来什么麻烦，与阿莎的使命相比都微不足道。,,"There's something a little off about this crowned woman sharing passage with Azha to her homeland, but whatever problems she might bring pale in comparison to her mission."
AzhaBlurb,CHARACTER,Character description,阿莎是德里瓦斯托军中的老练骑士。她中断了退休生活，回到故乡接下最后一项任务：让故乡恢复成她离开时的模样。,,"Azha is a veteran knight of the army of Drivasto. Interrupting her retired life, she's come back to her homeland on one last job: to bring it back to the way she left it."
AzhaCetusSecondaryStory,CHARACTER,Character motivations,听见了吗？是偷袭？不，只是个无害的偷渡客。阿莎纳闷他们是怎么上船的。他们似乎没造成什么危害，而且去阿斯特拉必定有正当理由，于是她决定不把人扔下海。,,"Did you hear that? Is this a surprise attack? No, it's just some harmless stowaway. How did they get on board, Azha wonders. They don't seem to be causing any harm, and they must be going to Astra for a good reason, so she decides not to throw them overboard."
AzhaDracoSecondaryStory,CHARACTER,Character motivations,这男人那副大笑脸后面肯定藏着什么，但阿莎并不真的想弄清楚。事实上也无所谓——只要他愿意和她一起杀教团信徒，就欢迎上船。,,"This man's got something hidden behind his massive smile, no doubt, but Azha isn't really interested in finding out what. In fact, it doesn't matter, as long as he kills cultists with her, he's welcome aboard."
AzhaLeaderStory,CHARACTER,Character motivations,尽管她做这些事已经有点太老了，但没有什么能挡在阿莎和她的使命之间。,,"Despite the fact she's getting a little too old for this, there's nothing that is going to get in between Azha and her mission."
AzhaLyraSecondaryStory,CHARACTER,Character motivations,咦，帝国公主居然和阿莎在同一个港口。她担心两人会起冲突，但想想两人的本心都不坏，那就让她同行吧？,,"Huh, there's the Imperial Princess, just at the same port as Azha. She worries about how they might butt heads, but figures both their hearts are in the right place, so why not let her join?"
AzhaMaiaSecondaryStory,CHARACTER,Character motivations,港口那个温顺的女孩哀求着说自己必须去阿斯特雷亚找人，阿莎忍不住涌起一股强烈的保护欲。既然目的地相同，带上她就是了。,,"Azha could not help but feel an overwhelming sense of protectiveness over the meek girl at port pleading that she needs to find someone in Astrea. Might as well take her aboard, since they're headed to the same place."
AzhaSolSecondaryStory,CHARACTER,Character motivations,阿莎平时不关心宗教和政治，但与如此狂热的许珀里翁信徒同船，她还是不免不安。尽管如此，她仍感到希望——因为对于那个占据她故乡的邪恶教团，她的憎恨不比他少半分。,,"Azha doesn't normally care for religion or politics, but she can't help but feel uneasy sharing passage with such a zealous Hyperion. Despite this, she feels hopeful, as she feels just as strongly as him about the vile cult that's taken over her homeland."
AzhaStoryLoss,CHARACTER,Character losing,阿莎终究没能享受到她期望的退休生活，但某种意义上，能为国捐躯她也算满足了。,,"Azha never got to enjoy the retirement she wished for, but in a way was satisfied she got to die for her country."
AzhaTeamName,CHARACTER,Azha''s team name,最后的任务,,One Last Mission
AzhaVegaSecondaryStory,CHARACTER,Character motivations,战场上的经历让阿莎格外敬重治疗师、药剂师、祭司，以及一切以治愈伤口或心灵为职的人。因此她毫不犹豫地让港口那位医生搭上了自己的船。,,"Azha's experience in the field has given her great appreciation for the healers, chemists, priests, and any other person whose job it is to heal wounds or spirits. As such, without hesitation, she welcomes the doctor at the port passage on her ship."
Cetus,CHARACTER,Name for a hero character,刻托斯,,Cetus
CetusAniaraSecondaryStory,CHARACTER,Character motivations,刻托斯想不注意都难：一个女人气场逼人，为了强行登上任何开往阿斯特雷亚的船而闹得天翻地覆。幸运的是，他们借她在某艘船上造成的混乱溜了上去——不过刻托斯确信，这绝不是他们最后一次见到她。,,"Cetus could not help but notice a woman of immense presence causing chaos trying to forcefully board any ship head to Astrea. Fortunately, they were able to use the disruption she caused on a ship to sneak themself aboard, though Cetus was sure this was not the last they'd see of her."
CetusAzhaSecondaryStory,CHARACTER,Character motivations,刻托斯扮成走投无路的阿斯特雷亚本地人，成功搭上了一位德里瓦斯托老骑士的船。说到底，只要善用某种民族情怀，他们知道轻易就能换来可靠的庇护。,,"Cetus's act as a desperate Astrean native seemed to successfully allow them passage on a ship owned by an old Drivastan knight. If anything, they know they can easily get some good protection so long as they leverage a certain flavour of nationalism."
CetusBlurb,CHARACTER,Character description,刻托斯以创业者的眼光看待坠星事件，嗅到这片土地满是「寻宝」的机会。刻托斯的偷窃手段不走寻常路，许多人根本察觉不到——比起亲手弄脏撬锁的手，他们更愿意让门把手自己转动。,,"Cetus has taken an entrepreneurial stance on the Falling Star event, sensing a land rife with opportunity for 'treasure hunting'. Untraditional in nature, Cetus's thievery goes unnoticed by many as they would rather have a door's handle turn itself then get their hands dirty with a lockpick."
CetusDracoSecondaryStory,CHARACTER,Character motivations,迎接他们的是此生见过最友善的一张脸。刻托斯惊讶地遇到一个男人，主动送上一张直航阿斯特雷亚的船票。他们很识趣地没有追问票从哪来、这人又有什么盘算，跟着走就是了。,,"Greeted by the friendliest face they had ever seen, Cetus was surprised to meet a man offering them an extra ticket aboard a ship headed straight to Astrea. They knew better not to ask where it came from or what the man's ulterior motives might be and just followed along."
CetusLeaderStory,CHARACTER,Character motivations,想想看，故乡一片混乱之中有多少无人看管的财物。唔，看来该说是「前」故乡了。就连那件特别的饰物——那件溜走了的……,,"Just think of all the valuables unattended amidst the chaos at home. Well, former home, it seems. Even that special trinket, the one that got away..."
CetusLyraSecondaryStory,CHARACTER,Character motivations,中大奖了！老家来的贵族！刻托斯几乎不敢相信自己的眼睛。只要能编出一套急着回去见亲人的苦情戏，他们就会显得像个模范公民，被人一路带到那个值钱的猎物面前。,,"Bingo! A noble from back home! Cetus can scarcely believe their eyes. If they can muster up a sob story about rushing back to dear family, they'll seem like a model citizen and get led right to that prized mark."
CetusMaiaSecondaryStory,CHARACTER,Character motivations,「可怜的小东西。」刻托斯那颗向来封闭的心涌起一阵怜悯——他们注意到一个怯生生的女孩，试遍了每一艘船都搭不上。刻托斯一反常态地决定帮忙，把这女孩偷偷带上他们能找到的第一条船。,,"'Poor thing', a feeling of pity filled Cetus's usually-closed heart when they noticed a meek-looking girl unsuccessfully gain passage on every ship she tried. Uncharacteristically, Cetus decided to help sneak this girl aboard the first boat they could."
CetusSolSecondaryStory,CHARACTER,Character motivations,让刻托斯不舒服的是，他们唯一能溜上去的船竟是一艘许珀里翁圣战骑士的战舰。与满脑子职责的狂信徒同住一处令他们作呕，但只要装成无害的偷渡客，这些人大概会保护他们免遭最坏的下场。,,"To their discomfort, the only ship Cetus could sneak aboard was a Hyperion Crusader warship. The thought of shacking up with duty-obsessed zealots disgusted them, but if they could come across as some harmless stowaway, they'd probably protect them from the worst to come."
CetusStoryLoss,CHARACTER,Character losing,刻托斯的口袋空了，合约也未能履行。但最重要的是，他们始终没找到一个真正属于自己的地方。,,"Cetus's pockets emptied and their contract remained unfulfilled. But most importantly, they never found a place they truly belonged."
CetusTeamName,CHARACTER,Cetus's team name,精品供货商,,Purveyors of Fine Goods
CetusVegaSecondaryStory,CHARACTER,Character motivations,既然溜不上任何人的船，刻托斯便对一个急着办事的势利眼使出了浑身解数。他们知道两人合不来，但只要能上岸，大概也值了。,,"Unable to sneak aboard anybody's ship, Cetus brandished their guile on some mission-bound snob. They know they won't get along, but it's probably worth it just to get to shore."
DefaultAllyBlurb,CHARACTER,Generic militia unit story premise,你的民兵单位不知为何没有染上星盲症，只要能把自己的土地从星尘和新兴教团手中解放出来，他们乐意加入你的事业。,,"Somehow unafflicted by Starblindness, your Militia Units are happy to join your cause if it means freeing their land from the Stardust and its new Cult."
DefaultBossBlurb,CHARACTER,Generic enemy story premise,被冠以「星盲」之名的人已陷入更深的侵蚀阶段。他们不仅对星辰怀有极度的忠诚，还越来越倾向于把身体逼到极限之外。,,"Those with the title 'Starblind' have fallen into deeper stages of affliction. Not just intense loyalty to the Star, but also an increased inclination to push their body beyond its limits."
DefaultEnemyBlurb,CHARACTER,Generic enemy story premise,天塌下来的那天，或许就是他们人生的最后一天。被蚕食记忆的星盲症所困，这些敌人会不惜一切代价去满足新主人的心意。有人会问，为什么有些人被星尘夺去性命，有些人只被夺去意志；也有人会问，这两者究竟有什么区别。,,"The day the sky fell might as well have been their last. Afflicted by a memory draining Starblindness, these foes will stop at nothing to serve the whims of a new master. Some would ask why some people have their lives taken by the Stardust and others only their wills, but others would ask if there is any difference. "
DefaultOtherBlurb,CHARACTER,Generic other unit story premise,被压迫的民众，苟延残喘地活着。,,"Oppressed peoples, clinging to survival."
Doll,CHARACTER,Name for a hero character,提线人偶,,Marionette
DollBlurb,CHARACTER,Character description,自己造士兵的好处是，想做成什么样就做成什么样。不过看来，艺术家总爱把自己更多地放进作品里。,,"If you make your own soldiers, you can craft them however you please. Though artists are wont to put themselves into their work more than anything, it seems."
Draco,CHARACTER,Name for a hero character,德拉科,,Draco
DracoAniaraSecondaryStory,CHARACTER,Character motivations,哇，港口有个气场强得吓人的女人，德拉科断定她<i>一定</i>很有钱。她会是好骗的肥羊吗？大概不是，但乐趣不就在挑战里吗。,,"Whoa, there's a woman at the port with such an immense aura, Draco figures she <i>must</i> have some kind of wealth. Will she be an easy mark? Probably not, but in challenge lies the fun."
DracoAzhaSecondaryStory,CHARACTER,Character motivations,老兵通常都难啃，这一位似乎尤其执着于自己的任务。德拉科一边优雅地登上她开往阿斯特雷亚的船，一边琢磨能从这位老骑士身上榨出多少油水。,,"Usually veterans are tough nuts to crack, but this one seems especially mission-bound. Draco wonders how much wealth he can extract from this old knight as he graciously boards her ship, bound for Astrea."
DracoBlurb,CHARACTER,Character description,远远看去，德拉科和他的猫形影不离。事实上，自从一次与神明的赌局输掉之后，受控的是他。如今他来到这片满是肥羊的土地上骗钱，好还清欠偷盗之神加莱亚的债。,,"From a distance, Draco and his cat seem utterly inseparable. In reality, it's him who's under her control after a divine bet went wrong. Now he's come to con a land of easy marks out of its money so he can pay off a debt to the god of thievery, Galea."
DracoCetusSecondaryStory,CHARACTER,Character motivations,哟，这不是个挺迷人的家伙吗？德拉科不禁觉得自己在港口遇到了同类，而且两人都以不同程度的合法性轻松上了船。,,"Well, isn't this a charming fellow? Draco can't help but feel he's come across a kindred spirit on the port, and both were able to easily board a ship with varying degrees of legitimacy."
DracoLeaderStory,CHARACTER,Character motivations,这片土地上的人，要么绝望地渴求希望，要么疯得没法好好思考。不管哪种，都是遍地肥羊的好地方。,,"The people of this land are either desperate for hope or too crazed to think straight. Either way, it should be a land full of easy marks."
DracoLyraSecondaryStory,CHARACTER,Character motivations,这才叫高价值的猎物。年轻的帝国公主，大概嫩得有点过头了。德拉科琢磨着能从她身上弄到多少财宝。,,"Now that's a high-value mark. The young Imperial Princess, probably a little too wet behind the ears for her own good. Draco wonders what kind of riches he can get out of her."
DracoMaiaSecondaryStory,CHARACTER,Character motivations,那个带着一看就很贵的人偶的女孩，是出身富贵还是新贵暴发户？德拉科拿不准。不管哪种，他都闻到了猎物的味道，于是摆出最迷人的姿态登场。,,"Draco wonders if the girl with the expensive-looking marionettes comes from a wealthy family, or is new money. Regardless, he smells a mark either way, and makes the most charming entrance he possibly can."
DracoSolSecondaryStory,CHARACTER,Character motivations,德拉科犹豫了：他有把握从一个许珀里翁信徒手里骗到根本不存在的金币吗？可没得选，别的船都不肯载他。说不定他会被自己的本事吓一跳。,,"Draco hesitates, is he sure he can con a Hyperion out of his non-existent gold? Well, he's got no choice, no other ship will take him aboard. Maybe he'll be surprised at what he can do."
DracoStoryLoss,CHARACTER,Character losing,一方面，德拉科很懊恼自己再也没能回到年轻时那享乐放纵的生活；另一方面，他总算以某种方式摆脱了债务。,,"On one hand, Draco was frustrated he never returned to the hedonistic life of his youth. On the other, he's finally free of his debt, in a way."
DracoTeamName,CHARACTER,Draco's team name,命运之戏,,Chance's Folly
DracoVegaSecondaryStory,CHARACTER,Character motivations,医生不是应该都挺有钱的吗？港口这位连船费都凑不出来。看着像新手，说不定是个不错的……长期投资。,,"Aren't doctors supposed to be somewhat wealthy? This one at port can't seem to make fare for the life of him. Seems new, maybe he could be a good... long-term investment."
DruidMilitia_1,CHARACTER,Character name,艾丝黛尔,,Estelle
DruidMilitia_1Blurb,CHARACTER,Character story,或许正如人们对德鲁伊的刻板印象，艾丝黛尔战斗的动机源于痛心：她拼命守护的森林被毁了。坠星的一块碎片转瞬之间夺走了无数家园与生命，没能当场死去的动物则慢慢患上了星盲症。她无法接受这一切，而除了直捣毁灭的源头，她已无处可求。,,"Perhaps stereotypically of a Druid, Estelle's motivation to fight lies in her anguish at the destruction of the forest she tried so hard to protect. In a flash, so many homes and lives were lost by a shard of the Fallen Star. The animals not immediately killed slowly went Starblind. This is unacceptable, and she has no where else to turn but directly to the source of the destruction. "
DruidMilitia_1Recruit,CHARACTER,Character story,我们要把土地连同它的丰饶一并夺回。,,We shall take back the land and its bounty as well.
DruidMilitia_2,CHARACTER,Character name,巴兹尔,,Basil
DruidMilitia_2Blurb,CHARACTER,Character story,想到有可能「重置」德里瓦斯托，巴兹尔私底下还有点兴奋——当然，前提是一切顺利。他见识过这件事把重商的议会搅成什么样，希望星尘落定之后，能有一个更公平、不那么向钱看的政权取而代之。,,"Basil is secretly a little excited at the prospect of 'resetting' Drivasto, if things all go well, of course. He has seen the turmoil this has thrown its mercantilist council into and he hopes once the Stardust settles, a more fair, less money-focuses rulership can take its place."
DruidMilitia_2Recruit,CHARACTER,Character story,顺手给德里瓦斯托来一脚，我倒是不介意。,,I wouldn't mind giving Drivasto a kick in the pants while we're at it.
DruidMilitia_3,CHARACTER,Character name,埃米尔,,Emil
DruidMilitia_3Blurb,CHARACTER,Character story,埃米尔爱动物，而且<i>气炸了</i>——这帮教团混蛋以为可以肆无忌惮地到处践踏。他们觉得自己的神有多了不起，可他们的神既不会给农田施肥，也不会给他们找衣服穿。,,"Emil loves animals, and is <i>pissed</i> some cultist assholes think they can just trample all over the place with reckless abandon. They think their god is so important, but their god doesn't fertilize their farms or source the clothes on their backs."
DruidMilitia_3Recruit,CHARACTER,Character story,让我上！,,Let me at 'em!
DruidMilitia_4,CHARACTER,Character name,艾普莉尔,,April
DruidMilitia_4Blurb,CHARACTER,Character story,艾普莉尔一直很难看清自己。不幸——或许也是幸运的是，这场危机逼着她迅速回答了所有难题，好专心反击；而这件事带来一个可喜的副作用：她的自信被抬到了前所未有的高度。,,"April has always had a tough time figuring herself out. Unfortunately, or perhaps fortunately, this crisis has forced herself to quickly answer all the hard questions so she can focus on fighting back, which has had the welcome side-effect of boosting her confidence beyond any level it was before."
DruidMilitia_4Recruit,CHARACTER,Character story,我准备好了！,,I'm ready!
DruidMilitia_5,CHARACTER,Character name,阿代尔,,Adair
DruidMilitia_5Blurb,CHARACTER,Character story,阿代尔不想待在这儿，可似乎也没多少选择。这是座岛，他还能怎么办——游过大海去遥远的陆地？唔，也许吧……不，最好还是留下战斗。至少这样还有活下来的机会。,,"Adair doesn't want to be here, but it doesn't seem like he has much of a choice. It's an island, what's he going to do, swim across the ocean to distant continents? Well, perhaps... No, it's probably best to stay here and fight. At least he has a chance to survive that."
DruidMilitia_5Recruit,CHARACTER,Character story,如果你能反过来保护我，我想我可以帮忙。,,"I suppose I can help, if you can protect me in turn."
DruidMilitia_6,CHARACTER,Character name,赫特雅,,Hetja
DruidMilitia_6Blurb,CHARACTER,Character story,一位勇敢高贵的英雄，踏上讨伐大恶的旅程。赫特雅习惯了身陷陌生境地，但这一次实在离谱：自己怎么到这儿来的？为什么变成这副模样？尽管如此，赫特雅依然平静。他们知道自己很快就会回到来处——毕竟死亡从来没能把他们困住。,,"A brave and noble hero on a quest to vanquish a great evil. Hetja is used to finding themselves in unfamiliar situations but this one takes the cake. How did they get here? Why do they look like this? Despite this, Hetja is calm. They know they will return to whence they came soon, as death has never been a force that has kept them down."
DruidMilitia_6Recruit,CHARACTER,Character story,……在找……她……,,…Looking… For Her…
EndingAniaraChangesStory,CHARACTER,Character story,她也明白还有别的事必须去做。对力量的追求剥去了她的人性，而她担心这份人性已经稀薄得可怕。\n    阿妮亚拉曾以为力量是赢得尊重的唯一途径，是让别人听你说话的唯一方法。但她的战斗无意间向她展示了另一种视角：敬慕可以比恐惧更强大。也许对力量的追逐只是一条捷径、一场与魔鬼的交易，而真正的强大来自你身边的人。,,"She also understood what other things must be done as well. Her quest for power has stripped her of her humanity, and she fears such a resource had grown frighteningly limited.\n    Aniara once thought power was the only way to gain respect. The only way to have people listen to you. But her battles had inadvertently shown her an alternate perspective: admiration can be stronger than fear. Perhaps the quest for power was a shortcut, a devil's bargain, and true strength came from those around you."
EndingAniaraGetsWorseStory,CHARACTER,Character story,可代价是什么？残存的星尘从她攥紧的指缝间溜走，永远地失去了。那正是她的目标，否则她来这里做什么？巨大的耻辱感淹没了阿妮亚拉，她不会很快忘记。\n    也许这是教团的错；也许他们举行的仪式根本不对。假如，比如说，她做出类似的举动，把另一位神明的力量引到指尖，她会不会成功？\n    只能试试看了。,,"But at what cost? The remaining Stardust slipped through the fingers of her tightened fist, lost forever. That was her goal, why else did she come here? A great shame washed over Aniara, one she would not soon forget.\n    Perhaps it was the fault of the cult; maybe they performed the wrong ritual. If, say, she committed a similar act that brought forth another god's power to her fingertips, would she be successful?\n    Only one way to find out."
EndingAniaraNeutralStory,CHARACTER,Character story,她艰难地想要接受这个事实，但对她而言它依然成立。这是必须做的。她无法控制它，它只会控制她。\n    这是必须做的。\n    她失去了一份足以让她近乎无敌的力量。如今她只能继续那无尽而艰辛的奥术研究，只为再尝一口甜美的力量。总有一天，没人能再阻止她。\n    这是必须做的。,,"She struggled to accept that fact, but it was true to her nonetheless. It had to be done. She could not have controlled it, it would have controlled her.\n    It had to be done.\n    It was a loss of a power that would have made her nigh invincible. Now must continue her endless, arduous research into the arcane for another taste of sweet strength. One day no one will be able to stop her.\n    It had to be done."
EndingAzhaKeepsGoingStory,CHARACTER,Character story,但她知道真正的使命远未结束。她当初究竟为什么要退休？她清楚自己的国家需要她，而她也需要它。\n    阿莎用余下的日子帮助族人重建热闹的集市与安静的村庄，向任何需要帮助的人伸出援手。久而久之，「乐于助人的好手」这一名声盖过了她骑士队长的身份——她欣然接受了这样的转变。\n    而如果再发生一次坠星那样的事件，她知道自己一定第一个站出来迎战。,,"But she knew her true mission was far from over. Why did she ever retire in the first place? She knows her country needs her, and she needs it.\n    Azha spent her remaining days helping her people reconstruct the bustling markets and quiet hamlets, lending her aid to anyone in need. Over time, her reputation as a helping hand preceded her station as a Knight Captain; a change she accepted with open arms.\n    And if anything like the Falling Star event happened again, she knew she would be first in line to fight back."
EndingAzhaQuitsStory,CHARACTER,Character story,而她确实<i>结束</i>了。她想，自己该随着这个国家一起退休了，于是安享余生。\n    阿莎再没见过她离开之后的德里瓦斯托。她也不在乎了。她毕生的心血在眼前化为乌有，显然她的帮助并不被需要。德里瓦斯托现在是谁的问题都行，与她无关。,,"And she <i>was</i> done. She figured she should retire with her country, and spent her final days in rest.\n    Azha never saw what happened to Drviasto after she left. She didn't care anymore. Her life's work was undone in front of her, clearly her help was not desired. Drivasto is somebody else's problem now."
EndingAzhaVengeanceStory,CHARACTER,Character story,但她知道自己的使命远未结束。看到那些混蛋对她的故乡做了什么之后，她没法退休。他们一个都不配活着。一个都不配。\n    阿莎用余下的日子追猎并屠杀所有残留的教团成员与同情者。等她再也找不到这些人，便转向砍杀任何胆敢轻慢德里瓦斯托的人。\n    阿莎的圣战直到她吐出最后一口气才告终，唇边沾着祖国的名字。,,"But she knew her mission was from over. She could not retire, not after seeing what those bastards did to her homeland. None of them  deserved to live. Not one\n    Azha spend her remaining days hunting down and slaughtering any remaining cult member or sympathizer. Once she could not find any more, she moved onto cutting down anyone who dared treat Drivasto with disrespect.\n    Azha's crusade only ended upon the drawing of her final breath, her country's name staining her lips."
EndingCetusAndDStory,CHARACTER,Character story,刻托斯做到了不可能的事。刻托斯交到了……一个朋友。或者说，若时间能给出答案，或许不止是朋友。不过这些念头并不在他们心上——他们和德拉科整天泡酒吧、顺走值钱玩意儿、在这片土地上快意冒险。\n    刻托斯从未追问德拉科口中那笔必须偿还的债。事实上，刻托斯暗自希望那是个不可能还清的天文数字，这样他们的冒险就永远不会结束。要是他们知道真相就好了……,,"Cetus had done the impossible. Cetus had made... A friend. Or perhaps, more than that, if time will tell. Such thoughts were not on their mind, however, as they and Draco filled their days patronizing bars, nicking valuables, and swashbuckling through the land.\n    Cetus never questioned the debt Draco claimed he had to pay. In fact, Cetus secretly wished it was an impossible amount of money, so they never had to cease their adventuring. If only they knew the truth..."
EndingCetusGetsWorseStory,CHARACTER,Character story,可他们为什么要这么做？他们什么也没得到。为一份作废的合约拿命去赌，为一些自己并不喜欢的人，为一个只会轻视他们的帝国。这是刻托斯犯过的最大错误。\n   那就去他的吧。刻托斯不再回头，逃离了新获自由的阿斯特雷亚，一头扎进荒野深处，从此再无人见过……又或许，这才是他们最大的错误？,,"But why did they do it? They got nothing out of it. Risking life and limb for a broken contract, people who they didn't like, and an Empire that has done nothing but scorn them. It was the biggest mistake Cetus had ever made.\n   To hell with it, then. Without looking back, Cetus fled the newly freed Astrea and flung themself deep into the wilderness, never to be seen again... Or perhaps, was that their biggest mistake?"
EndingCetusLikesPeopleStory,CHARACTER,Character story,刻托斯身上有什么变了。面对新的决心，合约失败这件事甚至没在他们脑中闪过。他们曾以为自己永远找不到可以交心、共餐、共度长夜的人。可仅仅尝到一点这样的滋味，刻托斯就生出了贪得无厌的渴望。\n    于是，孤独的刻托斯、窃贼刻托斯、没出息的刻托斯，就此终结。于是，行善的刻托斯、爱热闹的刻托斯、朋友刻托斯，就此诞生。,,"Something changed in Cetus. The fact that they had failed their contract never even crossed their mind in the face of their new resolve. Once they thought they would never find anyone with which to relate, break bread, or spend long nights. But after getting just a taste of such an experience, Cetus grew an insatiable hunger for more.\n    So here marks the end of Cetus the loner, Cetus the thief, Cetus the ne're-do-well. Thus, here marks the birth of Cetus the do-gooder, Cetus the party-goer, Cetus the friend."
EndingCetusNeutralStory,CHARACTER,Character story,刻托斯一边甩开合约失败带来的刺痛，一边带着困惑的表情回望自己的旅程。他们……交到朋友了？否认了这么多年，刻托斯终于承认：世上确实有人并不想害他们。真稀奇。\n    莫非刻托斯对人的憎恶放错了地方？那么也许，他们真正的敌人是一个自己无法融入的社会——一个他们刚刚帮忙拯救的社会。\n    尽管有了这番新认识，刻托斯依然认为弊大于利，仍旧立誓离群索居。只不过，对人类境况的怨恨少了一些。钱也少了一些。,,"While shrugging off the sting of failing their contract, Cetus looked back on their journey with a puzzled expression. Did they... Make friends? After years of denial, Cetus admits that, indeed, there are people out there who aren't out to get them. Curious.\n    Might it be that Cetus's hatred for people is misplaced? Perhaps then, their real enemy is a society for which they are unfit. One they just helped save.\n    Despite this new perspective, Cetus reckons that the cons still outweigh the pros, and still vows to live in isolation. Albeit, with less resentment for the human condition. And less money."
EndingDracoAndCStory,CHARACTER,Character story,而德拉科感觉很好。不是因为他输给了加莱亚，而是因为他得到了一个同谋。既然还债的过程能这么有意思，永远欠一位神的债又有什么关系？\n    后来，德拉科不再记自己还了多少。也许他早就还清了，那也无所谓。何必毁掉一件好事？\n    他唯一确定的是，刻托斯也有同样的感觉——而这件事带给他的快乐，胜过任何一枚金币。,,"And Draco felt good. Not because he lost his bet against Galea, but because he had gained a partner in crime. Who cares if he was eternally indebted to a god, when he could have so much fun paying it off?\n    Eventually, Draco stopped tracking how much of his debt he had repaid. Perhaps he had already paid everything back, it didn't matter. Why ruin a good thing?\n    The one thing he did know is that Cetus felt the same, and that fact brought him more joy than any gold piece could."
EndingDracoAndVStory,CHARACTER,Character story,德拉科也许输掉了与加莱亚的赌局，却得到了比金钱更强大的东西：一条出路。既然维加正在打造一把能割断他诅咒之线的刀，他就不再觉得有还债的必要。他很快就能自由了。\n    维加倒是乐在其中。这项工作既棘手又独特，而他对奥术的钻研让他更懂得欣赏自然万物。至于加莱亚，对这笔交易可完全不是这么想的。唉，反正已经不是德拉科的麻烦了。,,"Draco might have lost his bet against Galea, but he had gained something more powerful than money: a way out. With Vega working on a knife to sever the strings of his curse, he no longer felt the need to pay back his debt. He would be free soon enough.\n    Vega enjoyed the work regardless. It was challenging and unique, and his delve into the arcane gave him greater appreciation for the natural world. Galea, on the other hand, felt quite differently about the arrangement. Oh well, it's not Draco's problem anymore."
EndingDracoSacrificeNobleStory,CHARACTER,Character story,那一天，德拉科感受到了一种从未料到的情绪：解脱。不是因为他还清了债，而是因为他不再在乎了。他让心软的一面赢了。与其为了钱毁掉无辜者的生活，不如自己受苦。\n    再说，这真的算是他的问题吗？如果他拒绝还债，那不就变成加莱亚被<i>他</i>缠住了，而不是反过来？反正，被拴在更糟的神身上的人多的是。,,"On that day, Draco felt something he never expected to feel: relief. Not because his debt was repaid, but because he ceased to care. He let his soft side win. Better he suffer than ruin the lives of innocents with money problems.\n    Besides, was it really his problem? If he refused to pay his debts, didn't that make Galea stuck with <i>him</i> and not the other way around? There were worse gods to be chained to, anyways."
EndingDracoSacrificeRegretStory,CHARACTER,Character story,蠢，蠢，蠢。他为什么要掺和进来？他凭什么以为一个饱受战乱的土地会把他想要的钱双手奉上？最糟的是，他除了自己无人可怪。\n    那么问题就出在这儿了吧？无私只会给他招来越来越多的麻烦，如今他困在坑里，看不清出路。\n    那一部分必须被割掉。他必须变得冷酷无情。拿陌生人的钱，总比拿朋友的钱容易得多。于是德拉科不再交朋友；他只谈利益，而他料想自己余下的人生会非常……有趣。,,"Stupid, stupid, stupid. Why did he have to get involved? Why did he think a war-torn land would hand him the money he desired? Worst of all, he had no one to blame but himself.\n    So that must be the problem then, right? Selflessness only got him into more and more trouble, and now he's stuck in a pit with no clear way out.\n    That part of him must be excised. He must become ruthless. It is much easier to take the money of a stranger than a friend. So now Draco no longer made friends; he had interests, and he figured the rest of his life would be very... Interesting."
EndingLyraQuitsStory,CHARACTER,Character story,而她结束了。与帝国结束，与她的信仰结束，与她的王室身份结束。显然，权力集中于她家族那一小撮人手中，给这片土地带来的只有毁灭。哪有帝国是统治着一片片陨石坑，而不是统治人民的？\n    于是莱拉做出了选择：她的皇室血脉随父亲一同终结，帝国也随之终结。取而代之的将是一个自由的卡登斯——一个不需要她、也不需要伪神指引的卡登斯。也许到那时，这个新的卡登斯才能迎来和平。,,"And she was done. Done with the Empire, done with her religion, and done with her royalty. Clearly, the consolidation of power into the small group that was once her family had wrought nothing but destruction to the land. What kind of an Empire rules over craters instead of people?\n    So Lyra made a choice: her Imperial lineage ended with her father, and with it, the Empire. In its place would be a free Cadens, one that did not need her, or the wisdom of a false god. Maybe then, this new Cadens would know peace."
EndingLyraRebuildsStory,CHARACTER,Character story,但新女皇面前还有更艰巨的任务：重建。没有家族的支持，也没有信仰的指引，莱拉独自扛起从废墟上重建卡登斯帝国的重担。\n    与普通人并肩作战的经历，让莱拉学到了臣民的可贵视角，也深深影响了她的统治。权力不会再集中在那么少数人手里，她的人民也不会再发不出声音。\n    但愿在这套新的统治之下，这样的浩劫永远不会再发生。,,"But an even greater task laid ahead for the new Empress: reconstruction. Without the support of her family, or the guidance of her faith, Lyra took it upon herself to rebuild Imperial Cadens from the ground up.\n    Spending time fighting alongside the common man, Lyra had learned the valuable perspective of her subjects, which greatly influenced her rule. No longer would so much power be in the hands of so few, and no more would her people go without their voices being heard.\n    Hopefully, under this new rule, a catastrophe like this would never happen again."
EndingLyraScorchedEarthStory,CHARACTER,Character story,但她没有结束。她的工作远未完成。她倾尽一生侍奉的这个帝国在她身边崩塌，自焚成灰。她绝不会让这种事再发生一次。\n    显然，有些东西必须改变。于是莱拉掌权，以女皇之身烧尽阿斯特雷亚的其余部分，再按自己的构想重建。不再有德里瓦斯托、卡登斯或高天圣庭。分裂时他们太脆弱、太无力；而团结在她之下，他们才会强大。,,"But she was not done. Her work was far from over. This Empire she had dedicated her life to fell around her, burning itself to ashes. She would not let something like this happen again.\n    Clearly, something needed to change. So Lyra took charge, and used her new position as Empress to burn the rest of Astrea down and build it in her image. No more Drivasto, Cadens, or the High Firmament. Apart they were too brittle, too weak. But together, under her, they would be strong."
EndingMaiaBecomesProudStory,CHARACTER,Character story,在暴力与喧哗之中，她最终确实找到了一个人，只不过不是她想找的那一个。玛雅终于找到了自己。\n    新的身体与人生被强加于她时，她当即拒绝了。但在看到自己所做的善事之后，玛雅终于接纳了它们。再说，她原先的身体和人生对她本来也没什么好处。\n    也许这正是她一直以来想要的，只是找不到合适的思绪去理解。,,"In the midst of the violence and spectacle, she did end up finding someone, but not the person she wanted to find. Maia had finally found herself.\n    Since her new body and life were thrust upon her, she immediately rejected them. But upon seeing the good that she had done, Maia finally came to accept them. Besides, her old body and life weren't doing anything for her anyways.\n    Perhaps this is what she had wanted all along, but could not find the right thoughts to understand."
EndingMaiaGivesUpStory,CHARACTER,Character story,那么，她找到了什么？只有暴力。只有更多想控制她的人。只有更深的绝望。最糟的是，她甚至找不到结束这场寻找的办法。\n    有什么意义呢？她又甩不掉继续寻找的那股冲动。也许有一天，玛雅会把自己逼进一个太过危险的境地，那时她终于能得到渴望已久的了结。\n    在那之前，她继续游荡。\n    独自一人。,,"So, what did she find? Nothing but violence. Nothing but more people trying to control her. Nothing but more despair. Worst of all, she couldn't even find a way to end her search.\n    What's the point? It's not like she can shake the compulsion to keep searching. Maybe one day Maia will find herself in a situation too dangerous for her and she will finally find the resolution she craves.\n    Until then, she wanders.\n    Alone."
EndingMaiaNeutralStory,CHARACTER,Character story,那么她完成寻找了吗？可以说，算是部分完成。玛雅找到的不是某个人，而是某<i>样</i>东西：对生命的珍视。\n    通过善行与友善的交谈，她得以片刻抗拒那永无止境的寻找的召唤，造出一瞬的极乐。\n    遗憾的是，她觉得自己仍被诅咒着。被操纵的身体与被操纵的心智，都算不上活着，所以她继续寻找。不只是找那个人，也是在找一条让自己脱离这具木质「牢笼」的路。,,"So did she finish her search? Somewhat, one might say. Maia did not find someone, but rather some<i>thing</i>: an appreciation for life.\n    Through her good deeds and friendly chats, she was able to resist the call of her never-ending search for a moment, creating a fleeting bliss.\n    Unfortunately, she is still cursed, she feels. A puppeted body and a puppeted mind is no way to live, so she searches on. Not just for the person, but a way to free herself from her wooden 'prison'."
EndingSolOnlyStory,CHARACTER,Character story,索尔完成了他的圣战。回到许珀里翁教团后，他因做到了旭日史上无人能及之事而备受尊崇：扼杀一位敌对的神明。他被奉为圣人。\n    然而义者无休，因为这只是一段漫长生涯的开端——之后是斩下无数亵渎者的头颅、屠戮无数罪人。有人或许会想，比起一个重获新生的许珀里翁教团，星尘的蔓延说不定反而是一个更少死亡的未来。,,"Sol finished his crusade. Upon return to the Hyperion Order, he was revered for doing something no one else in the history of the rising sun managed to do: snuff out a rival god. He was revered as a saint.\n    However, there is no rest for the righteous, as this only marked the beginning of a long career of beheading blasphemers and slaughtering sinners. Some might have wondered, in a way, if the proliferation of the Stardust might have been a less deadly future than a newly invigorated Hyperion Order."
EndingStoryEnd,CHARACTER,Character story,人们不禁要想，如果当初是另一群野心勃勃的冒险者踏入迷雾，又会怎样。唉，如今已无所谓了，毕竟星尘已经永远消失了……对吧？,,"One wonders what might have happened if a different group of ambitious adventurers took the plunge into the fog. Alas, it doesn't matter now, since the Stardust is gone for good... Right?"
EndingStoryStart,CHARACTER,Character story,星辰的破碎似乎令星尘消散，露出一片心智破碎、帝国倾颓的土地。这是一段艰苦的旅程，但<CharName>做了必须做的事。,,"The shattering of the Star seemed to dissipate the Stardust, revealing a land of broken minds and fallen empires. It was a harsh journey, but <CharName> did what had to be done."
EndingVegaFailsButFeelsBadStory,CHARACTER,Character story,尽管如此，维加还是失败了。他什么也没学到，只带着更多疑问和灰头土脸的羞愧离开阿斯特雷亚。他哪有脸这样回到学院？\n    他没有回去。他把自己关在满是灰尘的房间里，为过错痛苦挣扎，一次又一次想要纠正它们。可他怎么纠正得了？反复翻看残缺的旧笔记，翻到一定次数，虚空的呼唤就会找上你。,,"Despite everything, Vega had failed. He learned nothing, and left Astrea with only more questions and his tail between his legs. How could he return to the College with such shame?\n    He didn't. Instead, he spent his remaining days locking himself in a dusty room agonizing over his mistakes, trying again and again to correct them. But how could he? There is only so many times you can go over old, incomplete notes before the call of the void takes you."
EndingVegaFailsButFeelsGoodStory,CHARACTER,Character story,尽管没能找到解药、也没能扬名立万，维加离开阿斯特雷亚时脸上却挂着满足的微笑。为什么不呢？他学到了比任何医学知识都重要的东西——人生是一场马拉松，不是短跑。\n    回到学院，维加做好了被同僚责备的准备，没想到迎接他的只有赞誉。他是唯一一个有勇气接下不可能任务的人，而这种特质只属于最优秀、最杰出的人。,,"Despite failing his goal of finding a cure and making a name for himself, Vega left Astrea with a satisfied smile on his face. Why would he not? He learned something more important than any medical knowledge- that life was a marathon, not a race.\n    Returning to the College, Vega braced himself for admonishment from his peers, but to his surprise he received nothing but praise. He was the one soul brave enough willing to tackle an impossible task, a trait reserved only for the best and brightest."
EndingVegaSucceedsStory,CHARACTER,Character story,在得知星尘的真实本质之后，维加用余生在学院里一丝不苟地试图揭开它的秘密。他越出了医学的疆界，打开了奥术的潘多拉魔盒，走上了一条从未设想过的道路。\n    这带来一个始料未及的副作用：他因此分了心，背离了当初扬名立万的初衷……但维加的鼻子埋得太深，根本没注意到。,,"After learning the true nature of the Stardust, Vega spent his remaining years in the College fastidiously attempting to uncover its secrets. Beyond the realm of medicine, Vega opened the Pandora's Box of the arcane, leading him down a path he never imagined himself walking.\n    This had the unforeseen side-effect of distracting him from his studies, going against his original goal of making a name for himself... But Vega's nose was buried too deep inside his clandestine grimoires for him to notice."
EnemyLeaderName1,CHARACTER,Name for a strong enemy,星盲,,Starblind
FighterMilitia_1,CHARACTER,Character name,卡多,,Cador
FighterMilitia_1Blurb,CHARACTER,Character story,卡多不确定自己的运气算极好还是极坏。他一直想参与一场史诗般的战役，搏一次荣耀，却又怀疑自己的能力，四处寻求一切能得到的帮助。按说这种犹豫不决会让他成为星盲症的完美牺牲品，可不知为何它似乎总是绕着他走。,,"Cador is not sure he has extraordinarily good or bad luck. He always wished to participate in an epic battle and a chance at glory, but he is second-guessing his ability and is looking for all the help he can get. Normally, this indecision would make him the perfect victim of Starblindness, but for some reason it always seems to escape him."
FighterMilitia_1Recruit,CHARACTER,Character story,我不知道自己能不能帮上忙，但我会尽力。,,"I don't know if I can be of help, but I'll try."
FighterMilitia_2,CHARACTER,Character name,加雷斯,,Gareth
FighterMilitia_2Blurb,CHARACTER,Character story,帝国战士在卡登斯军中通常地位很低，但眼看星尘蹂躏自己的家乡，加雷斯没法袖手旁观。尽管离家已久，他仍迫切地想尽力保护故乡的村庄免于这场外来的威胁。,,"Imperial Warriors normally rank quite low in the hierarchy of the Cadens army, but Gareth could not let himself stand idly by as the Stardust ravages his home. Despite being away for quite some time, he is desperate to do what he can to prevent his home village from this external threat."
FighterMilitia_2Recruit,CHARACTER,Character story,为了我的帝国和家乡，什么都行。,,Anything for my Empire and home.
FighterMilitia_3,CHARACTER,Character name,玛丽亚,,Maria
FighterMilitia_3Blurb,CHARACTER,Character story,玛丽亚在一对一交锋中从未尝过败绩，也没打算很快开始。她曾属于一支常被德里瓦斯托雇佣的佣兵团，时不时去「解决」与卡登斯帝国的小规模边境争端。天塌之前不久生意正日渐萧条，所以她希望自己的名声能抬高开价……当然，等一切恢复正常之后。,,"Maria has never once known defeat in single combat, and doesn't plan to start anytime soon. She was once part of a band of mercenaries frequently hired by Drivasto to 'settle' minor border disputes with Imperial Cadens from time to time. Business was running dry shortly before the sky fell, so she hopes her reputation can drive up her prices... Once things are back to normal, of course."
FighterMilitia_3Recruit,CHARACTER,Character story,我的价码一向很高，不过这次可以破例。,,"My rate is normally quite high, but I can make an exception."
FighterMilitia_4,CHARACTER,Character name,克莱,,Clay
FighterMilitia_4Blurb,CHARACTER,Character story,克莱小时候被遗弃在森林里，由狼群抚养长大，成了强大的战士……这是他们逢人便说的版本。真正让他们羞于启齿的是，他们其实有个相当善良体贴的家庭，教了他们贵族式的剑术。总有一天他们会明白，那才是更值得骄傲的事。,,"At a young age, Clay was abandoned in the woods and left to be raised by wolves, who reared them into a powerful warrior... Is what they'd tell everyone, embarrassed that they actually had quite the kind and supportive family who taught them noble-esque swordsmanship. One day they'll learn how much more that is to be proud of."
FighterMilitia_4Recruit,CHARACTER,Character story,我不想再当独狼了，让我加入你的狼群。,,"I'm done being the lone wolf, I'll join your pack."
FighterMilitia_5,CHARACTER,Character name,布莱恩,,Bryan
FighterMilitia_5Blurb,CHARACTER,Character story,布莱恩平时喜欢从基本原理上弄清事情，但他觉得这个问题最好用剑锋来解决。也许有一天他会走上学术之路，但眼下，能为同伴当盾牌让他感到自豪。,,"Bryan is normally one to try to figure things out at their fundamentals, but he figures this problem is best solved with the sharp end of a sword. Perhaps one day he will be destined for academia, but for now finds pride in being his allies' shield."
FighterMilitia_5Recruit,CHARACTER,Character story,好，从哪儿开始？,,"Alright, where should I start?"
FighterMilitia_6,CHARACTER,Character name,赫特雅,,Hetja
FighterMilitia_6Blurb,CHARACTER,Character story,一位勇敢高贵的英雄，踏上讨伐大恶的旅程。赫特雅习惯了身陷陌生境地，但这一次实在离谱：自己怎么到这儿来的？为什么变成这副模样？尽管如此，赫特雅依然平静。他们知道自己很快就会回到来处——毕竟死亡从来没能把他们困住。,,"A brave and noble hero on a quest to vanquish a great evil. Hetja is used to finding themselves in unfamiliar situations but this one takes the cake. How did they get here? Why do they look like this? Despite this, Hetja is calm. They know they will return to whence they came soon, as death has never been a force that has kept them down."
FighterMilitia_6Recruit,CHARACTER,Character story,……在找……她……,,…Looking… For Her…
FinalBoss,CHARACTER,Name for the final boss - a dead god,阿斯特的遗骸,,Aster's Corpse
FinalBossBlurb,CHARACTER,Story premise for Sagittaire,神明死去之时，会发生什么？,,What happens when a God dies?
Galea,CHARACTER,Name for a hero character,加莱亚,,Galea
Grunt,CHARACTER,Name for a basic enemy,教团信徒,,Acolyte
GruntRecruit,CHARACTER,Brainwashing the enemy,我的……朋友……,,My... Friend...
KnightMilitia_1,CHARACTER,Character name,伊索尔德,,Isolde
KnightMilitia_1Blurb,CHARACTER,Character story,伊索尔德之所以还没被星尘夺走，全靠她那股永不熄灭的怒火。她实在太愤怒了，根本死不了。只要有人挡路，她就抓住一切机会砸碎对方的脑袋，也欢迎别人加入她的旅程。,,"The only reason Isolde has not been taken by the Stardust is her ever-burning rage. She is simply too angry to die. She will take any opportunity to bash the skulls in of anyone who gets in her way, and welcomes others to join her on her journey."
KnightMilitia_1Recruit,CHARACTER,Character story,我要把他们全杀光！,,I WILL KILL THEM ALL!
KnightMilitia_2,CHARACTER,Character name,达娜,,Dana
KnightMilitia_2Blurb,CHARACTER,Character story,达娜巴不得自己身在别处。她一直暗自羡慕众神的神秘色彩，而这位神的陨落彻底击碎了她的幻想。尽管如此，她仍怀念为帝国做边境巡逻的那些夜晚——相对太平的日子让她可以尽情仰望星空。也许她战斗的意志源自对旧日时光的眷恋，尽管她知道一切都再也回不去了。,,"Dana so very wishes she was anywhere but here. She has always been secretly jealous of the mystique of the Gods, and the falling of this one shattered her illusions quite thoroughly. Nonetheless, she remains nostalgic for the nights she was on border patrol for the Empire, as the relative peace allowed her to stargaze endlessly. Perhaps her will to fight comes from a yearning to take back those old days, though she knows it will never be the same."
KnightMilitia_2Recruit,CHARACTER,Character story,神啊，就让一切回到从前吧。,,"Gods, just let this all return to the way it was."
KnightMilitia_3,CHARACTER,Character name,多里安,,Dorian
KnightMilitia_3Blurb,CHARACTER,Character name,多里安完全不知道发生了什么。他来这里只是为了吃的。,,Dorian has no idea what's going on. He's only here for the food.
KnightMilitia_3Recruit,CHARACTER,Character name,我完全不知道发生了什么。,,I have no idea what's going on.
KnightMilitia_4,CHARACTER,Character name,邓肯,,Duncan
KnightMilitia_4Blurb,CHARACTER,Character story,在其他人眼里，星辰坠落那天是人生中最糟的一天。对邓肯来说，那只是个普通的星期二。邓肯走遍世界，见过战争、屠杀，也见过他根本无从描述的现象。尽管阅历如此丰富，他已经很久没上过战场了。虽然年纪不饶人，他却觉得自己很快就能追上、甚至超越其他人。,,"To everyone else, the day the Star fell was the worst day of their lives. To Duncan, it was Tuesday. Duncan has been around the world, he has seen wars, massacres, and phenomena he cannot even begin to describe. Despite having so much experience, it's been a while since he's seen action. Despite his age catching up to him, he feels like he'll be able to catch up to, and surpass, others in no time."
KnightMilitia_4Recruit,CHARACTER,Character story,更糟的我都见过，走吧。,,"I've seen worse, let's go."
KnightMilitia_5,CHARACTER,Character name,阿利斯泰尔,,Alistair
KnightMilitia_5Blurb,CHARACTER,Character story,阿利斯泰尔是个爱吹牛的家伙，在酒馆里用他那些勇敢与骑士精神的故事把所有人唬得一愣一愣。只不过……他的故事没有一个是真的。他其实几乎什么都做不了。嗯，他想，现在正是让那些故事成真的好时机。,,"Alistair is a hot-shot, impressing everyone in the tavern with his tales of bravery and chivalry. Except... None of his stories are true. He actually can't really do much at all. Well, he guesses now is a good a time as any to actually live his tales."
KnightMilitia_5Recruit,CHARACTER,Character story,咱们是要敲人脑袋吗？<size=75%>那样会死人的，对吧？</size>,,"Are we crackin' skulls? <size=75%>That kills people, right?</size>"
KnightMilitia_6,CHARACTER,Character name,赫特雅,,Hetja
KnightMilitia_6Blurb,CHARACTER,Character story,一位勇敢高贵的英雄，踏上讨伐大恶的旅程。赫特雅习惯了身陷陌生境地，但这一次实在离谱：自己怎么到这儿来的？为什么变成这副模样？尽管如此，赫特雅依然平静。他们知道自己很快就会回到来处——毕竟死亡从来没能把他们困住。,,"A brave and noble hero on a quest to vanquish a great evil. Hetja is used to finding themselves in unfamiliar situations but this one takes the cake. How did they get here? Why do they look like this? Despite this, Hetja is calm. They know they will return to whence they came soon, as death has never been a force that has kept them down."
KnightMilitia_6Recruit,CHARACTER,Character story,……在找……她……,,…Looking… For Her…
Locked,CHARACTER,Stand-in for the name of a character the player has not unlocked yet,未解锁,,Locked
Lyra,CHARACTER,Name for a hero character,莱拉,,Lyra
LyraAniaraSecondaryStory,CHARACTER,Character motivations,正要登船时，莱拉被一个女人粗鲁地打断——她推开所有卫兵径直走过。被拦住时，那女人向莱拉保证，她不仅来帮忙，而且会比任何人都帮得更好。,,"As she was about to board her ship, Lyra was rudely interrupted by a woman brushing past all her guards. When confronted, the woman assured Lyra than not only was she here to help, but she would help better than anyone else would."
LyraAzhaSecondaryStory,CHARACTER,Character motivations,莱拉在她即将启航的港口对面，看见一位佩戴勋章的德里瓦斯托骑士。听到这位骑士恳求帮助自己的故乡，莱拉觉得自己遇到了同道中人，便欢迎她上船。,,"Lyra spotted a decorated Drivastan knight across the port she was about to embark from. Hearing the knight's please to help her homeland, Lyra figured she had found a kindred spirit, so she welcomed her aboard."
LyraBlurb,CHARACTER,Character description,作为阿斯特雷亚卡登斯帝国的王位继承人，莱拉因出使在外而躲过了坠星之灾。尽管身为帝国战法师实力不俗，但在领导与解决问题上，她始终依赖自己的贵族家族。,,"Next in line to the Throne of Imperial Cadens of Astrea, Lyra was spared from the Fallen Star while away on a diplomatic mission. Despite her strength as an Imperial Battlemage, she is ever-reliant on her noble family when it comes to matters of leadership and problem solving."
LyraCetusSecondaryStory,CHARACTER,Character motivations,就像从暗处浮现的幽灵，一张友善的面孔突然出现，问莱拉要去哪里。原来这位陌生来客也要回到那座遭星灾之岛上的家人身边。她必须帮他，这是她的职责。,,"Like a phantom emerging from the shadows, a friendly face suddenly appears and asks Lyra where she is headed. It turns out this stranger-turned-passenger is also trying to return to their family on the star-stricken isle. She must help them, it is her duty."
LyraDracoSecondaryStory,CHARACTER,Character motivations,登船时，她遇到一个魅力无穷的男人，承诺能提供远超她想象的助力。想到岛上可能有什么在等着她，她立刻邀请他上船。任何帮助都欢迎。,,"While boarding her ship, she came across a man who was boundlessly charming, promising assistance beyond her wildest dreams. Afraid of what might greet her on the isle, she promptly invited him aboard. Any help is welcome."
LyraLeaderStory,CHARACTER,Character motivations,「再说，」她想，「只要回到父亲身边，我们就能一劳永逸地把事情扳回正轨。」,,"'Besides', she thinks, 'Once I reach my father's side, we can set things right once and for all'."
LyraMaiaSecondaryStory,CHARACTER,Character motivations,莱拉匆匆穿过港口，差点被一个怯生生的女孩绊倒——那女孩正在找去阿斯特雷亚的办法。女孩说自己是去岛上找人，莱拉认为出手相助是自己的贵族职责，便带上了她。,,"Rushing through the port, Lyra almost tripped over a meek girl looking for a way to get to Astrea. The girl claimed she was looking for someone on the island, which Lyra considered it her noble duty to help, so she brought her along."
LyraSolSecondaryStory,CHARACTER,Character motivations,途中，莱拉不禁注意到一个男人身上散发着强烈的气场，他坚决要帮助任何人对抗那神秘的威胁。起初她还有些不安，但最终认定：敌人的敌人就是朋友。,,"On her way, Lyra could not help but notice an intense aura emanating from a man very determined to help anyone fight against the mysterious threat. Initially uneasy, she concludes any enemy of her enemy is her friend."
LyraStoryLoss,CHARACTER,Character losing,莱拉再也没能回到家人身边，也始终不知道他们的真实境况。最终她的姓氏湮没于历史，她的帝国如风中尘埃般消散。,,"Lyra never returned to her family and never got to know of their true state. Eventually her family name was lost to history, and her Empire faded away like dust in the wind."
LyraTeamName,CHARACTER,Lyra's team name,星辰的继承者,,Heir to the Stars
LyraVegaSecondaryStory,CHARACTER,Character motivations,出港途中，莱拉觉得自己撞上了好运：一个身穿学者服饰的男人正想方设法挤上任何驶往阿斯特雷亚的船。她决定带上他——任何帮助都欢迎。,,"On her way out of port, Lyra strikes what she sees as good fortune: a man in academic adornment trying to force his way onto any ship sailing for Astrea. She shall take him along, any help is welcome."
MageMilitia_1,CHARACTER,Character name,凯尔,,Kell
MageMilitia_1Blurb,CHARACTER,Character name,凯尔曾以为自己是那个要改变世界的人。在一切急转直下之前，他正在组建一支叛军，打算潜入帝国首都，一举推翻王室。一方面，这次事件也许终于能实现他的目标；另一方面，他宁愿那是自己亲手做的。,,"Kell thought he was the one that was going to change the world. Before everything went south, he was putting together a team of rebels to infiltrate the Imperial capital and take down the Royal Family once and for all. On one hand, this event might finally accomplish his goal. On the other hand, he wishes he did it himself."
MageMilitia_1Recruit,CHARACTER,Character name,我可以信你，对吧？你也可以信我。,,"I can trust you, right? You can trust me."
MageMilitia_2,CHARACTER,Character name,戴尔,,Dyer
MageMilitia_2Blurb,CHARACTER,Character name,巧合的是，戴尔当时正要揭开众神及其力量的一桩可怕秘密。帝国高层肯定在密谋什么——星辰偏偏坠落在这里，绝不可能是巧合。起初他为研究被打断而失望，后来转而觉得，这是一生一次直面神明的机会。,,"Coincidentally, Dyer was just about to uncover a hideous secret about the Gods and their powers. The Imperial powers were up to something, surely, it can't be a coincidence the star fell here of all places. Initially disappointed his research was interrupted, he's come around to the idea that this is a once-in-a-lifetime opportunity to stare a God in the face."
MageMilitia_2Recruit,CHARACTER,Character name,这事绝不像表面看起来那么简单，我知道！,,"There is more to this than meets the eye, I know it!"
MageMilitia_3,CHARACTER,Character name,杰西卡,,Jessica
MageMilitia_3Blurb,CHARACTER,Character story,杰西卡早就等不及要冲出那间无聊的老书房，朝坏人甩法术了。终于，终于！学魔法如果不能真把人炸飞，那还有什么意义？,,"Jessica could hardly wait to burst out of her boring old study to start slinging spells at some bad guys. Finally, finally! What's the point of learning how to cast magic if you can't blow someone up for real?"
MageMilitia_3Recruit,CHARACTER,Character story,你想让我把谁炸飞？别客气。,,Who do you want me to blow up? Don't be shy.
MageMilitia_4,CHARACTER,Character name,迈克尔,,Michael
MageMilitia_4Blurb,CHARACTER,Character story,迈克尔觉得自己想做这件事。可真的是吗？他觉得自己应该做，但也许并不该。这有点压力，可这很重要，他想。他总得把本事用在什么地方，对吧？如果他干脆离开、去过更简单的日子，会有关系吗？他会允许自己那么做吗？,,"Michael thinks he wants to do this. Or does he? He thinks he should, but perhaps he shouldn't. It's a little stressful, but it's important, he thinks. He's gotta use his skills for something, right? Would it matter if he just left and lived a simpler life? Would he let himself?"
MageMilitia_4Recruit,CHARACTER,Character story,好，接下来交给我。,,"Okay, I can take it from here."
MageMilitia_5,CHARACTER,Character name,拉维妮娅,,Lavinia
MageMilitia_5Blurb,CHARACTER,Character story,笑着撑过去就好，别让他们看出你心里在崩溃，拉维妮娅这么想着。如果所有人都觉得你害怕，他们就会杀了你！只要显得冷静自若，他们就不会来招惹你。一边笑一边杀人，看起来就很正常，对吧？,,"Just smile through it, don't let them know you're freaking out inside, Lavinia thinks. If everyone thinks you're scared, they'll kill you! Just seem cool and collected, then they won't mess with you. Smiling while killing makes you look sane, right?"
MageMilitia_5Recruit,CHARACTER,Character story,当然！我可喜欢这儿了！哈哈！,,Of course! I love it here! Haha!
MageMilitia_6,CHARACTER,Character name,赫特雅,,Hetja
MageMilitia_6Blurb,CHARACTER,Character story,一位勇敢高贵的英雄，踏上讨伐大恶的旅程。赫特雅习惯了身陷陌生境地，但这一次实在离谱：自己怎么到这儿来的？为什么变成这副模样？尽管如此，赫特雅依然平静。他们知道自己很快就会回到来处——毕竟死亡从来没能把他们困住。,,"A brave and noble hero on a quest to vanquish a great evil. Hetja is used to finding themselves in unfamiliar situations but this one takes the cake. How did they get here? Why do they look like this? Despite this, Hetja is calm. They know they will return to whence they came soon, as death has never been a force that has kept them down."
MageMilitia_6Recruit,CHARACTER,Character story,……在找……她……,,…Looking… For Her…
Maia,CHARACTER,Name for a hero character,玛雅,,Maia
MaiaAniaraSecondaryStory,CHARACTER,Character motivations,玛雅不明白这个气势逼人的女人为什么这么执着于她。女人说会帮她找到那个特定的人，但她觉得这底下藏着别的动机。,,"Maia doesn't understand why this imposing woman is so drawn to her. The woman says she will help Maia find her certain someone, but she feels that there is an ulterior motive hidden beneath."
MaiaAzhaSecondaryStory,CHARACTER,Character motivations,玛雅怎么都甩不掉那位在她身边殷勤照料的老骑士。她忍不住承认自己在找某个人，而这似乎让这位老兵把她的任务当成了自己的事。,,"Maia can't do anything to shake the old knight fawning over her. She couldn't help but admit that's looking for a certain someone, and that seems to have caused this veteran to take her up on her mission."
MaiaBlurb,CHARACTER,Character description,作为一位傀儡大师的女儿，玛雅追随父亲的脚步，亲手制作了人形的人偶。她更愿意躲在他们身后与人打交道，因为她连和自己都难以交谈。,,"As the daughter of a master puppeteer, Maia has followed in her father's footsteps by building her own human-like marionettes. She much prefers to hide behind them to deal with people, as she has trouble talking to anyone, even herself."
MaiaCetusSecondaryStory,CHARACTER,Character motivations,玛雅松了口气：帮她找到去阿斯特雷亚的船的人，似乎除了自己谁都不关心。但愿他们别把她寻找某人的执念误当成真正的情感。,,Maia feels relief that the person helping her find passage to Astrea doesn't seem to care about anything but themself. Hopefully they don't mistake her compulsion to find a certain someone as a true feeling.
MaiaDracoSecondaryStory,CHARACTER,Character motivations,不行，她必须抗拒。港口这个男人太像……<i>他</i>了。玛雅被拉扯向两个方向：她的心完全不想理会这个在港口试图讨好她的人，可那股执念却让她无法抗拒地被吸引过去。而他偏偏声称会帮她找到某个人。,,"No, she must resist. This man at port is too much like... <i>him</i>. Maia is pulled in two directions as her heart wants nothing to do with the man attempting to charm her at port, but her compulsion feels too drawn to him to resist. He claims he'll help her find a certain someone, unfortunately."
MaiaLeaderStory,CHARACTER,Character motivations,玛雅只希望，等他们上岸之后，自己能终于被彻底放过。,,"Maia just wishes that, once they reach shore, she will be left alone once and for all."
MaiaLyraSecondaryStory,CHARACTER,Character motivations,也许这位贵族能帮上忙，玛雅在港口看到一位佩戴勋章的战法师时这么想。她不习惯与王室相处，可那股执念太强，让她没法不去请求公主帮忙找人。,,"Maybe this noble can help, Maia thinks as she spots a decorated Battlemage at port. She isn't used to being around royalty, but her compulsion is too strong to not ask the Princess for helping finding a certain someone."
MaiaSolSecondaryStory,CHARACTER,Character motivations,这男人太强了，这男人太疯了。港口这个男人，也许正是玛雅无法抗拒地想要踏上那趟通往地狱的单程旅行的完美同伴。,,"This man is too strong, this man is too crazy. This man at port might be the perfect companion on a one-way trip to hell Maia can't help but feel compelled to visit."
MaiaStoryLoss,CHARACTER,Character losing,玛雅咽下最后一口气时，脸上浮现出一抹奇异的满足微笑。她其实从来就不想找到任何人。,,A strange smile of satisfaction stretches across Maia's face as she drew her last breath. She never really wanted to find anyone after all.
MaiaTeamName,CHARACTER,Maia's team name,人偶，人偶,,"Marionette, Marionette"
MaiaVegaSecondaryStory,CHARACTER,Character motivations,医生是玛雅最不想同行的人，但看起来她也没多少选择。也许上岸之后很快就能分开——只要他别对帮她找人这件事太感兴趣。,,"A doctor is the last thing Maia wants to travel with, but it doesn't look like she has much of a choice. Maybe they can separate shortly after reaching shore, so long as he doesn't get too interested in helping her find a certain someone."
MonkMilitia_1,CHARACTER,Character name,盖尔,,Gael
MonkMilitia_1Blurb,CHARACTER,Character story,盖尔一向喜欢抹去自己的行踪，每隔几年就想把自己的过往擦干净。他真的叫「盖尔」吗？他一直都是武僧吗？他来自德里瓦斯托、卡登斯帝国，还是别处？他真的忠于这位领袖吗？如果这一切莫名其妙地让他躲过了星盲症，那又有什么关系呢？,,"Gael has always liked to hide his tracks, attempting to erase his history every couple years. Is his name really 'Gael'? Has he always been a Monk? Is he from Drivasto, Imperial Cadens, or elsewhere? Is he really loyal to this leader? Does it really matter if all this has somehow allowed him to escape Starblindness?"
MonkMilitia_1Recruit,CHARACTER,Character story,就这一次，之后就消失。,,"Just this once, then I'm gone."
MonkMilitia_2,CHARACTER,Character name,科马克,,Cormac
MonkMilitia_2Blurb,CHARACTER,Character story,科马克的梦想一直是在乡下找个地方安顿下来，当个抄书人，在宁静的田园里安安稳稳地写字度日。在星尘之下，这样的抱负绝无可能实现，所以他觉得这问题只有一个解法：把这一切都清除掉。,,"Cormac's dream was always to settle down in some rural abode and become a scribe, spending his time peacefully scribbling away in the serene countryside. Such an ambition is impossible to accomplish within this Stardust, so there's only one solution to that problem he figures: get rid of it all. "
MonkMilitia_2Recruit,CHARACTER,Character story,我们就不能找个安静的好地方歇一歇吗？……好吧。,,Can't we just find a nice and quiet place to rest? ...Fine.
MonkMilitia_3,CHARACTER,Character name,玛德琳,,Madeline
MonkMilitia_3Blurb,CHARACTER,Character story,玛蒂<i>才</i>刚开始搞懂「人生」这回事，这该死的世界就要完蛋了。算了吧，也许这就是一种成年礼？就像每个人到了青春期都得跟一个黑暗教团打一场游击战一样。,,"Maddy was <i>just</i> starting to figure out this whole 'life' thing before the whole godsdamned world had to end. Oh well, maybe this is just a right of passage? Like, everyone has to fight guerilla warfare against against a dark cult, like puberty."
MonkMilitia_3Recruit,CHARACTER,Character story,非去不可吗？,,Do I have to?
MonkMilitia_4,CHARACTER,Character name,盖伊,,Guy
MonkMilitia_4Blurb,CHARACTER,Character story,盖伊什么都无所谓。在修道院里修习正念？很好。屠杀那个想占据他土地的教团？也行。帮这些所谓的「英雄」理清明显属于私人问题的纠结？盖伊觉得挺好。,,Guy's cool with just about anything. Practising mindfulness at the monastery? Great. Slaughtering the cult trying to take over his land? Sure. Helping these so-called 'heroes' work through what is clearly personal problems? Sounds good to Guy.
MonkMilitia_4Recruit,CHARACTER,Character story,行啊，听起来不错。,,"Yeah sure, sounds good."
MonkMilitia_5,CHARACTER,Character name,亚历克斯,,Alex
MonkMilitia_5Blurb,CHARACTER,Character story,亚历克斯其实从没想过要当武僧，他们一直梦想成为世界级的武术家。遗憾的是，他们从来没有这方面的天赋，不过强大的心智也算是一种慰藉。也许有一天他们能像那些高手一样挥拳，但他们想，在战场上，为了活命用什么手段其实都无所谓。,,"Alex never actually wanted to be a Monk, instead they always dreamed of being a world-class martial artist. Unfortunately, they never had the aptitude for it, but still found solace in having a strong mind. Maybe one day they'll throw blows like the greats, but they figure on the battlefield, it doesn't really matter what you do to survive."
MonkMilitia_5Recruit,CHARACTER,Character story,乐意效劳。,,Happy to help.
MonkMilitia_6,CHARACTER,Character name,赫特雅,,Hetja
MonkMilitia_6Blurb,CHARACTER,Character story,一位勇敢高贵的英雄，踏上讨伐大恶的旅程。赫特雅习惯了身陷陌生境地，但这一次实在离谱：自己怎么到这儿来的？为什么变成这副模样？尽管如此，赫特雅依然平静。他们知道自己很快就会回到来处——毕竟死亡从来没能把他们困住。,,"A brave and noble hero on a quest to vanquish a great evil. Hetja is used to finding themselves in unfamiliar situations but this one takes the cake. How did they get here? Why do they look like this? Despite this, Hetja is calm. They know they will return to whence they came soon, as death has never been a force that has kept them down."
MonkMilitia_6Recruit,CHARACTER,Character story,……在找……她……,,…Looking… For Her…
MyrmidonMilitia_1,CHARACTER,Character name,塔莉娅,,Thalia
MyrmidonMilitia_1Blurb,CHARACTER,Character story,塔莉娅会告诉你，她的眼睛是在一场为世界而战的史诗战役中受伤的；但真相是某个平静的傍晚她狠狠摔了一跤。她一直为自己至今平庸的人生感到羞愧，如今终于有机会证明自己，成为她一直向往的灵巧斥候。,,"Thalia will tell you she injured her eye in an epic battle for the sake of the world, but she really lost it after a nasty trip one peaceful evening. Always embarrassed at how boring her boring her life has been so far, she finally has the chance to prove herself as the skilled Scout she always wanted to be. "
MyrmidonMilitia_1Recruit,CHARACTER,Character story,终于，终于！我可以向全世界证明自己了！,,"Finally, finally! I can prove myself to the world!"
MyrmidonMilitia_2,CHARACTER,Character name,布丽吉特,,Bridget
MyrmidonMilitia_2Blurb,CHARACTER,Character story,一向相当内敛的布丽吉特，始终挣扎着想成为她心目中那个能打动帝国战法师公主的英雄。也许正是这份对莱拉的仰慕，把她从星盲症的深渊里拉了出来，推上了前线。,,"Bridget, usually quite reserved, has always struggled to be act the hero she imagined would impress the Empire's Battlemage princess. This admiration for Lyra may have been the sole motivation to pull her out of the throes of Starblindness and into the front lines."
MyrmidonMilitia_2Recruit,CHARACTER,Character story,我——我不确定自己行不行……但我必须向公主证明自己。,,I- I'm not sure I can... but I must prove myself to my Princess.
MyrmidonMilitia_3,CHARACTER,Character name,文,,Vin
MyrmidonMilitia_3Blurb,CHARACTER,Character name,这是文第一次敢拿起刀剑。作为一名幸存者，她别无选择只能反击。另一个选项是面对虚无。她想，这选择很容易，而且她似乎还挺有天分。,,"This is the first time Vin has ever dared to pick up the blade. As a survivor, she has no choice but to fight back. The other option is to face oblivion. Easy choice, she figures, and she seems to have a knack for it."
MyrmidonMilitia_3Recruit,CHARACTER,Character name,不知道自己凭什么配得上这一切，但我收下了。,,"Not sure what I've done to deserve this, but I'll take it."
MyrmidonMilitia_4,CHARACTER,Character name,艾什,,Ash
MyrmidonMilitia_4Blurb,CHARACTER,Character story,艾什从不喜欢成为众人瞩目的焦点，这让他们非常适合当斥候。某种意义上，战争让他们比从前住在繁华市中心那间拥挤的房子里时更加与世隔绝。如今他们可以待在敌我战线的外侧。嗯，在杀戮间隙感觉还不错。,,"Ash never liked being the centre of attention, making them very fit to be a Scout. In a way, war allows them to be more isolated than they ever were in a cramped house in the centre of a busy city. Now they can be on the outskirts of both enemy and ally lines. Well, it's nice in-between all the killing."
MyrmidonMilitia_4Recruit,CHARACTER,Character story,好，只要时不时让我溜开一会儿就行。,,"Okay, as long as you let me sneak away from time to time."
MyrmidonMilitia_5,CHARACTER,Character name,妮拉,,Nera
MyrmidonMilitia_5Blurb,CHARACTER,Character story,妮拉的技巧只有她的决心能盖过。这帮教团信徒以为自己是谁，敢这样闯进她的家乡？她从没见过他们，如今她想让他们只看见她的鞋底。,,"Nera's skill is outshined only by her determination. Who do these cultists think they are bursting into her homeland like this? She's never seen them before, and now she wants them to see only the bottom of her shoe."
MyrmidonMilitia_5Recruit,CHARACTER,Character story,不用你说第二遍。,,You don't have to tell me twice.
MyrmidonMilitia_6,CHARACTER,Character name,赫特雅,,Hetja
MyrmidonMilitia_6Blurb,CHARACTER,Character story,一位勇敢高贵的英雄，踏上讨伐大恶的旅程。赫特雅习惯了身陷陌生境地，但这一次实在离谱：自己怎么到这儿来的？为什么变成这副模样？尽管如此，赫特雅依然平静。他们知道自己很快就会回到来处——毕竟死亡从来没能把他们困住。,,"A brave and noble hero on a quest to vanquish a great evil. Hetja is used to finding themselves in unfamiliar situations but this one takes the cake. How did they get here? Why do they look like this? Despite this, Hetja is calm. They know they will return to whence they came soon, as death has never been a force that has kept them down."
MyrmidonMilitia_6Recruit,CHARACTER,Character story,……在找……她……,,…Looking… For Her…
Ordinator,CHARACTER,Name for an advanced enemy type,督官,,Ordinator
OrdinatorRecruit,CHARACTER,Brainwashing the enemy,可是……星辰……,,But... The Star...
ScholarMilitia_1,CHARACTER,Character name,浮士德,,Faust
ScholarMilitia_1Blurb,CHARACTER,Character story,浮士德一直想成为岛上某所学院的教授。「哪所学院都行，」他会说，「只要有人肯收我。」遗憾的是，他的专长从来不是能上战场的实用技艺。「也许这能补齐我的本事」，是他紧紧抓住的一个模糊希望。,,"Faust always wanted to be a professor at an academy on the isle. 'Any academy', he would say, 'anyone that will take me'. Unfortunately, his specialty was never field-ready practical application. 'Maybe this will round out my skill set', is a vague hope to which he clings."
ScholarMilitia_1Recruit,CHARACTER,Character story,我想我可以出去走走、见见世面。哦，顺便帮点忙。,,"I suppose I could travel and see the sights. Oh, and help I guess."
ScholarMilitia_2,CHARACTER,Character name,艾莉卡,,Erika
ScholarMilitia_2Blurb,CHARACTER,Character name,天塌之前，艾莉卡<i>才</i>刚开始对学业上心。她一直拖延功课，终于攒够动力拿起笔来，偏偏就被这场意外打断了。她相信老师们不会介意她又一次迟到，说不定还会因为她顺手救了学校而给她加点平时分。,,"Erika was <i>just</i> coming around to her studies right before the sky fell. Constantly slacking on her schoolwork, she had finally mustered up the motivation to put quill to paper before being serendipitously interrupted. She's sure her teachers won't mind her being a little late yet again, and will probably give her a little extra credit for saving the school in the process. "
ScholarMilitia_2Recruit,CHARACTER,Character name,快点把这事了结吧。,,Let's just get this over with.
ScholarMilitia_3,CHARACTER,Character name,吉尔,,Jill
ScholarMilitia_3Blurb,CHARACTER,Character story,吉尔花了大量时间研读历史。她总是一次次沉浸在古代暴君、遥远种族和古老宗教的故事里。你知道吗，曾经有个长着翅膀的种族，还有长着兽耳的种族。唉，她一直希望能亲眼见到那样精彩的时代。她运气可真好啊，是吧？,,"Jill has spent a lot of time reading history. She continuously finds herself lost in the throes of old tyrant kings, far-off races, and ancient religions. Did you know there was a race of people with wings, and one with animal-like ears? Alas, she always wished she could see such interesting times. Just her luck then, eh?"
ScholarMilitia_3Recruit,CHARACTER,Character story,好——好的！你觉得他们会把我写进史书吗？,,O- okay! Do you think they'll include me in the history books?
ScholarMilitia_4,CHARACTER,Character name,托马斯,,Thomas
ScholarMilitia_4Blurb,CHARACTER,Character story,托马斯从没见过这么多人聚在一起，更别说真正的战斗了。尽管身为学者，他从未进过正规学院，全靠自学。即便如此，他渊博的学识与那些所谓「受过教育」的同侪相比毫不逊色，有时甚至更胜一筹。,,"Thomas has never seen this many people at once, let alone real combat. Despite being a Scholar, he never went to an accredited academy, and instead taught everything himself. Nevertheless, his wealth of knowledge matches and even sometimes exceeds his so-called 'educated' peers."
ScholarMilitia_4Recruit,CHARACTER,Character story,好，我做得来。我能帮上忙。,,"Okay, I can do it. I can help."
ScholarMilitia_5,CHARACTER,Character name,尤妮卡,,Yunica
ScholarMilitia_5Blurb,CHARACTER,Character story,尤妮卡很喜欢她在一间积灰的图书馆深处读到的旧故事：一位才华横溢的谋略家，与一个诬陷他入狱的国王开战。她一直想参与这样的传说，觉得眼下发生的事也差不多够格——尽管比起真正上阵厮杀，她更愿意读她的故事。说不定这一次背后也有一位邪神？,,"Yunica is fond of an old story she read in the back of some dusty library, about a brilliant tactician fighting a war against a king that falsely imprisoned them. She always wanted to take part in such a tale, and figures whatever's happening now is close enough, though she'd rather read her tales than actually take part in the fighting. Maybe an evil god is behind this one, too?"
ScholarMilitia_5Recruit,CHARACTER,Character story,请带上我，我想看的东西有很多。,,"Please take me along, there is a lot I wish to see."
ScholarMilitia_6,CHARACTER,Character name,赫特雅,,Hetja
ScholarMilitia_6Blurb,CHARACTER,Character story,一位勇敢高贵的英雄，踏上讨伐大恶的旅程。赫特雅习惯了身陷陌生境地，但这一次实在离谱：自己怎么到这儿来的？为什么变成这副模样？尽管如此，赫特雅依然平静。他们知道自己很快就会回到来处——毕竟死亡从来没能把他们困住。,,"A brave and noble hero on a quest to vanquish a great evil. Hetja is used to finding themselves in unfamiliar situations but this one takes the cake. How did they get here? Why do they look like this? Despite this, Hetja is calm. They know they will return to whence they came soon, as death has never been a force that has kept them down."
ScholarMilitia_6Recruit,CHARACTER,Character story,……在找……她……,,…Looking… For Her…
Sol,CHARACTER,Name for a hero character,索尔·伊格尼斯,,Sol Ignis
SolAniaraSecondaryStory,CHARACTER,Character motivations,最不圣洁的异教徒！一个可怕的女巫竟想加入<i>他</i>的使命？她浑身散发着伪神的腐臭，但只要让她见识神圣的真理，她就会成为强大的盟友。,,"Heathen most unholy! A terrible witch is trying to join <i>his</i> mission? The rotten stench of false gods permeates her, but one just needs to show her the Divine Truth and she will become a powerful ally."
SolAzhaSecondaryStory,CHARACTER,Character motivations,一位被伪星放过的骑士，自称与他志同道合，要把每一个异教徒都逐出阿斯特拉——可她没有看见光。等她看清真相，就不得不沐浴在祂的神圣光辉之下。,,"A knight spared by the false Star claims to share his goal of routing each and every heathen out of Astra, but she does not see the Light. Once she sees the Truth, she will have no choice but to bask in His Divine Radiance."
SolBlurb,CHARACTER,Character description,作为许珀里翁教团的虔信者，索尔·伊格尼斯来到这片颓败之地只为了一件事：净化那些崇拜错误星辰的人。对他而言，只有一颗真正的星，而它从未失约于黎明。,,"A Devout of the Hyperion Order, Sol Ignis has come to these crestfallen lands for one thing only: to cleanse it of those worshiping the wrong star. To him, there is only one true star and it has never failed to hail the Dawn."
SolCetusSecondaryStory,CHARACTER,Character motivations,一只老鼠似乎溜上了船。它没有犯下明显的罪，但所有害虫终究都要回窝。无所谓，光也会驱散这道影子。,,"A rat seems to have snuck aboard the ship. No apparent sin has been committed, but all vermin must return to nest eventually. No matter, the Light will vanquish this shadow, too."
SolDracoSecondaryStory,CHARACTER,Character motivations,一个异教徒请求搭乘索尔的船。不是任务目标中的那个异教徒，但终究是异教徒。等阿斯特雷亚的圣战结束后，他的时辰是否就该到了？还是说他已经受够了惩罚？,,"A heathen has requested passage on Sol's vessel. Not the heathen targeted by the mission, but a heathen no less. Should his time come once the Astrean crusade is finished? Or is he punished enough?"
SolLeaderStory,CHARACTER,Character motivations,但这些异教徒，啊，这些异教徒。他们怎敢遮蔽天空，怎敢带来永恒的暮色？许珀里翁的神圣之光很快就会降临到他们身上。,,"But these heathens, oh, these heathens. How dare they veil the sky, how dare they bring forth everlasting twilight? Hyperion's divine Light will reach them soon enough."
SolLyraSecondaryStory,CHARACTER,Character motivations,一个异教徒在港口跟他搭话？不，她不属于他们，她是贵族。带上她吧，也许她也能看见光。,,"One of the heathens, talking to him at port? No, she is not one of them, she is nobility. Bring her along, and maybe she can see the Light too."
SolMaiaSecondaryStory,CHARACTER,Character motivations,索尔想不出还有比他更不热心的圣战骑士，但拒绝一位盟友又是何道理？这个新来的女孩或许古怪，但她的温顺也许能孕育出最忠诚的忏悔。,,"Sol could not think of a more unenthusiastic Crusader, but who is he to turn down an ally? This new girl may be odd, but her meekness may beget penance most loyal."
SolStoryLoss,CHARACTER,Character losing,有人会说，这已是索尔·伊格尼斯旅程中较好的结局了。如果索尔看到了等待自己的是什么，他或许也会同意。,,"Some might say this was the better outcome of Sol Ignis's journey. And if Sol saw what was coming for him, he might agree."
SolTeamName,CHARACTER,Sol's team name,旭日教团,,Order of the Rising Sun
SolVegaSecondaryStory,CHARACTER,Character motivations,瞧，一个亵渎者乞求搭船。一个扭曲自然、自比神明的人。他声称要净化民众的疯狂。我们拭目以待。,,"Lo, a blasphemer begs passage aboard the ship. A twister of nature, one who plays God. He claims he will cleanse the folk of their madness. We shall see."
StoryEndingGrammar,CHARACTER,Order of the procedurally-combined story elements. e.g. 'And then the heroes saved the day. Lyra went on to start her own clothing brand. Would things have been different if the player made different choices?' Each sentence in that example is a piece chosen depending on the player's party makeup. The spaces are for indenting,\n    <endingStoryStart>\n    <endingUnitStory>\n    <endingStoryEnd>,,\n    <endingStoryStart>\n    <endingUnitStory>\n    <endingStoryEnd>
StoryIntroEnd,CHARACTER,Universal end to every character's intro info,由于浓雾弥漫，两人只能抵达阿斯特雷亚最外围，被迫停靠在重商的德里瓦斯托共和国。他们会找到所寻之物吗？还是会被星尘吞没？请见证命运中一条可能的分岔丝线……,,"Due to the thick fog, the two could only make it to the outermost point of Astrea and were forced to dock at the mercantile Republic of Drivasto. Will they find what they seek? Or will they succumb to the Stardust? Bear witness to a possible stray thread of fate..."
StoryIntroGrammar,CHARACTER,Order of the procedurally-combined story elements. e.g. 'Lyra joined up with Cetus. She needed help to get home. Lyra is a noble. Cetus is a thief. They arrived at the island together.' Each sentence in that example is a piece chosen depending on the player's party makeup. The spaces are for indenting,    <secondaryStory> <leaderStory>\n    <leaderBlurb>\n    <secondaryBlurb>\n    <introEnd>,,    <secondaryStory> <leaderStory>\n    <leaderBlurb>\n    <secondaryBlurb>\n    <introEnd>
StoryLossEnd,CHARACTER,Universal end to every character's losing state,若当初做出不同的选择，他们会走上同一条路吗？也许下一条命运之线不会这样磨损殆尽。,,Would they have walked the same path if given different choices? Maybe the next thread of fate won't end up so frayed.
StoryLossGrammar,CHARACTER,Order of the procedurally-combined story elements.,    <lossIntro> <leaderLoss>\n    <storyHint> <lossEnd>,,    <lossIntro> <leaderLoss>\n    <storyHint> <lossEnd>
StoryLossHintNegative,CHARACTER,Hint to the player on how their story was going when they lost,随着时间推移，<CharName>的道路似乎正渐渐迷失。,,"As time went on, <CharName>'s way seemed to be in the process of being lost."
StoryLossHintNeutral,CHARACTER,Hint to the player on how their story was going when they lost,直到此刻，<CharName>始终坚守着方向，从未偏离最初的目标。,,"Up until now, <CharName> was staying the course, never losing sight of the original goal."
StoryLossHintPositive,CHARACTER,Hint to the player on how their story was going when they lost,整段旅程中，<CharName>的信念愈发坚定。,,"Throughout the journey, <CharName>'s conviction was growing ever-strong."
StoryLossIntro,CHARACTER,Universal start to every character's losing state,此处标记着<CharName>旅程的提前终结。,,Here marks the premature end of <CharName>'s journey.
Vega,CHARACTER,Name for a hero character,维加,,Vega
VegaAniaraSecondaryStory,CHARACTER,Character motivations,维加很恼火：要找到去阿斯特雷亚的船，唯一的办法就是跟一个显然对他的研究毫无兴趣的人分摊船费。无所谓，他想，只要能到那儿就行。,,"Annoyed, the only way Vega could find a boat to Astrea was to split the fare with someone very obviously uninterested in his research project. No matter, he thinks, he just needs to get there."
VegaAzhaSecondaryStory,CHARACTER,Character motivations,在港口，维加看到一位骑士正登上开往阿斯特拉的船。他抓住机会冲到她身边，说明自己想找到治疗星盲症的方法。骑士听了很满意，便带他上船。,,"At port, Vega spotted a knight boarding a ship to Astra. Seeing his chance, he rushed to her side to explain he wants to find a cure for the Starblindness. Pleased at what she was hearing, the knight took him aboard."
VegaBlurb,CHARACTER,Character description,维加是出身名校、受人敬重的医生，一心想以任何方式扬名立万。嗅到机会的他，把目光投向了寻找治愈这场蚕食记忆之疫的方法。,,"Vega, an esteemed Doctor from a prestigious school, is determined to make a name for himself in any way he can. Sensing opportunity, he sets his sights on finding a cure for the memory-stealing affliction plaguing the land."
VegaCetusSecondaryStory,CHARACTER,Character motivations,苦于找不到出行途径，维加不得不放下身段，与一个流氓流浪汉分摊船费。他不知道自己怎么就被说服同行了，但想着到岸之后就能甩掉这个扒手。,,"Frustrated at his inability to procure a means of travel, Vega was forced below his usual standing to split the fare with a roguish vagabond. He has no idea how he was convinced to share his journey, but reckoned he could part with the cutpurse as soon as they arrived."
VegaDracoSecondaryStory,CHARACTER,Character motivations,急着弄到船票的维加很意外：有个男人不仅愿意跟他分摊船费，还全数替他付了。维加心动了，答应与新同伴一起前往阿斯特拉。,,"Desperate to get a ticket, Vega was surprised to have a man not just split the fare with him, but take it all upon himself. Smitten, Vega agreed to travel together with his new companion to Astra."
VegaLeaderStory,CHARACTER,Character motivations,尽管加入了队伍，维加仍比任何人都更把自己视为「求人不如求己」这句话的化身。他会在这里赢得名声……当然，顺路也救几条命。,,"Despite joining a team, more than anyone else, Vega sees himself as the embodiment of the phrase 'If you want something done, you must do it yourself'. Here he will find his fame... And save a few lives along the way, of course."
VegaLyraSecondaryStory,CHARACTER,Character motivations,正在寻找前往阿斯特雷亚的办法时，维加偶然得到了船票，而且对方还是位贵族！她似乎很乐意带他同行，正如他所料。毕竟他是去行善的。,,"Searching for the way to get to Astrea, Vega chances on his ticket, and a noble no less! She seemed happy enough to bring him along, as he expected. He was to do good, after all."
VegaMaiaSecondaryStory,CHARACTER,Character motivations,从清晨到午后，从午后到黄昏，维加注意到港口只剩他和另一个人还没上船。维加问对方要去哪里，她答说想去阿斯特雷亚找一个人。目的地相同，两人便分摊船费同行。,,"As morning turned to afternoon, and afternoon turned to dusk, Vega noticed only he and one other remained at the port, ship-less. Vega asked where this person was going, and she replied her intention to find someone in Astrea. Sharing a destination, they split the fare and travelled together."
VegaSolSecondaryStory,CHARACTER,Character motivations,让维加沮丧的是，唯一愿意载他上岛的船员竟是一群狂热的圣战骑士。维加平时并不信教，但觉得站在他们一边总比与他们为敌安全。,,"To Vega's dismay, the only crew willing to take him to the isle was a band of zealous crusaders. Usually not one for worship, Vega decided it was probably safer to be with them than against them."
VegaStoryLoss,CHARACTER,Character losing,维加终究没能写下属于自己的历史。到头来，他不过是又一个眼高手低的学生。,,"Vega never got to make his history. In the end, he was just another student who bit off more than he could chew."
VegaTeamName,CHARACTER,Vega's team name,不二人选,,The Only One for the Job
Villager,CHARACTER,Name for a basic non player unit,平民,,Civilian
VillagerVIP_1,CHARACTER,Name for an important non player unit,阿奇诺,,Acino
VillagerVIP_2,CHARACTER,Name for an important non player unit,奥莉瓦,,Oliva
AniaraInTeam,CLASS,Name for a set of abilities units get by having this hero in the party,阿妮亚拉的感召,,Aniara Influenced
AzhaInTeam,CLASS,Name for a set of abilities units get by having this hero in the party,阿莎的感召,,Azha Influenced
BloodMageBlurb,CLASS,Description for Aniara's class,阿妮亚拉认为，人生所需只有魔法，以及运用魔法的灵巧。其余一切都是废物——如果敌人早就死光了，你还需要防什么？旅途中她得了许多称号，大多不太体面，但她偏爱「织血者」这个称呼。,,"Aniara believes you need nothing more in life than Magic and the Dexterity to use it. Everything else is worthless, what do you need to defend against if everyone's already dead? In her travels, she has picked up many names, most of them unsavoury, however she has a fondness for 'Bloodweaver'."
BloodMageClass,CLASS,Name for Aniara's class,织血者,,Bloodweaver
ButterflyKnightBlurb,CLASS,Description for Azha's class,与传统的军队不同，德里瓦斯托的骑士身份不是靠头衔授予，而是靠实力挣来。阿莎退役时是名队长，恰好留着自己的盔甲，正好用在此刻。阿莎出色的力量来自严酷的训练，而她过人的魔抗则源于盔甲上的特殊衬板——或许当初装上它，正是出于对那位信奉帝国、精通魔法的邻居的忌惮。,,"Unlike traditional militaries, knighthood in Drivasto is not granted by title, it is earned. Azha retired a captain and serendipitously kept her armour for just such an occasion. Azha's increased Strength comes from harsh training, but her increased Resistance is due to special plating on the armour, perhaps placed there in fear of their imperialist, and magical, neighbours."
ButterflyKnightClass,CLASS,Name for Azha's class,冰晶骑士,,Crysknight
CetusInTeam,CLASS,Name for a set of abilities units get by having this hero in the party,刻托斯的感召,,Cetus Influenced
CrusaderBlurb,CLASS,Description for Sol's class,许珀里翁教团的圣战骑士通常没有这般狂热。索尔·伊格尼斯似乎把他的职业推到了极限：力量上过度投入，其余各项修行全都抛在了身后。盔甲一旦被撕成碎片，也就挡不住什么了。,,"Crusaders of the Hyperion Order are not normally this passionate. Sol Ignis has seemingly stretched the limit of his profession, overdosing on Strength and leaving all other disciplines in the dust. Armour doesn't block much when it's torn to shreds."
CrusaderClass,CLASS,Name for Sol's class,圣战骑士,,Crusader
DoctorBlurb,CLASS,Description for Vega's class,医生通常不会顶替士兵上战场，但维加觉得自己的才能对前线大有裨益。虽然灵巧与速度出众，维加却认为自己没必要抵抗魔法。勇敢与愚蠢之间那条界线，确实相当模糊。,,"Normally, Doctors don't take the place of soldiers on the battlefield, but Vega feels his talents can be a great benefit to the front lines. While high in Dexterity and Speed, Vega feels he does not need to be Resistant to magic. The line separating bravery and foolishness can be a blurry one indeed."
DoctorClass,CLASS,Name for Vega's class,医生,,Doctor
DracoInTeam,CLASS,Name for a set of abilities units get by having this hero in the party,德拉科的感召,,Draco Influenced
FighterBlurb,CLASS,Description for the Fighter class,战士力量出众，但灵巧与魔抗偏弱，他们精通的是「大棒外交」。,,"High in Strength but weak in Dexterity and Resistance, Warriors are well-versed in big-stick diplomacy."
FighterClass,CLASS,Name for the Fighter class,战士,,Warrior
GamblerBlurb,CLASS,Description for Draco's class,赌徒不是战士，德拉科的魔力也并非源自自身，那样的力量是加莱亚赐予的。不过德拉科也并非毫无可取之处——想不声不响地从袖中抽出一张王牌，动作得相当快才行。,,"Gamblers are not warriors, and Draco does not get his Magical power from within, such strength is granted by Galea. Draco is not without praises, however, one must be quite Speedy to pull an ace from your sleeve unnoticed."
GamblerClass,CLASS,Name for Draco's class,赌徒,,Gambler
GenericSkillSet,CLASS,Name for base abilities that all units have access to,通用,,General
KingBlurb,CLASS,Description for the King's class,卡登斯贵族人人受过战斗训练。但与女儿不同，阿里斯在魔法上没有天赋，于是以钢铁为伴。这并未动摇他对星辰的崇敬，只是这份倾向被他的头衔掩盖了。,,"Every member of Cadens nobility endures combat training, but unlike his daughter, Aries did not show aptitude for magic, so he trained with steel. This did not dissuade his reverence for the Stars, though such proclivities were overshadowed by his title."
KingClass,CLASS,Name for the King's class,皇帝,,Emperor
KnightBlurb,CLASS,Description for the Knight class,骑士厚重的盔甲防御极高，能让最锋利的刀剑在战斗中变钝，代价则是速度与魔抗偏低。,,"A Knight's heavy armour can dull even the sharpest blades in combat due to its high Defense, but that comes at the cost of lower Speed and Resistance."
KnightClass,CLASS,Name for the Knight class,骑士,,Knight
LyraInTeam,CLASS,Name for a set of abilities units get by having this hero in the party,莱拉的感召,,Lyra Influenced
MageBlurb,CLASS,Description for the Mage class,法师最擅长的自然是魔法，但奥术修行往往拖慢身体的速度、削弱防御。,,"Naturally, a Mage's greatest skill is their mastery over Magic, but arcane training tends to slow the body's Speed and weakens Defense."
MageClass,CLASS,Name for the Mage class,法师,,Mage
MageknightBlurb,CLASS,Description for Lyra's class,卡登斯帝国中有魔法天赋的贵族，会脱离传统的骑士训练，专攻一种配得上璀璨夜空的进攻型魔法。这样培养出的士兵兼具防御与魔力，但臃肿的制服会拖低灵巧与速度。,,"Imperial Cadens nobility with the aptitude for magic break away from the traditional Knight training and specialize in an offensive form of magic befitting the spectacular night sky. This creates a soldier with a unique blend of Defense and Magic, but the bulk of the uniform reduces Dexterity and Speed."
MageknightClass,CLASS,Name for Lyra's class,战法师,,Battlemage
MaiaDollBlurb,CLASS,Description for Maia's Doll's class,玛雅的人偶比她更强，但他们的潜力在被召唤的那一刻就已定格。只有她自身的成长才能提升她的手艺。,,"Maia's puppets are stronger than her, but their potential is set in stone the moment they are summoned. Only improvement in herself can improve her craft."
MaiaDollClass,CLASS,Name for Maia's Doll's class,人偶,,Doll
MaiaInTeam,CLASS,Name for a set of abilities units get by having this hero in the party,玛雅的感召,,Maia Influenced
MercenaryBlurb,CLASS,Description for the Mercenary class,岛上的「能手」以精通轻型与投射武器闻名，专攻灵巧与速度，但对魔法有致命弱点。,,"Known for being very skilled light and projectile weapon users, the Adepts of the isles train in Dexterity and Speed, but have an Achilles' heel to Magic."
MercenaryClass,CLASS,Name for the Mercenary class,能手,,Adept
MonkBlurb,CLASS,Description for the Monk class,武僧多年修行，锤炼心身以抵抗魔法。但冥想对灵巧与防御并无助益。,,Monks train for years to fortify their minds and bodies to be Resistant to magic. Meditation however does not do well for one's Dexterity or Defense.
MonkClass,CLASS,Name for the Monk class,武僧,,Monk
MyrmidonBlurb,CLASS,Description for the Myrmidon class,尽管防御与魔抗不足，斥候最强的仍是速度，紧随其后的则是他们……等等，你刚才听见什么了吗？,,"Despite lacking in Defense and Resistance, a Scout's greatest strength is their Speed, followed closely by their ability to... say, did you hear that just now?"
MyrmidonClass,CLASS,Name for the Myrmidon class,斥候,,Scout
PuppeteerBlurb,CLASS,Description for Maia's Class,玛雅不太喜欢战斗，所以才派她的人偶代劳。有人会说她是在阻止自己进步，但她大概会说……嗯，她什么也不会说。,,"Maia isn't too fond of combat, which is why she sends her puppets to do the job for her. Some might say she is preventing herself from improving, but she would say... Well, she wouldn't say much."
PuppeteerClass,CLASS,Name for Maia's Class,傀儡师,,Puppeteer
RogueBlurb,CLASS,Description for Cetus's class,刻托斯一向不屑于标签与潮流。他们以独特的存在方式，琢磨出一套量身定制的「寻宝」手法——比起撬锁，更依赖对空间的魔法操纵。既然有这般速度，谁还需要防御和魔抗？,,"One to shuck labels and trends, Cetus has spent their unique existence conjuring a bespoke form of 'treasure hunting' that relies more on magical manipulation of space than lockpicking. Who needs Defense and Resistance when you have all this Speed, anyways? "
RogueClass,CLASS,Name for Cetus's class,「收藏家」,,''Collector''
ScholarBlurb,CLASS,Description for the Scholar class,学者防御薄弱，在学界里是易被攻击的目标，但多年的求学给了他们应对这类敌意的灵巧。,,"Lacking in Defense make these bibliophiles easy targets in academia, but years of school have granted them the Dexterity to deal with such antagonism."
ScholarClass,CLASS,Name for the Scholar class,学者,,Scholar
SkillBookClass,CLASS,Name for the set of skills you get from skill books,技能书,,Skill Book
SolInTeam,CLASS,Name for a set of abilities units get by having this hero in the party,索尔·伊格尼斯的感召,,Sol Ignis Influenced
SorcererBlurb,CLASS,Description for the Sorcerer class,与法师不同，德鲁伊天生就能驱使周围的魔法。轻装让他们速度更快，但缺乏专门训练也使他们防御与魔抗薄弱。,,"Unlike Mages, Druids are born with the ability to command the magic around them. Packing light grants them higher Speed, but a lack of specialized training leaves them with weak Defense and Resistance."
SorcererClass,CLASS,Name for the Sorcerer class,德鲁伊,,Druid
StarBlurb,CLASS,Description for the final boss's class,他曾是位强大的存在，如今只剩尘埃。若面对全盛时期的阿斯特，我们勇敢的英雄们恐怕胜算不大——算他们走运。,,"Once a powerful figure, now nothing but dust. Perhaps our valiant heroes would not stand much of a chance against Aster in his prime, lucky for them. "
StarClass,CLASS,Name for the final boss's class,星辰,,Star
StatChangeSkillSet,CLASS,Name for stat changing abilities that all units have access to,属性,,Attribute
SupportSkillSet,CLASS,Name for support abilities that all units have access to,支援,,Support
VegaInTeam,CLASS,Name for a set of abilities units get by having this hero in the party,维加的感召,,Vega Influenced
WitchBlurb,CLASS,Description for the Witch class,作为魔法的大师，女巫摒弃一切物理力量与防御，以放大自身的进攻性魔法能力。,,"Masters of Magic, Witches eschew all forms of physical Strength and Defense to amplify their offensive magical capabilities."
WitchClass,CLASS,Name for the Witch class,女巫,,Witch
CancelAction,CONTROLS,Controls label,取消,,Cancel
FocusOnUnit,CONTROLS,Controls label,定位单位,,Go to Unit
GenericSelect,CONTROLS,Controls label,选择,,Select
LockTooltip,CONTROLS,Controls label,锁定提示,,Lock Tooltip
MoveCursor,CONTROLS,Controls label,光标,,Cursor
SelectItem,CONTROLS,Controls label,选择物品,,Select Item
SelectNode,CONTROLS,Controls label,选择遭遇战,,Choose Encounter
SelectTile,CONTROLS,Controls label,选择格子,,Select Tile
SelectUnit,CONTROLS,Controls label,选择单位,,Select Unit
SwitchDeploymentKey,CONTROLS,Controls label,部署模式,,Deployment Mode
UndeployUnit,CONTROLS,Controls label,撤下单位,,Undeploy Unit
UnitStatus,CONTROLS,Controls label,取消／单位状态,,Cancel/Unit Status
UseConsumable,CONTROLS,Controls label,使用物品,,Use Item
WeaponSelect,CONTROLS,Controls label,选择武器并战斗,,Select Weapon and Fight
3DVendorCredit,CREDITS,Vendor credit label,部分 3D 场景美术由以下提供,,3D Environment Art Provided in Part by
AttributionCredit,CREDITS,Attribution credit label,致谢名单,,Attribution
BryanCredit,CREDITS,Bryan's credits,系统架构、程序、图形着色、世界地图与场景设计,,"Systems Architect, Programmer, Graphical Shading, World Map and Environment Designer"
CharacterDesignerCredit,CREDITS,Assistant credit,助理角色设计,,Assistant Character Designer
CraftPixCredit,CREDITS,Vendor credit,《云后夕阳》 CraftPix,,Sunset Behind the Clouds by CraftPix
DragonCredit,CREDITS,Vendor credit,BlackDragon1727 基础像素血条与滚动条,,BlackDragon1727 Basic Pixel Health and Scroll Bar
DualCredit,CREDITS,Vendor credit,DualR 奇幻像素载具,,DualR Fantasy Pixel Art Vehicles
EzekyuhlCredit,CREDITS,Vendor credit,Ezekyuhl 双帧动物,,Ezekyuhl 2-Frame Animals
GameName,CREDITS,Name of the game,星界王座,,Astral Throne
HannahCredit,CREDITS,Hannah's credit,市场支持,,Marketing Support
KacperCredit,CREDITS,Vendor credit,Kacper Wozniak 小小英雄,,"Kacper Wozniak Tiny, Tiny Heroes"
KissaCredit,CREDITS,Vendor credit,英雄立绘,,Hero Portraits
MapDesignerCredit,CREDITS,Assistant credit,助理游戏设计,,Assistant Game Designer
MichaelCredit,CREDITS,Michael's credits,制作人、程序、UI/UX 设计、音效设计、作曲、剧情、哥布林,,"Producer, Programmer, UI/UX Designer, Sound Designer, Music Composer, Narrative, Goblins"
NinaCredit,CREDITS,Vendor credit,像素头像,,Pixel Art Headshots
OrayCredit,CREDITS,Vendor credit,主视觉插画,,Key Illustration
QuaterniusCredit,CREDITS,Vendor credit,Quaternius,,Quaternius
RavenCredit,CREDITS,Vendor credit,Raven 奇幻 RPG 图标,,Raven Fantasy RPG Icons
SpecialThanksCredit,CREDITS,Special Thanks credit label,特别感谢《星界王座》测试社区,,Special Thanks to Astral Throne's Beta Community
StarkCredit,CREDITS,Vendor credit,PSX 森林素材集 Stark Crafts,,PSX Forest Asset Collection by Stark Crafts
TaylorCredit,CREDITS,Taylor's credits,3D 美术、动画、场景与角色设计,,"3D Artist, Animator, Environment and Character Designer"
TeamCredit,CREDITS,Team name in credits,由 Zero Sun Games 开发,,Developed by Zero Sun Games
ThomasCredit,CREDITS,Thomas's credits,主游戏设计、程序、能力与遭遇战设计,,"Lead Game Designer, Programmer, Ability and Encounter Designer"
UIVendorCredit,CREDITS,Vendor credit label,部分菜单视觉与图标由以下提供,,Menu Aesthetics and Icons Provided in Part by
VendorCredit,CREDITS,Vendor credit label,支持,,Support
DebugBlurb,DEBUG,Don't translate,1 个单位。,,A Unit.
Heavy_SelfDamage_WeaponEffect,Effect,Pop-up for overexert,（过度用力）,,(Overexert)
1-3RangeOverride_StatusEffectDesc,EFFECT,Description for the status effect which forces RNG to be 1-3,此单位的基础射程为 1-3。,,This Unit's base Range is 1-3.
1-3RangeOverride_StatusEffectName,EFFECT,Name for the status effect which forces RNG to be 1-3,自由射程,,Free Range
1RangeOverride_StatusEffectDesc,EFFECT,Description for the status effect which forces RNG to be 1,此单位的基础射程为 1。,,This Unit's base Range is 1.
1RangeOverride_StatusEffectName,EFFECT,Name for the status effect which forces RNG to be 1,受限,,Constricted
2-3RangeOverride_StatusEffectDesc,EFFECT,Description for the status effect which forces RNG to be 2-3,此单位的基础射程为 2-3。,,This Unit's base Range is 2-3.
2-3RangeOverride_StatusEffectName,EFFECT,Name for the status effect which forces RNG to be 2-3,延伸射程,,Extend Range
3ItemSlotsButBonusAts_DummyEffectDesc,EFFECT,Description for the ,此单位减少 2 个背包格，但相比大多数单位拥有更高的速度。,,This Unit suffers -2 Inventory Slots but gains increased SPD compared to most Units.
3ItemSlotsButBonusAts_DummyEffectName,EFFECT,Name for the ,轻装简行,,Packed Lightly
AccessConvoy_EffectDesc,EFFECT,Description for the generic skill,此单位在遭遇战中可通过物品菜单访问商队。,,This Unit gains access to the Caravan during an Encounter (from their Items menu).
AccessConvoy_EffectName,EFFECT,Name for the generic skill,包裹投递,,Package Delivery
Action_BossLaserAoEAttack_EffectDesc,EFFECT,Description for the boss laser AoE attack replacement action,对范围内所有敌人造成 <Damage> 点魔法伤害（100% 威力）。\n随后移除范围内所有格子上的<Status>。,,"Attack all Foes within the Area of Effect for <Damage> Magic DMG (100% of POW).\nAfterwards, remove <Status> from all Tiles within the Area of Effect."
Action_BossLaserAoEAttack_EffectName,EFFECT,Name for the boss laser AoE attack replacement action,星界轰击,,Astral Bombardment
Action_MarkedAoEAttack_EffectDesc,EFFECT,Description for the marked AoE attack replacement action,对范围内所有敌人造成 <Damage> 点魔法伤害（100% 威力）。此行动只能指定带有<Reference0>的单位。,,Attack all Foes within the Area of Effect for <Damage> Magic DMG (100% of POW). This can only target Units with <Reference0>.
Action_MarkedAoEAttack_EffectName,EFFECT,Name for the marked AoE attack replacement action,弹幕,,Barrage
Action_RandomAttack_EffectDesc,EFFECT,Description for the random attack replacement action,与随机一名敌人交战。,,Fight a random Foe.
Action_RandomAttack_EffectName,EFFECT,Name for the random attack replacement action,散射,,Scattershot
Action_SmashLocks_EffectDesc,EFFECT,Description for the smash locks replacement action,消耗 <Cost> 层<Reference0>，无需钥匙即可打开门或宝箱。,,Spend <Cost> stacks of <Reference0> to unlock a Door or Chest without using a key.
Action_SmashLocks_EffectName,EFFECT,Name for the smash locks replacement action,砸锁,,Smash Lock
AddBurningToShelf_EffectDesc,EFFECT,Description for the enemy skill which sets fire to tiles,对任何尚未燃烧的书架施加<Status>。,,Apply <Status> to any Bookshelf which isn't already burning.
AddBurningToShelf_EffectName,EFFECT,Name for the enemy skill which sets fire to tiles,纵火,,Arson
AddFullStatBuffToSelf_EffectDesc,EFFECT,Description for the generic skill,立即对此单位施加<Status>。,,Immediately apply <Status> to this Unit.
AddFullStatBuffToSelf_EffectName,EFFECT,Name for the generic skill,释放潜能,,Unleashed Potential
AddSmokeWhenHealed_StattusEffectDesc,EFFECT,Description for the status effect,有 <ProcChance> 的几率对此单位施加<Status>。,,<ProcChance> chance to apply <Status> to this Unit.
AddSmokeWhenHealed_StattusEffectName,EFFECT,Name for the status effect,隐愈,,Cloaked Mend
AddTauntWhenStationary_EffectDesc,EFFECT,Description for the generic skill,若此单位本回合未移动，则对其施加<Status>。,,Apply <Status> to this Unit if they haven't moved this Turn.
AddTauntWhenStationary_EffectName,EFFECT,Name for the generic skill,活靶子,,Sitting Duck
AddWalkStageDesc,EFFECT,Description for the generic skill that lets a unit move again,暂时对此单位施加<Status>，随后让此单位移动至多其移动值。,,"Temporarily inflict <Status> on this Unit, then move this Unit's MOV range."
AddWalkStageName,EFFECT,Name for the generic skill that lets a unit move again,疾行,,Sprint
AddWeaponToInventory_EffectDesc,EFFECT,Description for the generic skill,立即获得一件此单位可使用的随机武器。（50% 几率为罕见或更优）,,Immediately gain a random Weapon that can be wielded by this Unit. (50% chance of Uncommon or better)
AddWeaponToInventory_EffectName,EFFECT,Name for the generic skill,征用,,Requisition
Adept_IgnoreWeaponPenalties_EffectDesc,EFFECT,Description for the adept skill,无视武器带来的属性惩罚。,,Ignore stat penalties from weapons.
Adept_IgnoreWeaponPenalties_EffectName,EFFECT,Name for the adept skill,精通,,Proficient
Adept_LearnWeaponTypes_EffectDesc,EFFECT,Description for the adept skill,永久获得使用 <Amount> 种随机武器流派的能力。,,Permanently gain the ability to wield <Amount> random Weapon Styles.
Adept_LearnWeaponTypes_EffectName,EFFECT,Name for the adept skill,巧手,,Deft Hands
Adept_SingleStyleCritBuff_EffectDesc,EFFECT,Description for the adept skill,若此单位的背包中只有一种可使用的武器流派，则获得 <CondCritChance> 点暴击（每可使用的武器流派 5 点）。,,Gain <CondCritChance> CRIT (5 per Weapon Style this Unit can wield) if this Unit only has one wieldable style of weapon in their Inventory.
Adept_SingleStyleCritBuff_EffectName,EFFECT,Name for the adept skill,拿手武器,,Weapon of Choice
Adept_UnequippedWeaponSkills_EffectDesc,EFFECT,Description for the adept skill,此单位可以发动未装备武器的武器能力。,,This Unit can activate weapon abilities of unequipped weapons.
Adept_UnequippedWeaponSkills_EffectName,EFFECT,Name for the adept skill,百臂,,Hundred Arms
AlwaysHaveAdvantageBuffDesc,EFFECT,Description for the buff which makes the unit always have advantage,战斗中始终获得优势，无论使用何种武器。,,"Gain Advantage during Fights, regardless of weapons used."
AlwaysHaveAdvantageBuffName,EFFECT,Name for the buff which makes the unit always have advantage,登峰造极,,Mastery
Aniara_AddHealFromAllyDamaged_SkillEffectDesc,EFFECT,Description for the aniara skill,对一名单位施加<Status>，并对此单位施加<SelfStatus>。,,Apply <Status> to a Unit and <SelfStatus> to this Unit.
Aniara_AddHealFromAllyDamaged_SkillEffectName,EFFECT,Name for the aniara skill,种瓜得瓜,,Reap What You Sow
Aniara_AddMaxHpDebuffProc_SkillEffectDesc,EFFECT,Description for the aniara skill,此单位有 <ProcChance>（100% 威力）的几率对范围内所有敌人施加<Status>。,,This Unit has a <ProcChance> (100% of POW) chance to apply <Status> to all Foes in the Area of Effect.
Aniara_AddMaxHpDebuffProc_SkillEffectName,EFFECT,Name for the aniara skill,散播恐惧,,Inspire Terror
Aniara_AddPowToCrit_WeaponEffectDesc,EFFECT,Description for the aniara weapon skill,获得 <CritChance> 点暴击（100% 威力）。,,Gain <CritChance> CRIT (100% of POW).
Aniara_AddPowToCrit_WeaponEffectName,EFFECT,Name for the aniara weapon skill,溶血,,Hemolysis
Aniara_AddRefreshTurnToSelf_SkillEffectDesc,EFFECT,Description for the aniara skill,若此单位拥有 15 层<Reference0>，则对其施加<Status>。,,Apply <Status> to this Unit if they have 15 stacks of <Reference0>.
Aniara_AddRefreshTurnToSelf_SkillEffectName,EFFECT,Name for the aniara skill,心中之火,,The Fire Within
Aniara_AddTempPowToSelf_ItemEffectDesc,EFFECT,Description for the ,若受伤单位位于 <Distance> 格以内，则对此单位施加<Status>（30% 魔力）。,,Apply <Status> to this Unit if the damaged Unit was within <Distance> Tiles (30% of MAG).
Aniara_AddTempPowToSelf_ItemEffectName,EFFECT,Name for the ,汲能,,Siphon
Aniara_HealAllyWhenDamaged_StatusEffectDesc,EFFECT,Description for the aniara status effect,为所有<Reference0>单位恢复 <Healing> 点生命，并对他们施加<Status>。,,"Heal <Healing> HP to all <Reference0> Units, and apply <Status> to them."
Aniara_HealAllyWhenDamaged_StatusEffectName,EFFECT,Name for the aniara status effect,血播,,Bloodsown
Aniara_HealFromAllyDamage_StatusEffectDesc,EFFECT,Description for the aniara status effect,每当<Reference0>触发时，此单位都会受益。,,This Unit benefits from <Reference0> whenever it Triggers.
Aniara_HealFromAllyDamage_StatusEffectName,EFFECT,Name for the aniara status effect,收割,,Reaping
Aniara_OverkillAttack_PopUpText,EFFECT,Pop-up text for the aniara overkill aoe skill,（血猎）,,(Blood Hunt)
Aniara_OverkillAttack_SkillEffectDesc,EFFECT,Description for the aniara skill,对被击败单位 3 格内的随机一名敌人造成伤害（100% 过量伤害）。若该伤害同样造成过量击杀，则可再次触发此效果。,,Deal DMG (100% of Overkill DMG) to a random Foe within 3 Tiles of the Defeated Unit. The DMG can Trigger this again if it also Overkills.
Aniara_OverkillAttack_SkillEffectName,EFFECT,Name for the aniara skill,血猎,,Blood Hunt
Aniara_RefreshSelf_StatusEffectDesc,EFFECT,Description for the aniara skill,使此单位再获得一个回合。,,Grant this Unit another Turn.
Aniara_RefreshSelf_StatusEffectName,EFFECT,Name for the aniara skill,重整旗鼓,,Second Wind
Aniara_SelfBleedDefenseBuff_SkillEffectDesc,EFFECT,Description for the aniara skill,若此单位未发起战斗，则对其施加<Status>，并获得 <CondDefense> 点防御与魔抗（每层<Reference0> 1 点，最多 5 点）。,,"If this Unit didn't initiate the Fight, apply <Status> to them and gain <CondDefense> DEF and RES (1 per stack of <Reference0>, max 5)."
Aniara_SelfBleedDefenseBuff_SkillEffectName,EFFECT,Name for the aniara skill,凝血,,Bloodclot
Aniara_SwapHealth_SkillEffectDesc,EFFECT,Description for the aniara skill,交换两个互为友军的单位的生命值。无法指定敌对队长为目标。,,Swap the HP of two Units who are allied with each other. Can't target hostile Leaders.
Aniara_SwapHealth_SkillEffectName,EFFECT,Name for the aniara skill,输血,,Transfusion
Aniara_TempPowBuff_StatusEffectDesc,EFFECT,Description for the aniara power buff,获得 <Power> 点威力（每层 <PowerPerStack>）。战斗结束时，失去所有<ThisEffect>。,,"Gain <Power> POW (<PowerPerStack> per stack). At the end of a Fight, relinquish all <ThisEffect>."
Aniara_TempPowBuff_StatusEffectName,EFFECT,Name for the aniara power buff,嗜血,,Bloodlust
AniaraInTeam_CountDamageThenHeal_SkillEffectDesc,EFFECT,Description for the aniara in team skill,累计受到 <Amount> 点伤害后，恢复 <Healing> 点生命。,,"After having taken <Amount> damage, heal <Healing> HP."
AniaraInTeam_CountDamageThenHeal_SkillEffectName,EFFECT,Name for the aniara in team skill,放血,,Bloodletting
AoEHealOnDeath_StatusEffectDesc,EFFECT,Description for the status which heals in an AoE when this unit dies,此单位被击败时，范围内所有单位恢复 <Healing> 点生命（最大生命的 30%）。,,"When this Unit is Defeated, all Units in the Area of Effect heal <Healing> HP (30% of max HP)."
AoEHealOnDeath_StatusEffectName,EFFECT,Name for the status which heals in an AoE when this unit dies,献祭,,Sacrifice
ApplyBonusXp_EffectDesc,EFFECT,Description for the action of using a bonus xp potion,对此单位施加<Status>。,,Apply <Status> to this Unit.
ApplyBonusXp_EffectName,EFFECT,Name for the action of using a bonus xp potion,吃下神秘点心,,Eat Elusive Treat
ApplyDebuffOnAdvantageHit_EffectDesc,EFFECT,Description for the generic skill,若此单位对敌人拥有优势，则对敌人施加<Status>。,,"If this Unit has Advantage over their Foe, inflict <Status> on the Foe."
ApplyDebuffOnAdvantageHit_EffectName,EFFECT,Name for the generic skill,雪上加霜,,Insult to Injury
ApplyHealOverTime_EffectDesc,EFFECT,Description for the generic skill which applies a heal-over-time buff,对此单位施加<Status>。,,Apply <Status> to this Unit.
ApplyHealOverTime_EffectName,EFFECT,Name for the generic skill which applies a heal-over-time buff,再生,,Regenerate
ApplyPotionTeleport_EffectDesc,EFFECT,Description for the action of using a teleport potion,对此单位施加<Status>。,,Apply <Status> to this Unit.
ApplyPotionTeleport_EffectName,EFFECT,Name for the action of using a teleport potion,饮下传送药水,,Drink Teleport Potion
ArmingSwordAbilityDesc,EFFECT,Description for the Arming Sword weapon ability,获得 <Resistance> 点魔抗。,,Gain <Resistance> RES.
ArmingSwordAbilityName,EFFECT,Name for the Arming Sword weapon ability,武学专注,,Martial Focus
AstrolabeAbilityDesc,EFFECT,Description for the Astrolabe weapon ability,对范围内所有敌人造成 <Damage> 点魔法伤害（威力-2）。,,Attack all Foes within the Area of Effect for <Damage> Magic DMG (POW-2).
AstrolabeAbilityName,EFFECT,Name for the Astrolabe weapon ability,流星雨,,Starfall
AvoidDebuffDesc,EFFECT,Description for the basic avoid debuff,降低 <Avoid> 点闪避（每层 <AvoidPerStack>）。,,Suffer <Avoid> AVO (<AvoidPerStack> per stack).
AvoidDebuffName,EFFECT,Name for the basic avoid debuff,恐惧,,Terrified
Azha_AddCantoToUnits_SkillEffectDesc,EFFECT,Description for the azha skill,对范围内友军施加<Status>。,,Apply <Status> to Allies in the Area of Effect.
Azha_AddCantoToUnits_SkillEffectName,EFFECT,Name for the azha skill,打了就跑,,Hit and Run
Azha_BuffMilitiaAura_EffectDesc,EFFECT,Description for the azha skill,对范围内友方民兵施加<Status>。,,Apply <Status> to Allied Militia in the Area of Effect.
Azha_BuffMilitiaAura_EffectName,EFFECT,Name for the azha skill,鼓舞士气,,Raise Morale
Azha_BuffMilitiaRngAura_SkillEffectDesc,EFFECT,Description for the ,对范围内友方民兵施加<Status>。,,Apply <Status> to Allied Militia in the Area of Effect.
Azha_BuffMilitiaRngAura_SkillEffectName,EFFECT,Name for the ,集结号令,,Rallying Call
Azha_EndCombatOnMiss_StatusEffectDesc,EFFECT,Description for the azha status,若此单位在其发起的战斗中攻击未命中，则立即结束该战斗。,,"If this Unit Misses an Attack during a Fight they initiated, immediately end the Fight."
Azha_EndCombatOnMiss_StatusEffectName,EFFECT,Name for the azha status,一个都不能少,,No One Left Behind
Azha_MovBuff_SkillEffectDesc,EFFECT,Description for the ,每 3 轮对此单位施加<Status>。,,Apply <Status> to this Unit every 3 Rounds.
Azha_MovBuff_SkillEffectName,EFFECT,Name for the ,三之法则,,Rule of Three
Azha_NoCounterOnMissAura_EffectDesc,EFFECT,Description for the azha skill,对范围内友方民兵施加<Status>。,,Apply <Status> to Allied Militia in the Area of Effect.
Azha_NoCounterOnMissAura_EffectName,EFFECT,Name for the azha skill,骑士精神,,Chivalry
AzhaInTeam_SupportBonus_SkillEffectDesc,EFFECT,Description for the azha in team support skill,每有一名 3 格内的友方骑乘单位，便获得 +1 威力与 +1 攻速。,,Gain +1 POW and +1 ATS for every Allied Mounted Unit within 3 Tiles.
AzhaInTeam_SupportBonus_SkillEffectName,EFFECT,Name for the azha in team support skill,驭兽者,,Mount Whisperer
BadPrimariesGoodSecondaries_DummyEffectDesc,EFFECT,Description for the ,此单位的基础主属性为 0，但相比大多数单位拥有更高的副属性。,,This Unit's base Primary Stats are 0 but they have increased Secondary Stats compared to most Units.
BadPrimariesGoodSecondaries_DummyEffectName,EFFECT,Name for the ,盆栽,,Bonsai
Barrier_AddMaxHpEachFight_WeaponEffectDesc,EFFECT,Description for the add max HP each fight barrier weapon ability,对此单位施加<Status>。,,Apply <Status> to this Unit.
Barrier_AddMaxHpEachFight_WeaponEffectName,EFFECT,Name for the add max HP each fight barrier weapon ability,坚壁,,Fortify
Barrier_AddPreventDeath_WeaponEffectDesc,EFFECT,Description for the add prevent death barrier weapon ability,消耗 <Cost> 点生命，对一名单位施加<Status>。,,Spend <Cost> HP to apply <Status> to a Unit.
Barrier_AddPreventDeath_WeaponEffectName,EFFECT,Name for the add prevent death barrier weapon ability,结界泡,,Barrier Bubble
Barrier_AdvantageVsMonk_WeaponEffectDesc,EFFECT,Description for the advantage vs monk barrier weapon ability,对武僧与冰晶骑士单位获得优势。,,Gain Advantage against Monk and Crysknight Units.
Barrier_AdvantageVsMonk_WeaponEffectName,EFFECT,Name for the advantage vs monk barrier weapon ability,武僧杀手,,Monk Killer
Barrier_ChainAttack_WeaponEffectDesc,EFFECT,Description for the chain attack barrier weapon ability,若目标为敌人，则对其造成 <Damage> 点魔法伤害（威力-5）。对范围内每个尚未被攻击的单位重复此效果。,,"If the target is a Foe, Attack them for <Damage> Magic DMG (POW-5). Repeat for every Unit in the Area of Effect, unless they've already been attacked."
Barrier_ChainAttack_WeaponEffectName,EFFECT,Name for the chain attack barrier weapon ability,连锁反应,,Chain Reaction
Barrier_MaxHpToPow_WeaponEffectDesc,EFFECT,Description for the max HP to POW barrier weapon ability,计算威力时以 <Amount>（最大生命的 30%）代替魔力。,,Calculate POW by adding <Amount> (30% of max HP) instead of MAG.
Barrier_MaxHpToPow_WeaponEffectName,EFFECT,Name for the max HP to POW barrier weapon ability,形胜于念,,Matter Over Mind
Barrier_PreventMagicalDamage_PopUpText,EFFECT,Name for the prevent magical damage shield weapon ability,已格挡！,,Blocked!
Barrier_PreventMagicalDamage_WeaponEffectDesc,EFFECT,Description for the prevent magical damage barrier weapon ability,此单位有 <ProcChance>（200% 灵巧）的几率抵消即将受到的任何魔法伤害。,,This Unit has a <ProcChance> (200% of DEX) chance to negate any Magic DMG they would take.
Barrier_PreventMagicalDamage_WeaponEffectName,EFFECT,Name for the prevent magical damage barrier weapon ability,神谕,,Oracle
Barrier_PreventMovement_EffectDesc,EFFECT,Description for the barrier skill,对 1 个单位施加 <Status>。,,Apply <Status> to a Unit.
Barrier_PreventMovement_EffectName,EFFECT,Name for the barrier skill,法球陷阱,,Orb Trap
Barrier_ResAura_WeaponEffectDesc,EFFECT,Description for the RES buff aura barrier weapon ability,对作用范围内的所有友军施加 <Status>。,,Apply <Status> to all Allies in the Area of Effect.
Barrier_ResAura_WeaponEffectName,EFFECT,Name for the RES buff aura barrier weapon ability,决意,,Resolution
Barrier_Thorns_WeaponEffectDesc,EFFECT,Description for the thorns barrier weapon ability,对攻击者造成 <Damage> 点魔法伤害（魔抗的 100%）。此伤害不会使其生命降至 1 以下；若触发此效果的攻击为暴击，则此伤害亦为暴击。,,Deal <Damage> Magic DMG (100% of RES) to the attacker. This damage can't cause them to fall below 1 HP and will be a Critical Hit if the triggering attack was a Critical Hit.
Barrier_Thorns_WeaponEffectName,EFFECT,Name for the thorns barrier weapon ability,荆棘,,Thorns
Barrier_WallTerraform_EffectDesc,EFFECT,Description for the barrier skill,对 1 个未被占用的格子施加 <Status>。,,Apply <Status> to an unoccupied tile.
Barrier_WallTerraform_EffectName,EFFECT,Name for the barrier skill,筑起壁垒,,Raise Rampart
BasicFoodEffectDesc,EFFECT,Description for the action of using a basic food item,恢复 <Healing> 点生命。遭遇战中无法使用。,,Heal <Healing> HP. Not usable during an Encounter.
BasicFoodEffectName,EFFECT,Name for the action of using a basic food item,进食,,Eat Food
BearAbilityDesc,EFFECT,Description for the Bear weapon ability,战斗中始终抢先攻击。,,Always attack first during a Fight.
BearAbilityName,EFFECT,Name for the Bear weapon ability,狰狞之相,,Grisly Mien
BerserkDebuffDesc,EFFECT,Description for the debuff which causes the unit to uncontrollably attack things,此单位会不受控制地攻击其能够到的生命值最低的单位。当有单位被击败时，移除所有 <Status> 与 <ThisEffect>。其他单位无法对此单位使用 <CalmAction>,,"This Unit uncontrollably fights the lowest HP Unit they can reach. When a Unit is defeated, relinquish all <Status> and <ThisEffect>. Other Units can't <CalmAction> this Unit"
BerserkDebuffName,EFFECT,Name for the debuff which causes the unit to uncontrollably attack things,神启之盲,,Divine Blindness
BleedEffectDesc,EFFECT,Description for the status effect that is a short damage over time,受到 <Amount> 点伤害。,,Take <Amount> Damage.
BleedEffectName,EFFECT,Name for the status effect that is a short damage over time,流血,,Bleed
BlockMovement_TileEffectDesc,EFFECT,Description for the tile effect for forcefields,此格对敌人而言不可通行。,,This Tile is Impassable for Foes.
BlockMovement_TileEffectName,EFFECT,Name for the tile effect for forcefields,封锁,,Block
Boss_AddDefensiveDebuffToSelf_EffectDesc,EFFECT,Description for the boss skill which applies a defensive debuff to themself at the end of combat,对此单位施加 <Status>。,,Apply <Status> to this Unit.
Boss_AddDefensiveDebuffToSelf_EffectName,EFFECT,Name for the boss skill which applies a defensive debuff to themself at the end of combat,昔日荣光,,Once Great
Boss_AddLaserTargetToColumn_EffectDesc,EFFECT,Description for the boss add laser target to column skill,对作用范围内的所有格子施加 <Status>。,,Apply <Status> to all Tiles in the Area of Effect.
Boss_AddLaserTargetToColumn_EffectName,EFFECT,Name for the boss add laser target to column skill,准备轰炸,,Prepare Bombardment
Boss_AddLaserTargetToColumn_PopUpText,EFFECT,Pop-up text for boss adding laser target to column,准备中…,,Preparing...
Boss_AddRage_SkillEffectDesc,EFFECT,Description for the add rage boss skill,对作用范围内的所有敌人施加 <Status>。,,Inflict <Status> on all Foes in the Area of Effect.
Boss_AddRage_SkillEffectName,EFFECT,Name for the add rage boss skill,群体妄念,,Mass Delusion
Boss_ApplyEnragedBuff_SkillEffectDesc,EFFECT,Description for the skill which applies the enemy enraged buff,对此单位施加 <Status>。,,Apply <Status> to this Unit.
Boss_ApplyEnragedBuff_SkillEffectName,EFFECT,Name for the skill which applies the enemy enraged buff,宇宙启示,,Cosmic Inspiration
Boss_EnragedBuff_StatusEffectDesc,EFFECT,Description for the enemy enraged buff,获得 <CritChance> 点暴击。\n每场战斗结束时，对此单位施加 <Status>。,,"Gain <CritChance> CRIT.\nAt the end of each fight, inflict <Status> on this Unit."
Boss_EnragedBuff_StatusEffectName,EFFECT,Name for the enemy enraged buff,启示,,Inspiration
Boss_LaserAttackAction_SkillEffectDesc,EFFECT,Description for the boss laser fight action skill,将 <Attack> 行动替换为 <Reference0>。,,Replace the <Attack> action with <Reference0>.
Boss_LaserAttackAction_SkillEffectName,EFFECT,Name for the boss laser fight action skill,奥术轰炸,,Arcane Bombardment
Boss_RangedHeal_EffectDesc,EFFECT,Description for the ranged AoE heal,为 1 名友军恢复 <Healing> 点生命（魔力的 100%）。,,Heal an Ally <Healing> HP (100% of MAG).
Boss_RangedHeal_EffectName,EFFECT,Name for the ranged AoE heal,远及之触,,Farthest Reach
Brave_WeaponEffectDesc,EFFECT,Description for the brave weapon ability,每场战斗中，若此单位未处于劣势，则获得 <CondExtraHits> 次额外攻击（每层 <CondExtraHitsPerStack> 次）。,,Gain <CondExtraHits> Bonus Attack (<CondExtraHitsPerStack> per stack) in each Fight unless this Unit has Disadvantage.
Brave_WeaponEffectName,EFFECT,Name for the brave weapon ability,不屈,,Unyielding
BuffVsFullHP_EffectDesc,EFFECT,Description for the generic skill,与满生命值的单位战斗时，获得 <CondPower> 点威力与防御。,,Gain <CondPower> POW and DEF while Fighting a Unit who is at full HP.
BuffVsFullHP_EffectName,EFFECT,Name for the generic skill,削其锋芒,,Little Off the Top
Burning_TileEffectDesc,EFFECT,Description for the tile effect for a burning bookshelf,将此格的 <ThisEffect> 替换为 <BurntStatus>，然后对范围内随机 1 格施加 <Status>。,,"Replace <ThisEffect> with <BurntStatus> on this Tile, then apply <Status> to a random Tile in range."
Burning_TileEffectName,EFFECT,Name for the tile effect for a burning bookshelf,燃烧中,,Burning
Burnt_TileEffectDesc,EFFECT,Description for the tile effect for a burnt bookshelf,书籍已化为灰烬…,,The books have turned to ash...
Burnt_TileEffectName,EFFECT,Name for the tile effect for a burnt bookshelf,已摧毁,,Destroyed
CantCounterattack_StatusEffectDesc,EFFECT,Description for the debuff which prevents counterattacking,此单位在非由自己发起的战斗中无法攻击。,,This Unit can't Attack during Fights that they didn't initiate.
CantCounterattack_StatusEffectName,EFFECT,Name for the debuff which prevents counterattacking,眩晕,,Stunned
CatAbilityDesc,EFFECT,Description for the Cat weapon ability,在此单位的阶段内获得 <CondAvoid> 点闪避。,,Gain <CondAvoid> AVO during this Unit's Phase.
CatAbilityName,EFFECT,Name for the Cat weapon ability,猫眼,,Cat's Eye
Cetus_AddStealthToSelf_SkillEffectDesc,EFFECT,Description for the add stealth to self cetus skill,对此单位施加 <Status>。,,Apply <Status> to this Unit.
Cetus_AddStealthToSelf_SkillEffectName,EFFECT,Name for the add stealth to self cetus skill,眼见为实…,,Now You See Me...
Cetus_AddTeleportersToInventory_SkillEffectDesc,EFFECT,Description for the cetus skill,立即获得 2 个 <Item>。,,Immediately gain 2 <Item> items.
Cetus_AddTeleportersToInventory_SkillEffectName,EFFECT,Name for the cetus skill,百宝袋,,Bag of Tricks
Cetus_AddTeleporterToTile_ItemEffectDesc,EFFECT,Description for the cetus item effect,对 1 格施加 <Status>。对受阻格或不可通行格无效。,,Apply <Status> to a Tiles. Doesn't affect Obstructed or Impassable Tiles.
Cetus_AddTeleporterToTile_ItemEffectName,EFFECT,Name for the cetus item effect,放置传送门,,Place Teleportal
Cetus_TeleportInteractable_SkillEffectDesc,EFFECT,Description for the teleport interactable cetus skill,将 1 扇门或 1 个宝箱传送至范围内的另一格。此技能射程提高 <TargetRangeMod>（魔力的 50%）。,,Teleport a Door or Chest to another Tile in range. Increase the range of this Skill by <TargetRangeMod> (50% of MAG).
Cetus_TeleportInteractable_SkillEffectName,EFFECT,Name for the teleport interactable cetus skill,从此处到彼处,,From Here to There
CetusDistantActionsDesc,EFFECT,Description for the Cetus skill which increases the range of trading and opening things,使用以物品为目标的技能，以及使用交易、开启、解锁与熄灭行动时，获得 <Amount> 点射程（魔力的 50%）。,,"Gain <Amount> Range (50% of MAG) when using Skills that target Items, and also when using the Trade, Open, Unlock and Extinguish actions."
CetusDistantActionsName,EFFECT,Name for the Cetus skill which increases the range of trading and opening things,走私者之手,,Smuggler's Grasp
CetusDistantAttackDesc,EFFECT,Description for the Cetus skill which can attack at longer range than normal,以额外 <MaxWeaponRange> 点射程（魔力的 30%）与敌人战斗。若敌人在 2 格以内，其防御降低 <CondFoeDefense>（魔力的 50%）。,,Fight a Foe with an extra <MaxWeaponRange> RNG (30% of MAG). Reduce the Foe's DEF by <CondFoeDefense> (50% of MAG) if they're within 2 Tiles.
CetusDistantAttackName,EFFECT,Name for the Cetus skill which can attack at longer range than normal,正中眉心,,Between the Eyes
CetusInTeam_AddCashToInventory_EffectDesc,EFFECT,Description for the cetus in team skill,立即获得 1 个随机物品，其可折现为至少 50 金币。,,Immediately gain a random item that can be Liquidated for at least 50 gold.
CetusInTeam_AddCashToInventory_EffectName,EFFECT,Name for the cetus in team skill,金牙,,Gold Tooth
CetusRelicBuffDesc,EFFECT,Description for the buff applied by cetus's relic which increases a stat based on the total value of your inventory,获得 <Power> 点威力（背包总价值的 1%）。,,Gain <Power> POW (1% of total Inventory value).
CetusRelicBuffName,EFFECT,Name for the buff applied by cetus's relic which increases a stat based on the total value of your inventory,金钱即力量,,Money is Power
CetusTeleportDesc,EFFECT,Description for the Cetus skill which grants the teleportation movement mode,未骑乘时，移动时以传送代替行走。,,"While unmounted, Teleport instead of Walk when Moving."
CetusTeleportName,EFFECT,Name for the Cetus skill which grants the teleportation movement mode,传送,,Teleport
CraftRandomPotionDesc,EFFECT,Description for the generic skill for potion crafting,花费 <Cost> 金币获得 1 个随机药水物品。（25% 概率为经验药剂）,,Spend <Cost> Gold to gain a random Potion Item. (25% chance of an Experience Elixir)
CraftRandomPotionName,EFFECT,Name for the generic skill for potion crafting,调制药水,,Brew Potion
CraterTileDesc,EFFECT,Description for the tile effect for standing in a crater,对来自 2 格及以外的攻击获得 <CondAvoid> 点闪避。,,Gain <CondAvoid> AVO against Attacks from 2 or more Tiles away.
CraterTileName,EFFECT,Name for the tile effect for standing in a crater,寻找掩体,,Take Cover
Crit_WeaponEffectDesc,EFFECT,Description for the crit increasing weapon ability,获得 <CritChance> 点暴击（每层 <CritChancePerStack>）。,,Gain <CritChance> CRIT (<CritChancePerStack> per stack).
Crit_WeaponEffectName,EFFECT,Name for the crit increasing weapon ability,穿刺,,Impale
CrystalBowAbilityDesc,EFFECT,Description for the Crystal Bow weapon ability,攻击总伤害改为以对应的另一项防御属性计算（以魔抗代替防御）。,,Total Attack DMG is calculated against the opposite defensive stat (RES instead of DEF).
CrystalBowAbilityName,EFFECT,Name for the Crystal Bow weapon ability,附魔,,Enchantment
DaggerAbilityDesc,EFFECT,Description for the Dagger weapon ability,获得 <MaxWeaponRange> 点射程，但在最大射程处攻击时威力降低 <CondPower>。,,"Gain <MaxWeaponRange> RNG, but suffer <CondPower> POW when Attacking at max Range."
DaggerAbilityName,EFFECT,Name for the Dagger weapon ability,飞刀,,Throwing Knife
DamageAmountOnAllyDowned,EFFECT,Pop-up text for the 'death blow' relic,致命一击！,,Death Blow!
DecreaseDoublingThreshold_StatusEffectDesc,EFFECT,Description for the decrease doubling threshold status effect,此单位与其敌人获得额外攻击所需的攻速均降低 <AbsoluteAmount>。,,This Unit and their Foe both decrease the ATS needed to gain a Bonus Attack by <AbsoluteAmount>.
DecreaseDoublingThreshold_StatusEffectName,EFFECT,Name for the decrease doubling threshold status effect,连射,,Rapid-Fire
DecreaseMoveCost_TileEffectDesc,EFFECT,Description for the generic skill's tile effect,此格对友军的移动消耗为 <Amount>。,,This Tile has <Amount> Move Cost for Allies.
DecreaseMoveCost_TileEffectName,EFFECT,Name for the generic skill's tile effect,铺砌,,Paved
DecreaseOwnTileCost_SkillEffectDesc,EFFECT,Description for the generic skill,对此单位所在的格子施加 <Status>。,,Apply <Status> to this Unit's Tile.
DecreaseOwnTileCost_SkillEffectName,EFFECT,Name for the generic skill,熟路,,Road Most Travelled
DefenseBuffDesc,EFFECT,Description for the basic defense buff,获得 <Defense> 点防御（每层 <DefensePerStack>），持续至遭遇战结束。,,Gain <Defense> DEF (<DefensePerStack> per stack) until the End of an Encounter.
DefenseBuffName,EFFECT,Name for the basic defense buff,坚韧,,Durable
DefenseBuffPerpetualDesc,EFFECT,Description for the basic defense buff,获得 <Defense> 点防御（每层 <DefensePerStack>）。,,Gain <Defense> DEF (<DefensePerStack> per stack).
DefenseDebuffDesc,EFFECT,Description for the basic defense debuff,防御降低 <Defense> 点（每层 <DefensePerStack>），持续至遭遇战结束。,,Suffer <Defense> DEF (<DefensePerStack> per stack) until the End of an Encounter.
DefenseDebuffName,EFFECT,Name for the basic defense debuff,疏于防守,,Unguarded
DefenseDebuffPerpetualDesc,EFFECT,Description for the basic defense debuff,防御降低 <Defense> 点（每层 <DefensePerStack>）。,,Suffer <Defense> DEF (<DefensePerStack> per stack).
DefenseDownNearbyDesc,EFFECT,Description for the aura which applies a defense debuff to nearby enemies,对作用范围内的敌人施加 <Status>。,,Inflict <Status> on Foes in the Area of Effect.
DefenseDownNearbyName,EFFECT,Name for the aura which applies a defense debuff to nearby enemies,骇人,,Frightening
DefensiveExperience_EffectDesc,EFFECT,Description for the generic skill,被攻击命中时获得经验（等同于命中一次攻击所获经验）。,,Being hit by an Attack grants Experience (equal to the amount gained from hitting an Attack).
DefensiveExperience_EffectName,EFFECT,Name for the generic skill,实战学习,,Learn By Example
DestroyWeaponDesc,EFFECT,Description for the generic skill for destroying a weapon,摧毁 1 件被此单位所装备武器克制的敌人武器。,,Destroy a Foe's Weapon which this Unit's Equipped Weapon has Advantage over.
DestroyWeaponName,EFFECT,Name for the generic skill for destroying a weapon,裂武,,Sunder
DexBuffDesc,EFFECT,Description for the dexterity buff,获得 <Dexterity> 点灵巧（每层 <DexterityPerStack>），持续至遭遇战结束。,,Gain <Dexterity> DEX (<DexterityPerStack> per stack) until the End of an Encounter.
DexBuffName,EFFECT,Name for the dexterity buff,灵巧,,Deft
DexDebuffDesc,EFFECT,Description for the dexterity debuff,灵巧降低 <Dexterity> 点（每层 <DexterityPerStack>），持续至遭遇战结束。,,Suffer <Dexterity> DEX (<DexterityPerStack> per stack) until the End of an Encounter.
DexDebuffName,EFFECT,Name for the dexterity debuff,笨拙,,Clumsy
DexToPowCombat_EffectDesc,EFFECT,Description for the generic skill,以 <HitChance> 点命中与 <Power> 点威力（灵巧的 75%）与敌人战斗。,,Fight a Foe with <HitChance> HIT and <Power> POW (75% of DEX).
DexToPowCombat_EffectName,EFFECT,Name for the generic skill,变换架势,,Stance Change
Doll_DefBuff_SkillEffectDesc,EFFECT,Description for the ,获得 <Defense> 点防御。,,Gain <Defense> DEF.
Doll_DefBuff_SkillEffectName,EFFECT,Name for the ,坚质涂装,,Durable Finish
Doll_DefensiveSupportBonus_SkillEffectDesc,EFFECT,Description for the ,获得 <CondAttackSpeed> 点攻速（6 减去距傀儡师每格 1 点）与 <CondHealthPoints> 点最大生命（18 减去距傀儡师每格 3 点）。,,Gain <CondAttackSpeed> ATS (6 - 1 per Tile away from a Puppeteer) and <CondHealthPoints> Max HP (18 - 3 per Tile away from a Puppeteer).
Doll_DefensiveSupportBonus_SkillEffectName,EFFECT,Name for the ,紧握守护,,Hold Close
Doll_FullDebuff_SkillEffectDesc,EFFECT,Description for the ,最大生命降低 <HealthPoints> 点，力量、魔力、防御、魔抗、灵巧与速度均降低 <Strength> 点。,,"Suffer <HealthPoints> Max HP, and <Strength> STR, MAG, DEF, RES, DEX, and SPD."
Doll_FullDebuff_SkillEffectName,EFFECT,Name for the ,悬丝牵制,,Strung Up
Doll_HpBuff_SkillEffectDesc,EFFECT,Description for the ,获得 <HealthPoints> 点最大生命。,,Gain <HealthPoints> Max HP.
Doll_HpBuff_SkillEffectName,EFFECT,Name for the ,防护涂层,,Protective Coating
Doll_LearnMagicWeapons_EffectDesc,EFFECT,Description for the ,获得 1 个额外装备栏，并可持用法器、护壁与使魔类武器。,,"Gain an extra Equipment slot and the ability to wield Focus, Barrier, and Familiar Weapons."
Doll_LearnMagicWeapons_EffectName,EFFECT,Name for the ,光洁釉面,,Smooth Sheen
Doll_LearnPhysicalWeapons_EffectDesc,EFFECT,Description for the ,获得 1 个额外装备栏，并可持用重武、盾与轻武类武器。,,"Gain an extra Equipment slot and the ability to wield Heavy, Shield, and Light Weapons."
Doll_LearnPhysicalWeapons_EffectName,EFFECT,Name for the ,粗砺木纹,,Rough Grain
Doll_MovBuff_SkillEffectDesc,EFFECT,Description for the ,获得 <MovementSpeed> 点移动，以及游泳与掘地能力。,,"Gain <MovementSpeed> MOV, Swimming, and Burrowing."
Doll_MovBuff_SkillEffectName,EFFECT,Name for the ,润滑关节,,Lubricated
Doll_OffensiveSupportBonus_SkillEffectDesc,EFFECT,Description for the ,获得 <CondDexterity> 点灵巧（6 减去距傀儡师每格 1 点）与 <CondCritChance> 点暴击（36 减去距傀儡师每格 6 点）。,,Gain <CondDexterity> DEX (6 - 1 per Tile away from a Puppeteer) and <CondCritChance> CRIT (36 - 6 per Tile away from a Puppeteer).
Doll_OffensiveSupportBonus_SkillEffectName,EFFECT,Name for the ,信心加持,,Gain Confidence
Doll_ResBuff_SkillEffectDesc,EFFECT,Description for the ,获得 <Resistance> 点魔抗。,,Gain <Resistance> RES.
Doll_ResBuff_SkillEffectName,EFFECT,Name for the ,威仪凛然,,Awe-Inspiring
Doll_SpdBuff_SkillEffectDesc,EFFECT,Description for the ,获得 <Speed> 点速度。,,Gain <Speed> SPD.
Doll_SpdBuff_SkillEffectName,EFFECT,Name for the ,轻活木料,,Limber Lumber
Draco_AddWagerToSelf_WeaponEffectDesc,EFFECT,Description for the draco weapon ability,对此单位施加 <SelfStatus0>，然后以 <ExtraHits> 次额外攻击与 <Power> 点威力与敌人战斗。此场战斗中敌人亦获得 <FoeExtraHits> 次额外攻击与 <Power> 点威力。,,"Apply <SelfStatus0> to this Unit, then Fight a Foe with <ExtraHits> Bonus Attack and <Power> POW. The Foe also has <FoeExtraHits> Bonus Attack and <Power> POW during this Fight."
Draco_AddWagerToSelf_WeaponEffectName,EFFECT,Name for the draco weapon ability,绅士之赌,,Gentleman's Game
Draco_Chips_StatusEffectDesc,EFFECT,Description for the draco status effect,当 <ThisEffect> 达到 <MaxStacks> 层后，对此单位施加 <Status>。当 <ThisEffect> 降至 0 层后，移除所有 <Status>。,,"After reaching <MaxStacks> stacks of <ThisEffect>, inflict <Status> on this Unit. After reaching 0 stacks of <ThisEffect>, relinquish all <Status>."
Draco_Chips_StatusEffectName,EFFECT,Name for the draco status effect,筹码,,Chips
Draco_CritBuff_StatusEffectDesc,EFFECT,Description for the draco crit buff,获得 <CritChance> 点暴击。,,Gain <CritChance> CRIT.
Draco_CritBuff_StatusEffectName,EFFECT,Name for the draco crit buff,灌铅骰子,,Loaded Dice
Draco_CritDodge_SkillEffectDesc,EFFECT,Description for the draco skill,每当有攻击未命中此单位时，其进行一次暴击判定。判定成功则恢复本应承受伤害的 <DmgPercent>%。此暴击可计为 <Reference0> 的一次额外成功。,,This Unit rolls their CRIT whenever an attack misses them. On a successful roll they heal <DmgPercent>% of the DMG they would have taken. This CRIT counts as an additional success for a <Reference0>.
Draco_CritDodge_SkillEffectName,EFFECT,Name for the draco skill,暴击骰,,Critical Roll
Draco_FullStatBuff_StatusEffectDesc,EFFECT,Description for the draco status effect,获得 <Strength> 点力量、魔力、防御、魔抗、灵巧与速度。闪避与暴击降低 <Avoid> 点。,,"Gain <Strength> STR, MAG, DEF, RES, DEX, and SPD. Suffer <Avoid> AVO, and CRIT."
Draco_FullStatBuff_StatusEffectName,EFFECT,Name for the draco status effect,庄家通吃,,The House Always Wins
Draco_GamblerAddTaunt_SkillEffectDesc,EFFECT,Description for the draco skill,对 1 个单位施加 <Status>。\n（<HighStakes>）并对其施加 <Status2>。,,Apply <Status> to a Unit.\n(<HighStakes>) Also apply <Status2> to them.
Draco_GamblerAddTaunt_SkillEffectName,EFFECT,Name for the draco skill,虚张声势,,Bluff
Draco_GamblerAdvantage_SkillEffectDesc,EFFECT,Description for the draco skill,此单位有 <SelfProcChance> 概率（20 + 速度）对自身施加 <Status>，并有 <FoeProcChance> 概率（30 − 速度）对其敌人施加 <Status>。\n（<HighStakes>）在此单位的战斗中，优势与劣势带来的加成与惩罚变为三倍。,,"This Unit has a <SelfProcChance> chance (20 + SPD) to apply <Status> to themself, and a <FoeProcChance> chance (30 - SPD) to apply <Status> to their Foe.\n(<HighStakes>) During this Unit's Fights, triple the bonuses and penalties from Advantage and Disadvantage."
Draco_GamblerAdvantage_SkillEffectName,EFFECT,Name for the draco skill,暗箱操控,,Stack the Deck
Draco_GamblerAoeStatuses_SkillEffectDesc,EFFECT,Description for the draco skill,对作用范围内的所有单位施加 1 个随机状态效果。友军获得有益状态，敌人获得有害状态。\n（<HighStakes>）并对作用范围内的所有单位施加 <Status>。,,"Apply a random Status Effect to all Units within the Area of Effect. Allies will get a beneficial Status, while Foes will get a harmful Status.\n(<HighStakes>) Also apply <Status> to all Units within the Area of Effect."
Draco_GamblerAoeStatuses_SkillEffectName,EFFECT,Name for the draco skill,轮盘赌,,Roulette
Draco_GamblerDirectDamage_SkillEffectDesc,EFFECT,Description for the draco skill,以 <ExtraHits> 次额外攻击与敌人战斗。此单位的每次攻击造成正常伤害的 50%。\n（<HighStakes>）每次攻击改为造成正常伤害的 100%，但此单位命中降低 <CondHitChance>。,,"Fight a Foe with <ExtraHits> Bonus Attacks. Each of this Unit's Attacks deal 50% of their normal DMG.\n(<HighStakes>) Each Attack instead deals 100% of their normal DMG, but this Unit suffers <CondHitChance> HIT."
Draco_GamblerDirectDamage_SkillEffectName,EFFECT,Name for the draco skill,神圣掷骰,,Holy Roller
Draco_GamblerRemoveChips_SkillEffectDesc,EFFECT,Description for the draco skill,消耗所有 <Reference0> 层数，对此单位施加 <Status>（为所消耗 <Reference0> 的 50%）。,,Spend all stacks of <Reference0> to apply <Status> (50% of <Reference0> spent) to this Unit.
Draco_GamblerRemoveChips_SkillEffectName,EFFECT,Name for the draco skill,兑现离场,,Cash Out
Draco_HighStakes_StatusEffectDesc,EFFECT,Description for the draco status effect,失去 <Status>。\n处于 <ThisEffect> 期间获得 <ExtraHits> 次额外攻击。处于 <ThisEffect> 期间，赌徒技能拥有额外效果。,,Lose <Status>.\nGain <ExtraHits> Bonus Attack while in <ThisEffect>. Gambler Skills have additional effects while in <ThisEffect>.
Draco_HighStakes_StatusEffectName,EFFECT,Name for the draco status effect,孤注一掷,,High Stakes
Draco_TempAdvantageBuff_StatusEffectDesc,EFFECT,Description for the buff which makes the unit always have advantage,战斗中无视所用武器，始终获得优势。战斗结束时移除所有 <ThisEffect>。,,"Gain Advantage during Fights, regardless of weapons used. Relinquish all <ThisEffect> at the end of a Fight."
Draco_TempAdvantageBuff_StatusEffectName,EFFECT,Name for the buff which makes the unit always have advantage,精通,,Mastery
Draco_Wager_StatusEffectDesc,EFFECT,Description for the draco status effect,对此单位施加 <Status>。,,Apply <Status> to this Unit.
Draco_Wager_StatusEffectName,EFFECT,Name for the draco status effect,赌注,,Wager
DracoInTeam_AddWagerToSelf_SkillEffectDesc,EFFECT,Description for the draco weapon ability,对此单位施加 <Status>。,,Apply <Status> to this Unit.
DracoInTeam_AddWagerToSelf_SkillEffectName,EFFECT,Name for the draco weapon ability,定下赌约,,Strike a Bet
Druid_AoEForestTerraform_EffectDesc,EFFECT,Description for the druid skill,对作用范围内的所有格子施加 <Status>。对大多数受阻格或不可通行格无效（可影响裂隙格）。,,Apply <Status> to all Tiles in the Area of Effect. Doesn't affect most Obstructed or Impassable Tiles (can affect Fissure Tiles).
Druid_AoEForestTerraform_EffectName,EFFECT,Name for the druid skill,重焕林野,,Reforestation
Druid_Burrowing_EffectDesc,EFFECT,Description for the druid skill which grants the burrowing movement mode,未骑乘时，此单位移动时可掘地。,,"While unmounted, this Unit can Burrow when moving."
Druid_Burrowing_EffectName,EFFECT,Name for the druid skill which grants the burrowing movement mode,掘地潜行,,Undermine
Druid_IgnoreFoeTerrain_EffectDesc,EFFECT,Description for the druid skill,战斗中无视敌人的地形效果,,Ignore the Foe's terrain effects during Fights
Druid_IgnoreFoeTerrain_EffectName,EFFECT,Name for the druid skill,主场作战,,Turf Warrior
Druid_OffensiveTerrainBonuses_EffectDesc,EFFECT,Description for the druid skill,获得 <Power> 点威力（地形防御的 100%）与 <HitChance> 点命中（地形闪避的 100%）。,,Gain <Power> POW (100% of DEF from terrain) and <HitChance> HIT (100% of AVO from terrain).
Druid_OffensiveTerrainBonuses_EffectName,EFFECT,Name for the druid skill,大地恩赐,,Planet's Bounty
EarthBarrierAbilityDesc,EFFECT,Description for the Earth barrier weapon ability,攻击总伤害改为以对应的另一项防御属性计算（以防御代替魔抗）。,,Total Attack DMG is calculated against the opposite defensive stat (DEF instead of RES).
EarthBarrierAbilityName,EFFECT,Name for the Earth barrier weapon ability,钝击之力,,Blunt Force
EffectiveAgainstFighterDesc,EFFECT,Description for the buff to weapon power against fighters,对战士单位造成武器威力 <Amount> 倍的伤害。,,Deal <Amount>x weapon's power against Warrior units.
EffectiveAgainstFighterName,EFFECT,Name for the buff to weapon power against fighters,战士克星,,Warrior's Bane
EffectiveAgainstKnightDesc,EFFECT,Description for the buff to weapon power against knights,对骑士单位造成武器威力 <Amount> 倍的伤害。,,Deal <Amount>x weapon's power against Knight units.
EffectiveAgainstKnightName,EFFECT,Name for the buff to weapon power against knights,骑士克星,,Knight's Bane
EffectiveAgainstMageDesc,EFFECT,Description for the buff to weapon power against mages,对法师单位造成武器威力 <Amount> 倍的伤害。,,Deal <Amount>x weapon's power against Mage units.
EffectiveAgainstMageName,EFFECT,Name for the buff to weapon power against mages,法师克星,,Mage's Bane
EffectiveAgainstMercDesc,EFFECT,Description for the buff to weapon power against mercenaries,对能手单位造成武器威力 <Amount> 倍的伤害。,,Deal <Amount>x weapon's power against Adept units.
EffectiveAgainstMercName,EFFECT,Name for the buff to weapon power against mercenaries,能手克星,,Adept's Bane
EffectiveAgainstMonkDesc,EFFECT,Description for the buff to weapon power against monks,对武僧单位造成武器威力 <Amount> 倍的伤害。,,Deal <Amount>x weapon's power against Monk units.
EffectiveAgainstMonkName,EFFECT,Name for the buff to weapon power against monks,武僧克星,,Monk's Bane
EffectiveAgainstMyrmDesc,EFFECT,Description for the buff to weapon power against myrmidonss,对斥候单位造成武器威力 <Amount> 倍的伤害。,,Deal <Amount>x weapon's power against Scout units.
EffectiveAgainstMyrmName,EFFECT,Name for the buff to weapon power against myrmidonss,斥候克星,,Scout's Bane
EffectiveAgainstScholarDesc,EFFECT,Description for the buff to weapon power against scholars,对学者单位造成武器威力 <Amount> 倍的伤害。,,Deal <Amount>x weapon's power against Scholar units.
EffectiveAgainstScholarName,EFFECT,Name for the buff to weapon power against scholars,学者克星,,Scholar's Bane
EffectiveAgainstSorcDesc,EFFECT,Description for the buff to weapon power against sorcerers,对术士单位造成武器威力 <Amount> 倍的伤害。,,Deal <Amount>x weapon's power against Sorcerer units.
EffectiveAgainstSorcName,EFFECT,Name for the buff to weapon power against sorcerers,术士克星,,Sorcerer's Bane
EncouragedBuffDesc,EFFECT,Description for the status effect where a unit has briefly given power to another unit,获得 <HitChance> 点命中（每层 <HitChancePerStack>）与 <Power> 点威力（每层 <PowerPerStack>），持续至此单位回合结束。,,Gain <HitChance> HIT (<HitChancePerStack> per stack) and <Power> POW (<PowerPerStack> per stack) until the end of this Unit's Turn.
EncouragedBuffName,EFFECT,Name for the status effect where a unit has briefly given power to another unit,鼓舞,,Encouraged
EncourageEffectDesc,EFFECT,Description for the generic skill that applies a brief power boost to another Unit,对 1 名尚未行动过的友军施加 <Status>。,,Apply <Status> to an Ally who hasn't taken their turn yet.
EncourageEffectName,EFFECT,Name for the generic skill that applies a brief power boost to another Unit,接力传递,,Baton Pass
Enemy_UpRNGDownAts_EffectDesc,EFFECT,Description for the effect of permanently increasing RNG and decreasing ATS,永久获得 <Amount0> 点射程，但攻速降低 <Amount1>。,,Permanently gain <Amount0> RNG but suffer <Amount1> ATS.
Enemy_UpRNGDownAts_EffectName,EFFECT,Name for the effect of permanently increasing RNG and decreasing ATS,最远之弓,,Longest Draw
EnemyBerserkDebuffName,EFFECT,Name for the debuff which causes the unit to uncontrollably attack things,星盲,,Starblindness
EnemyHeal_EffectDesc,EFFECT,Description for the enemy healing skill,为 1 名友军恢复 <Healing> 点生命（5 + 魔力）。,,Heal an Ally <Healing> (5+MAG) HP.
EnemyHeal_EffectName,EFFECT,Name for the enemy healing skill,星光,,Starlight
EnemyLaserTargeted_StatusEffectDesc,EFFECT,Description for the status effect for when marked by an enemy laser,此单位毛发倒竖，口中泛起异样的味道。闪避降低 <Avoid> 点。此单位可成为 <Reference0> 的目标。,,This Unit's hair is standing on end and they have a weird taste in their mouth. Suffer <Avoid> AVO. This Unit can be targeted by <Reference0>.
EnemyLaserTargeted_StatusEffectName,EFFECT,Name for the status effect for when marked by an enemy laser,静电附着,,Static Cling
EnemyRageDebuffName,EFFECT,"Name for the debuff which builds up until it causes Berserk, unless they are calmed down",星迷,,Starstruck
ExpBuffAuraDesc,EFFECT,Description for the aura which applies an exp gain buff to nearby enemies,对作用范围内的友军施加 <Status>。,,Apply <Status> to Allies in the Area of Effect.
ExpBuffAuraName,EFFECT,Name for the aura which applies an exp gain buff to nearby enemies,导师,,Mentor
ExpBuffDesc,EFFECT,Description for the Name for a status effect where the unit's exp gain is buffed,每层额外获得 <ExtraExpGain>% 经验。,,Gain an extra <ExtraExpGain>% Experience per stack.
ExpBuffName,EFFECT,Name for the Name for a status effect where the unit's exp gain is buffed,专注,,Attentive
ExpGainDEFEffectDesc,EFFECT,Description for the item effect of gaining stat exp for DEF,获得 <Amount> 点防御经验。,,Gain <Amount> DEF Experience.
ExpGainDEFEffectName,EFFECT,Name for the item effect of gaining stat exp for DEF,饮用防御药剂,,Drink Defense Elixir
ExpGainDEXEffectDesc,EFFECT,Description for the item effect of gaining stat exp for DEX,获得 <Amount> 点灵巧经验。,,Gain <Amount> DEX Experience.
ExpGainDEXEffectName,EFFECT,Name for the item effect of gaining stat exp for DEX,饮用灵巧药剂,,Drink Dexterity Elixir
ExpGainMAGEffectDesc,EFFECT,Description for the item effect of gaining stat exp for MAG,获得 <Amount> 点魔力经验。,,Gain <Amount> MAG Experience.
ExpGainMAGEffectName,EFFECT,Name for the item effect of gaining stat exp for MAG,饮用魔力药剂,,Drink Magic Elixir
ExpGainRESEffectDesc,EFFECT,Description for the item effect of gaining stat exp for RES,获得 <Amount> 点魔抗经验。,,Gain <Amount> RES Experience.
ExpGainRESEffectName,EFFECT,Name for the item effect of gaining stat exp for RES,饮用魔抗药剂,,Drink Resistance Elixir
ExpGainSPDEffectDesc,EFFECT,Description for the item effect of gaining stat exp for SPD,获得 <Amount> 点速度经验。,,Gain <Amount> SPD Experience.
ExpGainSPDEffectName,EFFECT,Name for the item effect of gaining stat exp for SPD,饮用速度药剂,,Drink Speed Elixir
ExpGainSTREffectDesc,EFFECT,Description for the item effect of gaining stat exp for STR,获得 <Amount> 点力量经验。,,Gain <Amount> STR Experience.
ExpGainSTREffectName,EFFECT,Name for the item effect of gaining stat exp for STR,饮用力量药剂,,Drink Strength Elixir
Familiar_AddHealOnDeath_WeaponEffectDesc,EFFECT,Description for the add heal on death familiar weapon ability,对 1 名敌人施加 <Status>。,,Inflict <Status> on a Foe.
Familiar_AddHealOnDeath_WeaponEffectName,EFFECT,Name for the add heal on death familiar weapon ability,献祭之羔,,Sacrificial Lamb
Familiar_AdvantageVsDruid_WeaponEffectDesc,EFFECT,Description for the advantage vs druid weapon ability,对德鲁伊与赌徒单位获得优势。,,Gain Advantage against Druid and Gambler Units.
Familiar_AdvantageVsDruid_WeaponEffectName,EFFECT,Name for the advantage vs druid weapon ability,德鲁伊杀手,,Druid Killer
Familiar_AoEReduceMaxHp_WeaponEffectDesc,EFFECT,Description for the AoE reduce max HP familiar weapon ability,消耗 <Cost> 点生命，对作用范围内的所有敌人施加 <Status>。,,Spend <Cost> HP to inflict <Status> on all Foes in the Area of Effect.
Familiar_AoEReduceMaxHp_WeaponEffectName,EFFECT,Name for the AoE reduce max HP familiar weapon ability,断筋,,Slice Sinew
Familiar_ApplyPowDebuff_EffectDesc,EFFECT,Description for the familiar skill,对攻击方单位施加 <Status>。,,Apply <Status> to the Attacking Unit.
Familiar_ApplyPowDebuff_EffectName,EFFECT,Name for the familiar skill,借机攻击,,Opportunity Attack
Familiar_CantCounter_WeaponEffectDesc,EFFECT,Description for the can't counterattack familiar weapon ability,此单位在非由自己发起的战斗中无法攻击。,,This Unit can't Attack during Fights that they didn't initiate.
Familiar_CantCounter_WeaponEffectName,EFFECT,Name for the can't counterattack familiar weapon ability,倦怠,,Lethargic
Familiar_Force1Range_WeaponEffectDesc,EFFECT,Description for the force 1 range familiar weapon ability,对 1 个单位施加 <Status>。,,Apply <Status> to a Unit.
Familiar_Force1Range_WeaponEffectName,EFFECT,Name for the force 1 range familiar weapon ability,紧缚,,Constrict
Familiar_HitDebuffAura_WeaponEffectDesc,EFFECT,Description for the HIT debuff aura familiar weapon ability,对作用范围内的所有敌人施加 <Status>，但此单位闪避降低 <Avoid>。,,"Inflict <Status> on all Foes in the Area of Effect, but this Unit suffers <Avoid> AVO."
Familiar_HitDebuffAura_WeaponEffectName,EFFECT,Name for the HIT debuff aura familiar weapon ability,威吓姿态,,Posture
Familiar_MakeRedUnitGreen_WeaponEffectDesc,EFFECT,Description for the make red unit green familiar weapon ability,使 1 名敌人变为中立。无法以队长为目标。,,A Foe becomes Unaligned. Can't target a Leader.
Familiar_MakeRedUnitGreen_WeaponEffectName,EFFECT,Name for the make red unit green familiar weapon ability,化敌为友,,Make Friend
Familiar_MarkDebuff_StatusEffectDesc,EFFECT,Description for the status effect that is a def and res debuff,防御与魔抗降低 <Defense> 点（每层 <DefensePerStack>）。\n当此单位被击败时，对随机 1 名友军施加 <Status>（每层 <StatusPerStack>）。,,"Suffer <Defense> DEF and RES (<DefensePerStack> per stack).\nWhen this Unit is Defeated, apply <Status> (<StatusPerStack> per stack) to a random Ally."
Familiar_MarkDebuff_StatusEffectName,EFFECT,Name for the status effect that is a def and res debuff,猎人印记,,Hunter's Mark
Familiar_MarkedOnHitAndReplaceAttack_WeaponEffectDesc,EFFECT,Description for the marked on hit and replace attack familiar weapon ability,对受伤单位施加 <Status>。\n\n此外，将 <Attack> 行动替换为 <Reference0>。,,"Inflict <Status> on the Damaged Unit.\n\nAdditionally, replace the <Attack> action with <Reference0>."
Familiar_MarkedOnHitAndReplaceAttack_WeaponEffectName,EFFECT,Name for the marked on hit and replace attack familiar weapon ability,标记猎物,,Mark Prey
Familiar_MarkRandomEnemy_SkillEffectDesc,EFFECT,Description for the familiar skill that applies a debuff to a random enemy,对随机 1 名敌人施加 <Status>。无法以队长为目标。,,Apply <Status> to a random Foe. Can't target a Leader.
Familiar_MarkRandomEnemy_SkillEffectName,EFFECT,Name for the familiar skill that applies a debuff to a random enemy,今日猎物,,Catch of the Day
FifthRitualAbilityDesc,EFFECT,Description for the Fifth Ritual weapon ability,作用范围内的所有友军恢复 <Healing> 点生命（灵巧的 100%）。,,All Allies in the Area of Effect heal <Healing> HP (100% of DEX).
FifthRitualAbilityName,EFFECT,Name for the Fifth Ritual weapon ability,疗愈,,Remedy
FinalBoss_AddRandomBuffToSelf_EffectDesc,EFFECT,Description for the final boss skill,随机使力量、魔力、防御、魔抗、灵巧或速度 +1，持续至遭遇战结束。,,"Randomly gain +1 to STR, MAG, DEF, RES, DEX, or SPD until the end of an Encounter."
FinalBoss_AddRandomBuffToSelf_EffectName,EFFECT,Name for the final boss skill,萃取精华,,Extract Essence
FinalBoss_ApplyPowDebuff_EffectDesc,EFFECT,Description for the final boss skill,对攻击方单位施加 <Status>。,,Apply <Status> to the Attacking Unit.
FinalBoss_ApplyPowDebuff_EffectName,EFFECT,Name for the final boss skill,借机攻击,,Opportunity Attack
FinalBoss_BuffPerBoss_SkillEffectDesc,EFFECT,Description for the final boss skill,获得 <Strength> 点力量、魔力、防御、魔抗、灵巧与速度（每有 1 名友方队长 +2，不含此单位）。,,"Gain <Strength> STR, MAG, DEF, RES, DEX, and SPD (2 per Ally Leader, excluding this Unit)."
FinalBoss_BuffPerBoss_SkillEffectName,EFFECT,Name for the final boss skill,腐生,,Saprophyte
FinalBoss_BuffPerBoss_Weak_SkillEffectDesc,EFFECT,Description for the weak version of a final boss skill,获得 <Strength> 点力量、魔力、防御、魔抗、灵巧与速度（每有 1 名友方队长 +1，不含此单位）。,,"Gain <Strength> STR, MAG, DEF, RES, DEX, and SPD (1 per Ally Leader, excluding this Unit)."
FinalBoss_BuffPerBoss_Weak_SkillEffectName,EFFECT,Name for the weak version of a final boss skill,腐生,,Saprophyte
FinalBoss_HealOverTime_StatusEffectDesc,EFFECT,Description for the final boss heal-over-time buff,若星尘已降临，恢复 <Healing> 点生命（最大生命的 10%）。,,Heal <Healing> HP (10% of Max HP) if the Stardust has arrived.
FinalBoss_HealOverTime_StatusEffectName,EFFECT,Name for the final boss heal-over-time buff,噬亡,,Thanophage
FinalBoss_IncreaseDoublingThreshold_EffectDesc,EFFECT,Description for the increase doubling threshold final boss effect,此单位与其敌人获得额外攻击所需的攻速均提高 <AbsoluteAmount>。,,This Unit and their Foe both increase the ATS needed to gain a Bonus Attack by <AbsoluteAmount>.
FinalBoss_IncreaseDoublingThreshold_EffectName,EFFECT,Name for the increase doubling threshold final boss effect,迟缓,,Slow
FinalBoss_MagicPhase_WeaponEffectDesc,EFFECT,Description for the final boss skill,获得若干魔法技能。,,Gain several Magical skills.
FinalBoss_MagicPhase_WeaponEffectName,EFFECT,Name for the final boss skill,神格·术法,,Apotheosis Magos
FinalBoss_MarkedAoEAttack_EffectDesc,EFFECT,Description for the marked AoE final boss skill,对作用范围内的所有敌人造成 <Damage> 点魔法伤害（威力的 100%）。仅能以带有 <Reference0> 的单位为目标。,,Attack all Foes within the Area of Effect for <Damage> Magic DMG (100% of POW). This can only target Units with <Reference0>.
FinalBoss_MarkedAoEAttack_EffectName,EFFECT,Name for the marked AoE final boss skill,弹幕齐射,,Barrage
FinalBoss_MarkRandomEnemy_SkillEffectDesc,EFFECT,Description for the familiar skill that applies a debuff to a random enemy,对随机 1 名敌人施加 <Status>。,,Apply <Status> to a random Foe.
FinalBoss_MarkRandomEnemy_SkillEffectName,EFFECT,Name for the familiar skill that applies a debuff to a random enemy,今日猎物,,Catch of the Day
FinalBoss_PhaseChanging_SkillEffectDesc,EFFECT,Description for the final boss mechanic,（休眠中）\n当敌人进入 5 格以内时，它将苏醒。\n（苏醒中）\n- 摧毁其装备的武器。\n- 持续获得武器，直至背包填满。\n- 获得持用下一件武器的能力。,,(While Dormant)\nIt will Awaken once a Foe comes within 5 Tiles.\n(While Awake)\n- Destroy its equipped Weapon.\n- Gain Weapons until its Inventory is full.\n- Gain the ability to wield its next Weapon.
FinalBoss_PhaseChanging_SkillEffectName,EFFECT,Name for the final boss mechanic,越魂,,Oversoul
FinalBoss_PhysicalPhase_WeaponEffectDesc,EFFECT,Description for the final boss skill,获得若干物理技能。,,Gain several Physical skills.
FinalBoss_PhysicalPhase_WeaponEffectName,EFFECT,Name for the final boss skill,神格·剑刃,,Apotheosis Xiphos
FinalBoss_RangedPhase_WeaponEffectDesc,EFFECT,Description for the final boss skill,获得若干远程技能。,,Gain several Ranged skills.
FinalBoss_RangedPhase_WeaponEffectName,EFFECT,Name for the final boss skill,神格·弓手,,Apotheosis Toxotai
FireBarrierAbilityDesc,EFFECT,Description for the Fire barrier weapon ability,对 1 名友军施加 <Status>。,,Apply <Status> to an Ally.
FireBarrierAbilityName,EFFECT,Name for the Fire barrier weapon ability,温暖怀抱,,Warm Embrace
FlatMovementDebuffDesc,EFFECT,Description for the status effect that reduces a unit's movement by a flat amount per stack,移动降低 <MovementSpeed> 点（每层 <MovementSpeedPerStack>）。,,Suffer <MovementSpeed> MOV (<MovementSpeedPerStack> per stack).
FlatMovementDebuffName,EFFECT,Name for the status effect that reduces a unit's movement by a flat amount per stack,受阻,,Impeded
Focus_AddRandomBuffToSelf_EffectDesc,EFFECT,Description for the focus skill,随机使力量、魔力、防御、魔抗、灵巧或速度 +1，持续至遭遇战结束。,,"Randomly gain +1 to STR, MAG, DEF, RES, DEX, or SPD until the end of an Encounter."
Focus_AddRandomBuffToSelf_EffectName,EFFECT,Name for the focus skill,萃取精华,,Extract Essence
Focus_AdvantageVsMage_WeaponEffectDesc,EFFECT,Description for the advantage vs mage weapon ability,对法师与血织单位获得优势。,,Gain Advantage against Mage and Bloodweaver Units.
Focus_AdvantageVsMage_WeaponEffectName,EFFECT,Name for the advantage vs mage weapon ability,法师杀手,,Mage Killer
Focus_AoEBleed_WeaponEffectDesc,EFFECT,Description for the AoE bleed focus weapon ability,生于鲜血。对作用范围内的所有敌人施加 <Status>,,Born from Blood. Inflict <Status> on all Foes in the Area of Effect
Focus_AoEBleed_WeaponEffectName,EFFECT,Name for the AoE bleed focus weapon ability,血之风暴,,Storm of Blood
Focus_ApplyBleed_WeaponEffectDesc,EFFECT,Description for the focus weapon ability,对受伤单位施加 <Status>。,,Inflict <Status> on the Damaged Unit.
Focus_ApplyBleed_WeaponEffectName,EFFECT,Name for the focus weapon ability,撕裂伤口,,Inflict Wounds
Focus_LifeSteal_WeaponEffectDesc,EFFECT,Description for the life steal focus weapon ability,此单位有 <ProcChance> 概率（灵巧的 200%）恢复其造成伤害的 <DmgPercent>%。,,This Unit has a <ProcChance> chance (200% of DEX) to heal <DmgPercent>% of any DMG they deal.
Focus_LifeSteal_WeaponEffectName,EFFECT,Name for the life steal focus weapon ability,汲取,,Sap
Focus_MagAura_WeaponEffectDesc,EFFECT,Description for the MAG buff aura focus weapon ability,对作用范围内的所有友军施加 <Status>。,,Apply <Status> to all Allies in the Area of Effect.
Focus_MagAura_WeaponEffectName,EFFECT,Name for the MAG buff aura focus weapon ability,散发,,Emanation
Focus_OverridePhysicalWeaponType_EffectDesc,EFFECT,Description for the focus skill,此单位将所有重武、盾、轻武与投掷类武器视为射程 1-2 的魔法法器武器。,,"This Unit treats all Heavy, Shield, Light, and Projectile weapons as 1-2 Range Magic Focus weapons."
Focus_OverridePhysicalWeaponType_EffectName,EFFECT,Name for the focus skill,壳中之魂,,Ghost in a Shell
Focus_RandomFightAction_WeaponEffectDesc,EFFECT,Description for the random fight action focus weapon ability,将 <Attack> 行动替换为 <Reference0>。,,Replace the <Attack> action with <Reference0>.
Focus_RandomFightAction_WeaponEffectName,EFFECT,Name for the random fight action focus weapon ability,失手,,Slip Up
Focus_ReduceFoePow_WeaponEffectDesc,EFFECT,Description for the reduce foe POW focus weapon ability,与敌人战斗时，若此单位生命在 50% 及以下，则敌人威力降低 <CondFoePower>。,,"While Fighting a Foe, they suffer <CondFoePower> POW if this Unit is at or below 50% HP."
Focus_ReduceFoePow_WeaponEffectName,EFFECT,Name for the reduce foe POW focus weapon ability,绝境恳求,,Desperate Plea
Focus_ReduceFoeRes_WeaponEffectDesc,EFFECT,Description for the reduce foe RES focus weapon ability,与敌人战斗时，其魔抗降低 <FoeResistance>（最低 0）。,,"While Fighting a Foe, they suffer <FoeResistance> RES (min 0)."
Focus_ReduceFoeRes_WeaponEffectName,EFFECT,Name for the reduce foe RES focus weapon ability,穿透心智,,Pierce Mind
Focus_RepairDoll_WeaponEffectDesc,EFFECT,Description for the ,将此物品替换为 <Item>。,,Replace this Item with a <Item>.
Focus_RepairDoll_WeaponEffectName,EFFECT,Name for the ,修理,,Repair
Focus_UseActiveItem_WeaponEffectDesc,EFFECT,Description for the use active item focus weapon ability,使用另一单位背包中的物品。,,Use an Item from another Unit's inventory.
Focus_UseActiveItem_WeaponEffectName,EFFECT,Name for the use active item focus weapon ability,顺手牵羊,,Yoink
FoesMagToPowCombat_EffectDesc,EFFECT,Description for the ,以额外 <X> 点威力（敌人魔力的 50%）与敌人战斗。,,Fight a Foe with <X> additional POW (50% of Foe's MAG).
FoesMagToPowCombat_EffectName,EFFECT,Name for the ,个头越大…,,The Bigger They Are...
ForcefieldSwitch_TileEffectDesc,EFFECT,Description for the effect that allows you to switch forcefields on and off,使力场改为允许己方队伍通过，转而阻挡敌人。,,Allow Forcefields to let your Team pass and block Foes instead.
ForcefieldSwitch_TileEffectName,EFFECT,Name for the effect that allows you to switch forcefields on and off,切换力场,,Switch Forcefield
FrogAbilityDesc,EFFECT,Description for the Frog weapon ability,对 1 名敌人施加 <Status>。,,Apply <Status> to a Foe.
FrogAbilityName,EFFECT,Name for the Frog weapon ability,黏胶,,Sticky Goo
FullSniper_DummyEffectDesc,EFFECT,Description for the ,相比大多数单位，此单位获得 +2 最大射程，但移动 -2。,,This Unit gains +2 Max RNG but suffers -2 MOV compared to most Units.
FullSniper_DummyEffectName,EFFECT,Name for the ,警戒,,Overwatch
FullStatBuff_StatusEffectDesc,EFFECT,Description for the generic skill's buff,获得 <Strength> 点力量、魔力、防御、魔抗、灵巧与速度（每层 <StrengthPerStack>）。,,"Gain <Strength> STR, MAG, DEF, RES, DEX, and SPD (<StrengthPerStack> per stack)."
FullStatBuff_StatusEffectName,EFFECT,Name for the generic skill's buff,天赋,,Gifted
FullStatDebuff_StatusEffectDesc,EFFECT,Description for the debuff which lowers all stats,力量、魔力、防御、魔抗、灵巧与速度降低 <Strength> 点（每层 <StrengthPerStack>）。,,"Suffer <Strength> STR, MAG, DEF, RES, DEX, and SPD (<StrengthPerStack> per stack)."
FullStatDebuff_StatusEffectName,EFFECT,Name for the debuff which lowers all stats,休养中,,Recuperating
GainSkillSlot_EffectDesc,EFFECT,Description for the effect which grants an extra skill slot,获得 1 个技能栏（最多 4 个）。,,Gain a skill slot (to a max of 4).
GainSkillSlot_EffectName,EFFECT,Name for the effect which grants an extra skill slot,墨卷,,Ink Scroll
GiveGoldValueEffectDesc,EFFECT,Description for the effect of consuming a coin purse/money bag to get money,向商队增加 <Amount> 金币。,,Add <Amount> Gold to Caravan.
GiveGoldValueEffectName,EFFECT,Name for the effect of consuming a coin purse/money bag to get money,折现,,Liquidate
GlassCanon_DummyEffectDesc,EFFECT,Description for the ,相比其他战士，此单位生命较低，但力量更高。,,This Unit suffers from lower HP but gains increased STR compared to other Warriors.
GlassCanon_DummyEffectName,EFFECT,Name for the ,碎刃,,Shatterblade
GrantExpIfNotDeployed_EffectDesc,EFFECT,Description for the skill that grants a unit experience if they are not deployed,遭遇战开始时，若此单位未部署，则获得 <Exp> 点经验。,,Gain <Exp> Exp at the start of an Encounter if this Unit is not deployed.
GrantExpIfNotDeployed_EffectName,EFFECT,Name for the skill that grants a unit experience if they are not deployed,替补,,Benchwarmer
HatchetAbilityDesc,EFFECT,Description for the Hatchet weapon ability,获得 <MaxWeaponRange> 点射程，但在最大射程处战斗时命中降低 <CondHitChance>。,,"Gain <MaxWeaponRange> RNG, but suffer <CondHitChance> HIT when Fighting at max Range."
HatchetAbilityName,EFFECT,Name for the Hatchet weapon ability,投斧,,Throwing Axe
HealOnAllyDowned,EFFECT,Pop-up text for the 'martyrdom' relic,殉道！,,Martyr!
HealOverTime_StatusEffectDesc,EFFECT,Description for the heal-over-time buff,恢复 <Healing> 点生命（最大生命的 20%）。,,Heal <Healing> (20% of Max HP) HP.
HealOverTime_StatusEffectName,EFFECT,Name for the heal-over-time buff,再生,,Regen
Heavy_AdvantageVsBarrier_WeaponEffectDesc,EFFECT,Description for the advantage vs barrier weapon ability,对护壁类武器获得优势。,,Gain Advantage against Barrier Weapons.
Heavy_AdvantageVsBarrier_WeaponEffectName,EFFECT,Name for the advantage vs barrier weapon ability,护壁杀手,,Barrier Killer
Heavy_AdvantageVsWarrior_WeaponEffectDesc,EFFECT,Description for the advantage vs warrior weapon ability,对战士与十字军单位获得优势。,,Gain Advantage against Warrior and Crusader Units.
Heavy_AdvantageVsWarrior_WeaponEffectName,EFFECT,Name for the advantage vs warrior weapon ability,战士杀手,,Warrior Killer
Heavy_AttackFirst_WeaponEffectDesc,EFFECT,Description for the attack first heavy weapon ability,战斗中始终抢先攻击。,,Always Attack first during a Fight.
Heavy_AttackFirst_WeaponEffectName,EFFECT,Name for the attack first heavy weapon ability,先发制人,,Pre-emptive Strike
Heavy_CountOverkill_EffectDesc,EFFECT,Description for the heavy skill,此单位每造成 1 点溢出伤害，便对自身施加 <Status>。,,Apply <Status> to this Unit per point of Overkill DMG they deal.
Heavy_CountOverkill_EffectName,EFFECT,Name for the heavy skill,过挥,,Overswing
Heavy_EvadeDebuffAura_StatusEffectDesc,EFFECT,Description for the status applied by a heavy skill,对区域内的敌人每层施加 <Status>。,,Apply <Status> per stack to Foes within the Area.
Heavy_EvadeDebuffAura_StatusEffectName,EFFECT,Name for the status applied by a heavy skill,恐怖威压,,Terrifying Presence
Heavy_ExtraAvoidRoll_WeaponEffectDesc,EFFECT,Description for the roll to avoid attacks an extra time heavy weapon ability,攻击需额外通过一次命中判定才能命中此单位。,,Attacks must succeed at an additional HIT roll to hit this Unit.
Heavy_ExtraAvoidRoll_WeaponEffectName,EFFECT,Name for the roll to avoid attacks an extra time heavy weapon ability,冰封护甲,,Frozen Armour
Heavy_HitAndCritSwap_EffectDesc,EFFECT,Description for the heavy skill,交换此单位武器的命中与暴击。,,Swap the HIT and CRIT of this Unit's weapons.
Heavy_HitAndCritSwap_EffectName,EFFECT,Name for the heavy skill,战意沸腾,,Heat of Battle
Heavy_IgnoreATS_WeaponEffectDesc,EFFECT,Description for the ignore attack speed heavy weapon ability,以 <AttackSpeed> 点攻速（最低 0）与敌人战斗。此场战斗中敌人亦具有 <FoeAttackSpeed> 点攻速（最低 0）。,,Fight a Foe with <AttackSpeed> ATS (min 0). The Foe also has <FoeAttackSpeed> ATS (min 0) during this Fight.
Heavy_IgnoreATS_WeaponEffectName,EFFECT,Name for the ignore attack speed heavy weapon ability,公平对决,,Fair Play
Heavy_LessItems_WeaponEffectDesc,EFFECT,Description for the heavy weapon which debuffs the user based on how many items they're carrying,命中与闪避降低 <HitChance>（此单位背包中每件物品 -3）。,,Suffer <HitChance> HIT and AVO (-3 per item in this Unit's inventory).
Heavy_LessItems_WeaponEffectName,EFFECT,Name for the heavy weapon which debuffs the user based on how many items they're carrying,负重,,Weighed Down
Heavy_MaxHpOnKill_WeaponEffectDesc,EFFECT,Description for the max hp on kill heavy weapon ability,对此单位施加 <Status>。,,Apply <Status> to this Unit.
Heavy_MaxHpOnKill_WeaponEffectName,EFFECT,Name for the max hp on kill heavy weapon ability,威压,,Dominance
Heavy_Push_WeaponEffectDesc,EFFECT,Description for the heavy weapon push effect,将受伤单位推离此单位 <Distance> 格。,,Push the damaged Unit <Distance> Tile away from this Unit.
Heavy_Push_WeaponEffectName,EFFECT,Name for the heavy weapon push effect,剑柄猛击,,Hilt Slam
Heavy_ReduceFoeDef_WeaponEffectDesc,EFFECT,Description for the reduce foe DEF heavy weapon ability,与敌人战斗时，其防御降低 <FoeDefense>（最低 0）。,,"While Fighting a Foe, they suffer <FoeDefense> DEF (min 0)."
Heavy_ReduceFoeDef_WeaponEffectName,EFFECT,Name for the reduce foe DEF heavy weapon ability,碎甲,,Armour Crusher
Heavy_ReduceRange_WeaponEffectDesc,EFFECT,Description for the reduce range heavy weapon ability,对作用范围内的敌人施加 <Status>。,,Inflict <Status> on Foes in the Area of Effect.
Heavy_ReduceRange_WeaponEffectName,EFFECT,Name for the reduce range heavy weapon ability,碎兵,,Shatter Arms
Heavy_SelfDamage_WeaponEffectDesc,EFFECT,Description for the self damage heavy weapon ability,对此单位造成 <Damage> 点伤害（力量的 200% − 灵巧）。此伤害不会使其生命降至 1 以下；若触发此效果的攻击为暴击，则此伤害亦为暴击。,,Deal <Damage> DMG (200% of STR - DEX) to this Unit. This damage can't cause them to fall below 1 HP and will be a Critical Hit if the triggering attack was a Critical Hit.
Heavy_SelfDamage_WeaponEffectName,EFFECT,Name for the self damage heavy weapon ability,用力过猛,,Overexert
Hetja_DummyEffectDesc,EFFECT,Description for the ,此单位可以任意职业生成。此外，此单位额外获得 <ExtraExpGain>% 经验与 <CritChance> 点暴击。,,"This Unit can Spawn as any Class. Also, this Unit gains an extra <ExtraExpGain>% Experience and <CritChance> CRIT."
Hetja_DummyEffectName,EFFECT,Name for the ,转生,,Rebirth
HighCritRate_DummyEffectDesc,EFFECT,Description for the ,相比其他法师，此单位魔力较低，但暴击更高。,,This Unit suffers from lower MAG but gains increased CRIT compared to other Mages.
HighCritRate_DummyEffectName,EFFECT,Name for the ,幸运一击,,Lucky Shot
HighGrowths_DummyEffectDesc,EFFECT,Description for the ,相比大多数单位，此单位起始等级较低，但成长更高。,,This Unit's starting Level is lower compared to most Units but gains increased Growths.
HighGrowths_DummyEffectName,EFFECT,Name for the ,潜能暗藏,,Hidden Potential
HighHPLowDefRes_DummyEffectDesc,EFFECT,Description for the ,此单位防御与魔抗较低，但生命更高。,,This Unit suffers reduced DEF and RES but gains increased HP.
HighHPLowDefRes_DummyEffectName,EFFECT,Name for the ,胆魄,,Guts
HighRoller,EFFECT,Pop up text for draco's high stakes,<i>手气正旺！</i>,,<i>On a roll!</i>
HitBuffDesc,EFFECT,Description for the basic hit chance buff,获得 <HitChance> 点命中（每层 <HitChancePerStack>）。,,Gain <HitChance> HIT (<HitChancePerStack> per stack).
HitBuffName,EFFECT,Name for the basic hit chance buff,精准,,Accurate
HitBuffNearbyDesc,EFFECT,Description for the aura which applys a hit chance buff to nearby allies,对作用范围内的友军施加 <Status>。,,Apply <Status> to Allies in the Area of Effect.
HitBuffNearbyName,EFFECT,Name for the aura which applys a hit chance buff to nearby allies,鼓舞人心,,Inspiring
HitDebuffDesc,EFFECT,Description for the basic hit chance debuff,命中降低 <HitChance> 点（每层 <HitChancePerStack>）。,,Suffer <HitChance> HIT (<HitChancePerStack> per stack).
HitDebuffName,EFFECT,Name for the basic hit chance debuff,失准,,Inaccurate
HuntingBowAbilityDesc,EFFECT,Description for the Hunting Bow weapon ability,在此单位的阶段内获得 <CondPower> 点威力。,,Gain <CondPower> POW during this Unit's Phase.
HuntingBowAbilityName,EFFECT,Name for the Hunting Bow weapon ability,狩猎季,,Hunting Season
InvertAdvantage_WeaponEffectDesc,EFFECT,Description for the invert advantage weapon ability,当此单位本应获得优势时，改为获得 <Inverted0>；当本应获得劣势时，改为获得 <Inverted1>。,,"Whenever this Unit would gain Advantage they instead gain <Inverted0>, and whenever they would gain Disadvantage they instead gain <Inverted1>."
InvertAdvantage_WeaponEffectName,EFFECT,Name for the invert advantage weapon ability,规则改写,,Code Switch
Knight_ApplyMovDebuff_EffectDesc,EFFECT,Description for the knight skill,发起战斗后，对敌人施加 <Status>。,,"After Initiating a Fight, apply <Status> to the Foe."
Knight_ApplyMovDebuff_EffectName,EFFECT,Name for the knight skill,撼骨,,Boneshaker
Knight_ChargeThrough_EffectDesc,EFFECT,Description for the knight skill,对此单位施加 <SelfStatus0>，然后对 1 名敌人造成 <Damage> 点物理伤害（5 + 防御的 100%）。,,"Apply <SelfStatus0> to this Unit, then Attack a Foe for <Damage> Physical DMG (5+100% of DEF)."
Knight_ChargeThrough_EffectName,EFFECT,Name for the knight skill,冲锋突破,,Charge Through
Knight_IncreaseDoublingThreshold_EffectDesc,EFFECT,Description for the knight skill,骑乘时，此单位获得 <CritChance> 点暴击（防御的 200%），且其敌人获得额外攻击所需的攻速提高 <AbsoluteAmount>。,,"While Mounted, this Unit gains <CritChance> CRIT (200% of DEF) and their Foe increases the ATS needed to gain a Bonus Attack by <AbsoluteAmount>."
Knight_IncreaseDoublingThreshold_EffectName,EFFECT,Name for the knight skill,骑士精神,,Cavalier
Knight_IncreaseMoveCost_TileEffectDesc,EFFECT,Description for the knight skill's tile effect,此格对敌人的移动消耗为 <Amount>。,,This Tile has <Amount> Move Cost for Foes.
Knight_IncreaseMoveCost_TileEffectName,EFFECT,Name for the knight skill's tile effect,石墙阻隔,,Stonewalled
Knight_IncreaseMoveCostAura_EffectDesc,EFFECT,Description for the knight skill,获得 <HealthPoints> 点生命（防御的 50%），并对作用范围内的所有格子施加 <Status>。,,Gain <HealthPoints> HP (50% of DEF) and apply <Status> to all Tiles in the Area of Effect.
Knight_IncreaseMoveCostAura_EffectName,EFFECT,Name for the knight skill,石墙,,Stonewall
Knight_TempMoveAfterFight_StatusEffectDesc,EFFECT,Description for the status effect that allows you to move after fighting,此单位在其回合内战斗后可使用剩余移动力，并可穿过敌人。,,"This Unit can use any leftover MOV after a Fight during their Turn, and is able to move through Foes."
Knight_TempMoveAfterFight_StatusEffectName,EFFECT,Name for the status effect that allows you to move after fighting,冲锋中,,Charging
LessMovButHorse_DummyEffectDesc,EFFECT,Description for the ,相比大多数单位，此单位移动 -1，但初始携带马匹。,,This Unit suffers -1 MOV compared to most Units but starts with a Horse.
LessMovButHorse_DummyEffectName,EFFECT,Name for the ,罗圈腿,,Bow Legged
LessSTRbutMoreMOV_DummyEffectDesc,EFFECT,Description for the ,相比其他斥候，此单位威力较低，但移动 +1。,,This Unit suffers reduced POW but gains +1 MOV compared to other Scouts.
LessSTRbutMoreMOV_DummyEffectName,EFFECT,Name for the ,轻步,,Light Step
Light_AdvantageVsFocus_WeaponEffectDesc,EFFECT,Description for the advantage vs focus weapon ability,对法器类武器获得优势。,,Gain Advantage against Focus Weapons.
Light_AdvantageVsFocus_WeaponEffectName,EFFECT,Name for the advantage vs focus weapon ability,法器杀手,,Focus Killer
Light_AdvantageVsScout_WeaponEffectDesc,EFFECT,Description for the advantage vs scout weapon ability,对斥候与“收藏家”单位获得优势。,,Gain Advantage against Scout and ''Collector'' Units.
Light_AdvantageVsScout_WeaponEffectName,EFFECT,Name for the advantage vs scout weapon ability,斥候杀手,,Scout Killer
Light_ApplyBleed_EffectDesc,EFFECT,Description for the light skill,对受伤单位施加 <Status>。,,Inflict <Status> on the Damaged Unit.
Light_ApplyBleed_EffectName,EFFECT,Name for the light skill,割裂,,Lacerate
Light_AttackSecond_WeaponEffectDesc,EFFECT,Description for the attack second light weapon ability,战斗中始终后手攻击。,,Always attack second during a Fight.
Light_AttackSecond_WeaponEffectName,EFFECT,Name for the attack second light weapon ability,架势格挡,,Ready Parry
Light_AvoBesideAlly_WeaponEffectDesc,EFFECT,Description for the avo while beside an ally light weapon ability,位于友军旁边时获得 <CondAvoid> 点闪避。,,Gain <CondAvoid> AVO while beside an Ally.
Light_AvoBesideAlly_WeaponEffectName,EFFECT,Name for the avo while beside an ally light weapon ability,借势分心,,Use Distraction
Light_BuffVsHalfHp_EffectDesc,EFFECT,Description for the light skill,与生命在 50% 及以下的单位战斗时，获得 <CondPower> 点威力与 <CondHitChance> 点命中。,,Gain <CondPower> POW and <CondHitChance> HIT while Fighting a Unit who is at or below 50% HP.
Light_BuffVsHalfHp_EffectName,EFFECT,Name for the light skill,致命追击,,Finish Off
Light_FoeCantCounter_WeaponEffectDesc,EFFECT,Description for the foe can't counterattack light weapon ability,在此单位发起的战斗中，其敌人无法攻击。,,This Unit's Foes can't Attack during Fights that this Unit initiates.
Light_FoeCantCounter_WeaponEffectName,EFFECT,Name for the foe can't counterattack light weapon ability,偷袭,,Sneak Attack
Light_ItemDropsOnDeath_WeaponEffectDesc,EFFECT,Description for the item drops on death light weapon ability,使 1 件物品变为战利品（该单位死亡时掉落该物品）。无法以武器为目标。,,An Item becomes Loot (the Unit drops the item on Death). Can't target Weapons.
Light_ItemDropsOnDeath_WeaponEffectName,EFFECT,Name for the item drops on death light weapon ability,顺手一刺,,Pocket Prick
Light_LifeSteal_WeaponEffectDesc,EFFECT,Description for the life steal light weapon ability,此单位恢复其造成伤害的 <DmgPercent>%。,,This Unit heals <DmgPercent>% of any DMG they deal.
Light_LifeSteal_WeaponEffectName,EFFECT,Name for the life steal light weapon ability,见血,,Draw Blood
Light_OverrideDamage_WeaponEffectDesc,EFFECT,Description for the override damage light weapon ability,此单位的攻击始终造成恰好 <Damage> 点伤害。,,This Unit's Attacks always deal exactly <Damage> DMG.
Light_OverrideDamage_WeaponEffectName,EFFECT,Name for the override damage light weapon ability,稳手,,Steady Hand
Light_PowPerLightWeapon_WeaponEffectDesc,EFFECT,Description for the pow from holding light weapons light weapon ability,获得 <Power> 点威力（此单位背包中每件轻武 +1）,,Gain <Power> POW (1 per Light Weapon in this Unit's inventory)
Light_PowPerLightWeapon_WeaponEffectName,EFFECT,Name for the pow from holding light weapons light weapon ability,千刀万剐,,A Thousand Cuts
Light_PreventWeaponSkills_WeaponEffectDesc,EFFECT,Description for the prevent enemy weapon abilities light weapon ability,对受伤单位施加 <Status>。,,Inflict <Status> on the Damaged Unit.
Light_PreventWeaponSkills_WeaponEffectName,EFFECT,Name for the prevent enemy weapon abilities light weapon ability,破其专注,,Break Concentration
Light_SwapFoeWeapons_WeaponEffectDesc,EFFECT,Description for the swap foe weapons light weapon ability,更换 1 名敌人装备的武器，然后与其战斗。,,"Change a Foe's Equipped Weapon, then Fight them."
Light_SwapFoeWeapons_WeaponEffectName,EFFECT,Name for the swap foe weapons light weapon ability,妙手,,Sleight of Hand
LightCrystalAbilityDesc,EFFECT,Description for the Light Crystal weapon ability,为 1 名友军恢复 <Healing> 点生命（威力的 100%）。,,Heal an Ally <Healing> (100% of POW) HP.
LightCrystalAbilityName,EFFECT,Name for the Light Crystal weapon ability,治疗水晶,,Healing Crystal
LimitCellMoveCost_EffectDesc,EFFECT,Description for the generic skill,移动降低 <MovementSpeed>，但此单位每格的移动消耗永不超过 1。,,"Suffer <MovementSpeed> MOV, but Tiles never cost more than 1 MOV for this Unit."
LimitCellMoveCost_EffectName,EFFECT,Name for the generic skill,畅行,,Unimpeded
LimitSkillset_EffectDesc,EFFECT,Description for the skill,一专之才。此单位永久获得持用所有武器类型的能力，但升级时只能学习 <Reference0> 技能。,,"Master of Some. This Unit permanently gains the ability to wield all Weapon Styles, but they can only learn the <Reference0> Skill when they level up."
LimitSkillset_EffectName,EFFECT,Name for the skill,万事通,,Jack of All Trades
LongbowAbilityDesc,EFFECT,Description for the Longbow weapon ability,获得 <MaxWeaponRange> 点射程。,,Gain <MaxWeaponRange> RNG.
LongbowAbilityName,EFFECT,Name for the Longbow weapon ability,狙击,,Sniper
LongswordAbilityDesc,EFFECT,Description for the Longsword weapon ability,在其他单位的阶段内获得 <CondPower> 点威力。,,Gain <CondPower> POW during other Units' Phases.
LongswordAbilityName,EFFECT,Name for the Longsword weapon ability,最佳防御,,Best Defense
LowMAGgrowthHighSTRgrowth_DummyEffectDesc,EFFECT,Description for the ,相比其他武僧，此单位魔力显著较低，但力量显著更高。,,This Unit suffers from significantly lower MAG but gains significantly higher STR compared to other Monks.
LowMAGgrowthHighSTRgrowth_DummyEffectName,EFFECT,Name for the ,钢铸术士,,Steelcaster
LowSTRgrowthHighMAGgrowth_DummyEffectDesc,EFFECT,Description for the ,相比其他战士，此单位力量显著较低，但魔力显著更高。,,This Unit suffers from significantly lower STR but gain significantly higher MAG compared to other Warriors.
LowSTRgrowthHighMAGgrowth_DummyEffectName,EFFECT,Name for the ,咒剑士,,Spellblade
Lyra_AddFlyStage_SkillEffectDesc,EFFECT,Description for the lyra skill that lets a unit move again,对此单位施加 <Status>，然后在此单位的移动范围内移动。,,"Apply <Status> to this Unit, then move this Unit's MOV range."
Lyra_AddFlyStage_SkillEffectName,EFFECT,Name for the lyra skill that lets a unit move again,星行,,Starwalk
Lyra_AddOppositeDamageType_SkillEffectDesc,EFFECT,Description for the lyra skill,对 1 个单位施加 <Status>。,,Apply <Status> to a Unit.
Lyra_AddOppositeDamageType_SkillEffectName,EFFECT,Name for the lyra skill,咒剑协议,,Spellsword Protocol
Lyra_AddStealthAura_EffectDesc,EFFECT,Description for the lyra skill,对此单位施加 <Status>。,,Apply <Status> to this Unit.
Lyra_AddStealthAura_EffectName,EFFECT,Name for the lyra skill,星幕,,Astral Veil
Lyra_CountDamageTypes_SkillEffectDesc,EFFECT,Description for the lyra skill,当此单位造成魔法伤害时，对其施加 <Status>。\n当此单位造成物理伤害时，对其施加 <Status1>。,,"When this Unit deals Magic Damage, apply <Status> to them.\nWhen this Unit deals Physical Damage, apply <Status1> to them."
Lyra_CountDamageTypes_SkillEffectName,EFFECT,Name for the lyra skill,力量汇聚,,Power Convergence
Lyra_DefBuff_StatusEffectDesc,EFFECT,Description for the defense buff,获得 <Defense> 点防御（每层 <DefensePerStack>）。,,Gain <Defense> DEF (<DefensePerStack> per stack).
Lyra_DefBuff_StatusEffectName,EFFECT,Name for the defense buff,物理汇聚,,Converge Physical
Lyra_MagicBuff_SkillEffectDesc,EFFECT,Description for the Lyra skill which buffs her MAG,在此单位的阶段内获得 <CondMagic> 点魔力（当前轮数的 40%）。,,Gain <CondMagic> MAG (40% of the current Round Number) during this Unit's Phase.
Lyra_MagicBuff_SkillEffectName,EFFECT,Name for the Lyra skill which buffs her MAG,潮涨,,Rising Tide
Lyra_OppositeDamageType_StatusEffectDesc,EFFECT,Description for the lyra status,攻击总伤害改为以对应的另一项防御属性计算。,,Total Attack DMG is calculated against the opposite defensive stat.
Lyra_OppositeDamageType_StatusEffectName,EFFECT,Name for the lyra status,力量流转,,Power Flux
Lyra_ProcCantCounter_SkillEffectDesc,EFFECT,Description for the lyra skill,此单位有 <ProcChance> 概率（防御的 300%）对攻击者施加 <Status>。,,This Unit has a <ProcChance> (300% of DEF) chance to apply <Status> to the attacker.
Lyra_ProcCantCounter_SkillEffectName,EFFECT,Name for the lyra skill,贵族威权,,Noble Authority
Lyra_ResBuff_StatusEffectDesc,EFFECT,Description for the resistance buff,获得 <Resistance> 点魔抗（每层 <ResistancePerStack>）。,,Gain <Resistance> RES (<ResistancePerStack> per stack).
Lyra_ResBuff_StatusEffectName,EFFECT,Name for the resistance buff,魔法汇聚,,Converge Magical
Lyra_Stealth_StatusEffectDesc,EFFECT,Description for the stealth buff,此单位无法被敌人选为目标，也不会阻挡敌人的移动。,,This Unit can't be targeted by their Foes and they don't block their Foes' movement.
Lyra_Stealth_StatusEffectName,EFFECT,Name for the stealth buff,潜行,,Stealth
Lyra_StealthAura_EffectDesc,EFFECT,Description for the lyra status,获得 <Resistance> 点魔抗（每层 <ResistancePerStack>），并对作用范围内的所有友军施加 <Status>。,,"Gain <Resistance> RES (<ResistancePerStack> per stack), and apply <Status> to all Allies in the Area of Effect."
Lyra_StealthAura_EffectName,EFFECT,Name for the lyra status,遮蔽,,Veiled
Lyra_StrengthBuff_SkillEffectDesc,EFFECT,Description for the Lyra skill which buffs her STR,在其他单位的阶段内获得 <CondStrength> 点力量（6 − 当前轮数的 40%）。,,Gain <CondStrength> STR (6 - 40% of the current Round Number) during other Units' Phases.
Lyra_StrengthBuff_SkillEffectName,EFFECT,Name for the Lyra skill which buffs her STR,帝国禁卫,,Imperial Guard
Lyra_TemporaryFlight_StatusEffectDesc,EFFECT,Description for the flight buff which wears off at end of turn,移动时以飞行代替行走。威力降低 <Power>。,,Fly instead of Walk when Moving. Suffer <Power> POW.
Lyra_TemporaryFlight_StatusEffectName,EFFECT,Name for the flight buff which wears off at end of turn,短暂浮空,,Brief Levitation
LyraInTeam_DoubleFoeDisadvantage_EffectDesc,EFFECT,Description for the lyra in team skill,敌人所受劣势惩罚翻倍。,,Foes suffer double the penalties from Disadvantage.
LyraInTeam_DoubleFoeDisadvantage_EffectName,EFFECT,Name for the lyra in team skill,激励,,Galvanize
LyraRelicSkillDesc,EFFECT,Description for the the skill granted to a militia by Lyra's relic,若此单位处于骑乘状态，则对作用范围内的其他友军施加 <Status>。,,"If this Unit is Mounted, apply <Status> to other Allies in the Area of Effect."
LyraRelicSkillName,EFFECT,Name for the the skill granted to a militia by Lyra's relic,皇家骑兵,,Royal Cavalry
MaceAbilityDesc,EFFECT,Description for the Mace weapon ability,对作用范围内的所有友军施加 <Status>。,,Apply <Status> to all Allies in the Area of Effect.
MaceAbilityName,EFFECT,Name for the Mace weapon ability,集群阵型,,Group Formation
MagBuffDesc,EFFECT,Description for the magic debuff,获得 <Magic> 点魔力（每层 <MagicPerStack>），持续至遭遇战结束。,,Gain <Magic> MAG (<MagicPerStack> per stack) until the End of an Encounter.
MagBuffName,EFFECT,Name for the magic debuff,亢奋,,Stimulated
MagBuffPerpetualDesc,EFFECT,Description for the magic debuff,获得 <Magic> 点魔力（每层 <MagicPerStack>）。,,Gain <Magic> MAG (<MagicPerStack> per stack).
MagDebuffDesc,EFFECT,Description for the magic debuff,魔力降低 <Magic> 点（每层 <MagicPerStack>），持续至遭遇战结束。,,Suffer <Magic> MAG (<MagicPerStack> per stack) until the End of an Encounter.
MagDebuffDurationDesc,EFFECT,Description for the magic debuff,魔力降低 <Magic> 点（每层 <MagicPerStack>）。,,Suffer <Magic> MAG (<MagicPerStack> per stack).
MagDebuffName,EFFECT,Name for the magic debuff,迟钝,,Dull
Mage_AreaAttack_EffectDesc,EFFECT,Description for the mage skill,对作用范围内的所有敌人造成 <Damage> 点魔法伤害（5 + 魔力的 80%），然后对此单位施加 <SelfStatus0>。,,"Attack all Foes in the Area of Effect for <Damage> Magic DMG (5+80% of MAG), then apply <SelfStatus0> to this Unit."
Mage_AreaAttack_EffectName,EFFECT,Name for the mage skill,法力迸发,,Mana Burst
Mage_CritAoE_EffectDesc,EFFECT,Description for the mage skill,对目标旁边的所有敌人造成 <Damage> 点魔法伤害（威力 − 4）。这些额外攻击无法再次触发此效果。,,Attack all Foes beside the target for <Damage> Magic DMG (POW-4). These extra Attacks can't Trigger this again.
Mage_CritAoE_EffectName,EFFECT,Name for the mage skill,奥术跳弹,,Arcane Ricochet
Mage_CritAoE_PopUpText,EFFECT,Pop up text for the mage AoE on crit effect,跳弹！,,Ricochet!
Mage_Flying_EffectDesc,EFFECT,Description for the mage skill which grants the flying movement mode,未骑乘时，移动时以飞行代替行走。,,"While unmounted, Fly instead of Walk when Moving."
Mage_Flying_EffectName,EFFECT,Name for the mage skill which grants the flying movement mode,浮空,,Levitate
Mage_MeleeFighter_EffectDesc,EFFECT,Description for the mage skill,射程降低 <MaxWeaponRange>，但对来自 1 格距离的攻击获得 <CondDefense> 点防御（魔力的 50%）。,,"Suffer <MaxWeaponRange> RNG, but gain <CondDefense> DEF (50% of MAG) against Attacks from 1 Tile away."
Mage_MeleeFighter_EffectName,EFFECT,Name for the mage skill,升华,,Sublimate
Magic_LearnWeaponType_ItemEffectDesc,EFFECT,Description for the item effect of learning a random magic weapon style,永久获得持用 1 种此单位可学习的随机魔法武器类型的能力。,,Permanently gain the ability to wield a random Magic Weapon Style that this Unit is able to learn.
Magic_LearnWeaponType_ItemEffectName,EFFECT,Name for the item effect of learning a random magic weapon style,阅读武器手册,,Read Weapon Manual
Maia_AddDefenseBuff_SkillEffectDesc,EFFECT,Description for the add defense buff maia skill,（普通）对 1 具傀儡施加 <Status>。\n（傀儡）不获得此技能，改为获得 <Skill>。,,"(Normal) Apply <Status> to a Doll.\n(Doll) Instead of gaining this skill, gain <Skill>."
Maia_AddDefenseBuff_SkillEffectName,EFFECT,Name for the add defense buff maia skill,清漆,,Varnish
Maia_AddPreventDeath_SkillEffectDesc,EFFECT,Description for the add prevent death maia skill,（普通）对 1 具傀儡施加 <Status>。\n（傀儡）不获得此技能，改为获得 <Skill>。,,"(Normal) Apply <Status> to a Doll.\n(Doll) Instead of gaining this skill, gain <Skill>."
Maia_AddPreventDeath_SkillEffectName,EFFECT,Name for the add prevent death maia skill,漆封,,Lacquer
Maia_AddResDebuff_SkillEffectDesc,EFFECT,Description for the add res debuff maia skill,（普通）对 1 个单位施加 <Status>。\n（傀儡）不获得此技能，改为获得 <Skill>。,,"(Normal) Apply <Status> to a Unit.\n(Doll) Instead of gaining this skill, gain <Skill>."
Maia_AddResDebuff_SkillEffectName,EFFECT,Name for the add res debuff maia skill,打蜡,,Wax
Maia_AddTauntWhenSummoned_EffectDesc,EFFECT,Description for the ,（普通）每当此单位召唤 1 具傀儡时，对其施加 <Status>。\n（傀儡）不获得此技能，改为获得 <Skill>。,,"(Normal) Whenever this Unit summons a Doll, apply <Status> to it.\n(Doll) Instead of gaining this skill, gain <Skill>."
Maia_AddTauntWhenSummoned_EffectName,EFFECT,Name for the ,虚荣之作,,Vanity Project
Maia_DefensiveBuff_StatusEffectDesc,EFFECT,Description for the defensive buff from maia's skill,获得 <Defense> 点防御与 <HealthPoints> 点最大生命，且每轮恢复 <Healing> 点生命（最大生命的 10%）。,,"Gain <Defense> DEF, <HealthPoints> Max HP, and heal <Healing> HP (10% of Max HP) each Round."
Maia_DefensiveBuff_StatusEffectName,EFFECT,Name for the defensive buff from maia's skill,已上清漆,,Varnished
Maia_DollAttack_SkillEffectDesc,EFFECT,Description for the ,（普通）令 1 具傀儡以 <MaxWeaponRange> 点射程与敌人战斗。\n（傀儡）不获得此技能，改为获得 <Skill>。,,"(Normal) Make a Doll fight a Foe with <MaxWeaponRange> RNG.\n(Doll) Instead of gaining this skill, gain <Skill>."
Maia_DollAttack_SkillEffectName,EFFECT,Name for the ,十字形,,Cruciform
Maia_DollDefensiveSupport_SkillEffectDesc,EFFECT,Description for the ,（普通）与 1 具傀儡相邻时获得 <CondPower> 点威力。\n（傀儡）不获得此技能，改为获得 <Skill>。,,"(Normal) Gain <CondPower> POW while adjacent to a Doll.\n(Doll) Instead of gaining this skill, gain <Skill>."
Maia_DollDefensiveSupport_SkillEffectName,EFFECT,Name for the ,造物慰藉,,Creature Comfort
Maia_DollMobility_SkillEffectDesc,EFFECT,Description for the ,（普通）无效果。\n（傀儡）不获得此技能，改为获得 <Skill>。,,"(Normal) Do nothing.\n(Doll) Instead of gaining this skill, gain <Skill>."
Maia_DollMobility_SkillEffectName,EFFECT,Name for the ,润滑,,Lubricate
Maia_DollOffensiveSupport_SkillEffectDesc,EFFECT,Description for the ,（普通）与 1 具傀儡相邻时获得 <CondAvoid> 点闪避。\n（傀儡）不获得此技能，改为获得 <Skill>。,,"(Normal) Gain <CondAvoid> AVO while adjacent to a Doll.\n(Doll) Instead of gaining this skill, gain <Skill>."
Maia_DollOffensiveSupport_SkillEffectName,EFFECT,Name for the ,慰藉造物,,Comfort Creature
Maia_GainDoll_SkillEffectDesc,EFFECT,Description for the ,（普通）获得 1 个 <Item>。\n（傀儡）不获得此技能，改为获得 <Skill>。,,"(Normal) Gain a <Item>.\n(Doll) Instead of gaining this skill, gain <Skill>."
Maia_GainDoll_SkillEffectName,EFFECT,Name for the ,傀儡丝线,,Puppet String
Maia_IncreaseMoveCostAura_EffectDesc,EFFECT,Description for the maia relic status,对作用范围内的所有格子施加 <Status>。,,Apply <Status> to all Tiles in the Area of Effect.
Maia_IncreaseMoveCostAura_EffectName,EFFECT,Name for the maia relic status,石墙,,Stonewall
Maia_IsPuppet_StatusEffectDesc,EFFECT,Description for the status which is used to determine which units are puppets,获得 <Strength> 点最大生命、力量、魔力、防御、魔抗、灵巧与速度（每层 <StrengthPerStack>）。,,"Gain <Strength> Max HP, STR, MAG, DEF, RES, DEX, and SPD (<StrengthPerStack> per stack)."
Maia_IsPuppet_StatusEffectName,EFFECT,Name for the status which is used to determine which units are puppets,傀儡,,Puppet
Maia_ReduceCooldowns_SkillEffectDesc,EFFECT,Description for the ,（普通）此单位有 <ProcChance> 概率（灵巧的 100%）使其所有冷却时间减少 <Amount>。\n（傀儡）不获得此技能，改为获得 <Skill>。,,"(Normal) This Unit has a <ProcChance> chance (100% of DEX) to reduce all of their cooldowns by <Amount>.\n(Doll) Instead of gaining this skill, gain <Skill>."
Maia_ReduceCooldowns_SkillEffectName,EFFECT,Name for the ,速成,,Quick Work
MaiaInTeam_SupportBonus_SkillEffectDesc,EFFECT,Description for the ,当玛雅已部署且距离至少 20 格时，获得 <CondAvoid> 点闪避。,,Gain <CondAvoid> AVO while Maia is Deployed and at least 20 Tiles away.
MaiaInTeam_SupportBonus_SkillEffectName,EFFECT,Name for the ,别来烦我,,Leave Me Alone
MaiaResDebuff_StatusEffectDesc,EFFECT,Description for the res and avo debuff,魔抗降低 <Resistance> 点，闪避降低 <Avoid> 点。,,Suffer <Resistance> RES and <Avoid> AVO.
MaiaResDebuff_StatusEffectName,EFFECT,Name for the res and avo debuff,已打蜡,,Waxed
MarkedDebuffAura_EffectDesc,EFFECT,Description for the skill,对作用范围内的所有单位施加 <Status>。,,Apply <Status> to all Units in the Area of Effect.
MarkedDebuffAura_EffectName,EFFECT,Name for the skill,追猎中,,On the Hunt
MaxHpBuff_EffectDesc,EFFECT,Description for the status effect that gives the player extra max HP,获得 <HealthPoints> 点最大生命（每层 <HealthPointsPerStack>）。,,Gain <HealthPoints> Max HP (<HealthPointsPerStack> per stack).
MaxHpBuff_EffectName,EFFECT,Name for the status effect that gives the player extra max HP,过量治疗,,Overhealed
MaxHpBuffDesc,EFFECT,Description for the max hp buff,获得 <HealthPoints> 点最大生命（每层 <HealthPointsPerStack>）。,,Gain <HealthPoints> Max HP (<HealthPointsPerStack> per stack).
MaxHpBuffName,EFFECT,Name for the max hp buff,强悍,,Formidable
MaxHpDebuffDesc,EFFECT,Description for the max hp debuff,最大生命降低 <HealthPoints> 点（每层 <HealthPointsPerStack>）。,,Suffer <HealthPoints> Max HP (<HealthPointsPerStack> per stack).
MaxHpDebuffName,EFFECT,Name for the max hp debuff,脆弱,,Fragile
Monk_AoEHeal_EffectDesc,EFFECT,Description for the monk skill,发起战斗后，为 2 格以内的所有友军恢复 <Healing> 点生命（魔抗的 50%）。,,"After Initiating a Fight, heal all Allies within 2 Tiles <Healing> HP (50% of RES)."
Monk_AoEHeal_EffectName,EFFECT,Name for the monk skill,开脉,,Open Chakra
Monk_ApplyCantCounterattack_EffectDesc,EFFECT,Description for the monk skill,对 1 个单位施加 <Status>。无法以队长为目标。,,Apply <Status> to a Unit. This can't target leaders.
Monk_ApplyCantCounterattack_EffectName,EFFECT,Name for the monk skill,点穴,,Nerve Pinch
Monk_RefreshSelf_EffectDesc,EFFECT,Description for the monk skill,使用招募或救援行动后，给予此单位额外 1 个回合。,,"After using the Recruit or Save Action, grant this Unit another Turn."
Monk_RefreshSelf_EffectName,EFFECT,Name for the monk skill,善业,,Good Karma
Monk_ResDebuffAura_EffectDesc,EFFECT,Description for the monk skill,对作用范围内的所有敌人施加 <Status>。,,Apply <Status> to all Foes in the Area of Effect.
Monk_ResDebuffAura_EffectName,EFFECT,Name for the monk skill,心术,,Mind Games
MountBurrowWeakEffectDesc,EFFECT,Description for the effect of riding a burrowing mount with low offense,获得 <MovementSpeed> 点移动与掘地能力。威力降低 <Power>。,,Gain <MovementSpeed> MOV and Burrowing. Suffer <Power> POW.
MountBurrowWeakEffectName,EFFECT,Name for the effect of riding a burrowing mount with low offense,沙蛇,,Sand Snake
MountFlyFeebleEffectDesc,EFFECT,Description for the effect of riding a flying mount with low defenses,获得 <MovementSpeed> 点移动、<Resistance> 点魔抗与飞行能力。防御降低 <Defense>。,,"Gain <MovementSpeed> MOV, <Resistance> RES, and Flying. Suffer <Defense> DEF."
MountFlyFeebleEffectName,EFFECT,Name for the effect of riding a flying mount with low defenses,战蝇,,Battlefly
MountFlyWeakEffectDesc,EFFECT,Description for the effect of riding a flying mount with low offense,获得 <MovementSpeed> 点移动与飞行能力。\n此外，此单位在其回合内战斗后可使用剩余移动力。,,"Gain <MovementSpeed> MOV and Flying.\nAdditionally, this Unit can use any leftover MOV after a Fight during their Turn."
MountFlyWeakEffectName,EFFECT,Name for the effect of riding a flying mount with low offense,君主,,Monarch
MountSwimBasicEffectDesc,EFFECT,Description for the effect of riding a swimming mount,获得 <MovementSpeed> 点移动与游泳能力。,,Gain <MovementSpeed> MOV and Swimming.
MountSwimBasicEffectName,EFFECT,Name for the effect of riding a swimming mount,鱼,,Fish
MountWalkBasicEffectDesc,EFFECT,Description for the effect of riding a walking mount,获得 <MovementSpeed> 点移动。,,Gain <MovementSpeed> MOV.
MountWalkBasicEffectName,EFFECT,Name for the effect of riding a walking mount,战马,,War Horse
MountWalkFeebleEffectDesc,EFFECT,Description for the effect of riding a walking mount with low defenses,获得 <MovementSpeed> 点移动与 <AttackSpeed> 点攻速。防御降低 <Defense>。,,"Gain <MovementSpeed> MOV, and <AttackSpeed> ATS. Suffer <Defense> DEF."
MountWalkFeebleEffectName,EFFECT,Name for the effect of riding a walking mount with low defenses,赛马,,Racehorse
MountWalkSlowEffectDesc,EFFECT,Description for the effect of riding a walking mount with low movement speed,获得 <MovementSpeed> 点移动与 <Defense> 点防御。,,"Gain <MovementSpeed> MOV, and <Defense> DEF."
MountWalkSlowEffectName,EFFECT,Name for the effect of riding a walking mount with low movement speed,骑兵战马,,Cavalry Horse
MovBuffWithDurationDesc,EFFECT,Description for the movement speed buff from Lyra's relic,获得 <MovementSpeed> 点移动。,,Gain <MovementSpeed> MOV.
MovBuffWithDurationName,EFFECT,Name for the movement speed buff from Lyra's relic,迅捷,,Fast
MoveAfterFight_StatusEffectDesc,EFFECT,Description for the status effect that allows you to move after fighting,此单位在其回合内战斗后可使用剩余移动力。,,This Unit can use any leftover MOV after a Fight during their Turn.
MoveAfterFight_StatusEffectName,EFFECT,Name for the status effect that allows you to move after fighting,慢跑,,Canter
NoMoreChips,EFFECT,Pop up text for when draco loses all his chips,<i>全没了…</i>,,<i>All gone...</i>
NoWeaponSkills_StatusEffectDesc,EFFECT,Description for the debuff which prevents weapon abilities from being used,此单位无法使用任何武器技能。,,This Unit can't use any Weapon Skills.
NoWeaponSkills_StatusEffectName,EFFECT,Name for the debuff which prevents weapon abilities from being used,技艺不精,,Skill Issue
OneTurn_DefensiveDebuff_StatusEffectDesc,EFFECT,Description for the status effect that reduces a unit's def and res for one turn,防御与魔抗降低 <Defense> 点（每层 <DefensePerStack>）。此单位回合结束时，移除所有 <ThisEffect>。,,"Suffer <Defense> DEF and RES (<DefensePerStack> per stack). When this Unit's Turn ends, relinquish all <ThisEffect>."
OneTurn_DefensiveDebuff_StatusEffectName,EFFECT,Name for the status effect that reduces a unit's def and res for one turn,昔日荣光,,Once Great
OneTurn_FlatMovementDebuffDesc,EFFECT,Description for the status effect that reduces a unit's movement by a flat amount per stack,移动降低 <MovementSpeed> 点（每层 <MovementSpeedPerStack>）。此单位回合结束时，移除所有 <ThisEffect>。,,"Suffer <MovementSpeed> MOV (<MovementSpeedPerStack> per stack). When this Unit's Turn ends, relinquish all <ThisEffect>."
OppositeMovementMode_EffectDesc,EFFECT,"Description for the skill that lets a unit move normally through difficult terrain, but slowly through normal terrain.",获得 <MovementSpeed> 点移动与反向移动。,,"Gain <MovementSpeed> MOV, and Inverted Movement."
OppositeMovementMode_EffectName,EFFECT,"Name for the skill that lets a unit move normally through difficult terrain, but slowly through normal terrain.",准备过度,,Overprepared
OverrideDisadvantage_EffectDesc,EFFECT,Description for the skill that makes a unit never have disadvantage,此单位永远不会处于劣势，其敌人也永远不会对其获得优势。,,This Unit never suffers Disadvantage and their Foes never gain Advantage against them.
OverrideDisadvantage_EffectName,EFFECT,Name for the skill that makes a unit never have disadvantage,全面防护,,Full Coverage
PassThroughEnemiesDesc,EFFECT,Description for the scout skill to pass through enemies,可穿过敌人移动。,,Able to move through Foes.
PassThroughEnemiesName,EFFECT,Name for the scout skill to pass through enemies,穿行,,Pass
PercentMovementDebuff_StatusEffectDesc,EFFECT,Description for the status effect that reduces a unit's movement by a percentage per stack,移动降低 <MovementSpeed> 点（每层 -20% 移动）。此单位回合结束时，移除所有 <ThisEffect>。,,"Suffer <MovementSpeed> MOV (-20% of MOV per stack). When this Unit's Turn ends, relinquish all <ThisEffect>."
PercentMovementDebuff_StatusEffectName,EFFECT,Name for the status effect that reduces a unit's movement by a percentage per stack,迟滞,,Hindered
PermadeathTimer_StatusEffectDesc,EFFECT,Description for the status effect which counts down until the permanent death of the unit,若在此效果降至 0 层前未被救援，此单位将永久死亡。,,This Unit will Permanently Die unless they are Saved before this reaches 0 stacks.
PermadeathTimer_StatusEffectName,EFFECT,Name for the status effect which counts down until the permanent death of the unit,濒死倒计时,,Down for the Count
PerpetualFullStatBuff_StatusEffectDesc,EFFECT,Description for the buff,获得 <Strength> 点力量、魔力、防御、魔抗、灵巧与速度（每层 <StrengthPerStack>）。,,"Gain <Strength> STR, MAG, DEF, RES, DEX, and SPD (<StrengthPerStack> per stack)."
PerpetualFullStatBuff_StatusEffectName,EFFECT,Name for the buff,天赋,,Gifted
PerpetualMilitiaBuffDesc,EFFECT,Description for the PerpetualMilitiaBuff,若此单位为民兵，则获得 <CondSpeed> 点速度与 <CondResistance> 点魔抗。,,Gain <CondSpeed> SPD and <CondResistance> RES if this Unit is Militia.
PerpetualMilitiaBuffName,EFFECT,Name for the PerpetualMilitiaBuff,强化,,Empowered
Physical_LearnWeaponType_ItemEffectDesc,EFFECT,Description for the item effect of learning a random physical weapon style,永久获得持用 1 种此单位可学习的随机物理武器类型的能力。,,Permanently gain the ability to wield a random Physical Weapon Style that this Unit is able to learn.
Physical_LearnWeaponType_ItemEffectName,EFFECT,Name for the item effect of learning a random physical weapon style,阅读武器手册,,Read Weapon Manual
PlaceholderHiddenEffectDesc,EFFECT,Description for the placeholder effect,？？？？？,,?????
PlaceholderHiddenEffectName,EFFECT,Name for the placeholder effect,未知,,Unknown
PoisonDoT_StatusEffectDesc,EFFECT,Description for the poison status,受到 <Amount> 点伤害（1 + 已损失生命的 50%）。,,Take <Amount> Damage (1+50% of Missing HP).
PoisonDoT_StatusEffectName,EFFECT,Name for the poison status,中毒,,Poison
PotionAddBleedDebuffEffectDesc,EFFECT,Description for the action of using a bleed potion,对任意 1 个单位施加 <Status>。,,Apply <Status> to any Unit.
PotionAddBleedDebuffEffectName,EFFECT,Name for the action of using a bleed potion,投掷流血药水,,Throw Bleed Potion
PotionAddDexterityBuffEffectDesc,EFFECT,Description for the action of using an AoE DEX buff potion,对区域内的任意单位施加 <Status>。,,Apply <Status> to any Units in the area.
PotionAddDexterityBuffEffectName,EFFECT,Name for the action of using an AoE DEX buff potion,投掷蛮力药水,,Throw Elbow Grease Potion
PotionAddMagicBuffEffectDesc,EFFECT,Description for the action of using an AoE MAG buff potion,对区域内的任意单位施加 <Status>。,,Apply <Status> to any Units in the area.
PotionAddMagicBuffEffectName,EFFECT,Name for the action of using an AoE MAG buff potion,投掷施法者药水,,Throw Caster's Potion
PotionAddSmokeBombBuffEffectDesc,EFFECT,Description for the action of using an AVO buff potion,施加 <Status>。,,Apply <Status>.
PotionAddSmokeBombBuffEffectName,EFFECT,Name for the action of using an AVO buff potion,投掷烟雾弹,,Throw Smoke Bomb
PotionAddStrengthBuffEffectDesc,EFFECT,Description for the action of using an AoE STR buff potion,对区域内的任意单位施加 <Status>。,,Apply <Status> to any Units in the area.
PotionAddStrengthBuffEffectName,EFFECT,Name for the action of using an AoE STR buff potion,投掷士兵药水,,Throw Soldier's Potion
PotionAreaAttackEffectDesc,EFFECT,Description for the action of using an AoE damage potion,对区域内的所有单位造成 <Damage> 点魔法伤害。,,Deal <Damage> Magic DMG to all Units in the area.
PotionAreaAttackEffectName,EFFECT,Name for the action of using an AoE damage potion,投掷爆裂药水,,Throw Explosive Potion
PotionBonusXp_StatusEffectDesc,EFFECT,Description for the buff from using a bonus xp potion,额外获得 <ExtraExpGain>% 经验。,,Gain an extra <ExtraExpGain>% Experience.
PotionBonusXp_StatusEffectName,EFFECT,Name for the buff from using a bonus xp potion,格外专注,,Extra Attentive
PotionDirectDamageEffectDesc,EFFECT,Description for the action of using a damage potion,造成 <Damage> 点魔法伤害。,,Deal <Damage> Magic DMG.
PotionDirectDamageEffectName,EFFECT,Name for the action of using a damage potion,投掷火焰药水,,Throw Fire Potion
PotionHealAreaEffectDesc,EFFECT,Description for the action of using an AoE health potion,为区域内的任意单位恢复 <Healing> 点生命。,,Heal <Healing> HP to any Units in the area.
PotionHealAreaEffectName,EFFECT,Name for the action of using an AoE health potion,投掷生命药水,,Throw Life Potion
PotionHealEffectDesc,EFFECT,Description for the action of using a health potion,恢复 <Healing> 点生命。,,Heal <Healing> HP.
PotionHealEffectName,EFFECT,Name for the action of using a health potion,饮用治疗药水,,Drink Health Potion
PotionTeleportEffectDesc,EFFECT,Description for the buff from using a teleport potion,移动时以传送代替行走。,,Teleport instead of Walk when Moving.
PotionTeleportEffectName,EFFECT,Name for the buff from using a teleport potion,传送,,Teleport
PowBuffDesc,EFFECT,Description for the power buff,获得 <Power> 点威力（每层 <PowerPerStack>），持续至遭遇战结束。,,Gain <Power> POW (<PowerPerStack> per stack) until the End of an Encounter.
PowBuffName,EFFECT,Name for the power buff,强壮,,Strong
PowDebuffDesc,EFFECT,Description for the power debuff,威力降低 <Power> 点（每层 <PowerPerStack>）。,,Suffer <Power> POW (<PowerPerStack> per stack).
PowDebuffName,EFFECT,Name for the power debuff,虚弱,,Weak
PreventDeath_PopUpText,EFFECT,Popup text for when the prevent death effect goes off,（钢铁意志）,,(Iron Will)
PreventDeath_SkillEffectDesc,EFFECT,Description for the generic skill,若此单位以 50% 及以上生命开始战斗，则该场战斗中其生命不会降至 1 以下。,,"If this Unit starts a Fight at or above 50% HP, they can't fall below 1 HP that Fight."
PreventDeath_SkillEffectName,EFFECT,Name for the generic skill,钢铁意志,,Iron Will
PreventDeath_StatusEffectDesc,EFFECT,Description for the prevent death status effect,此单位在战斗中生命不会降至 1 以下。,,This Unit can't fall below 1 HP during a Fight.
PreventDeath_StatusEffectName,EFFECT,Name for the prevent death status effect,无敌,,Invulnerable
PreventDeathOnce_PopUpText,EFFECT,Popup text for when the prevent death once effect goes off,（千钧一发）,,(Skin of Your Teeth)
PreventDeathOnce_StatusEffectDesc,EFFECT,Description for the prevent death status effect,此单位在战斗中生命不会降至 1 以下。仅 1 次。,,This Unit can't fall below 1 HP during a Fight. Once.
PreventDeathOnce_StatusEffectName,EFFECT,Name for the prevent death status effect,近乎无敌,,Almost Invulnerable
Projectile_BuffAtMinRange_EffectDesc,EFFECT,Description for the projectile skill,在此单位的最小射程处战斗时，获得 <CondPower> 点威力（最大射程的 100%）。,,Gain <CondPower> POW (100% of max Range) while Fighting at this Unit's min Range.
Projectile_BuffAtMinRange_EffectName,EFFECT,Name for the projectile skill,霰弹,,Buckshot
Projectile_ExcessHitBecomesCrit_EffectDesc,EFFECT,Description for the projectile skill,战斗中，命中超过 100 的部分将等量提升暴击（<CondCritChance> 暴击，额外暴击等于攻击命中 − 100，最低 0）。,,"During Fights, any Attack's HIT over 100 will increase CRIT by the same amount (<CondCritChance> CRIT is Attack's HIT-100, min 0)."
Projectile_ExcessHitBecomesCrit_EffectName,EFFECT,Name for the projectile skill,满弦,,Overdraw
PullUnitDesc,EFFECT,Description for the pull unit skill,将 1 个单位朝此单位拉近 <Distance> 格。,,Pull a Unit <Distance> Tile towards this Unit.
PullUnitName,EFFECT,Name for the pull unit skill,拉近,,Pull
PushUnitDesc,EFFECT,Description for the push unit skill,将 1 个单位推离此单位 <Distance> 格。,,Push a Unit <Distance> Tile away from this Unit.
PushUnitName,EFFECT,Name for the push unit skill,推开,,Push
RageDebuffDesc,EFFECT,"Description for the debuff which builds up until it causes Berserk, unless they are calmed down",当 <ThisEffect> 达到 <MaxStacks> 层后，对此单位施加 <Status>。\n\n相邻的友方单位可对此单位使用 <CalmAction>，以移除 <CalmAmount> 层 <ThisEffect>。此单位无法对其他单位使用 <CalmAction>。,,"After reaching <MaxStacks> stacks of <ThisEffect>, inflict <Status> on this Unit.\n\nAdjacent friendly Units can <CalmAction> this Unit to remove <CalmAmount> <ThisEffect>. This Unit can't <CalmAction> other Units."
RageDebuffName,EFFECT,"Name for the debuff which builds up until it causes Berserk, unless they are calmed down",狂怒,,Fury
RandomStatBuffAtLevelUp_EffectDesc,EFFECT,Description for the skill that allows the player to choose a random stat buff instead of a skill at level-up,此单位升级时，可选择不学习技能，改为永久使 1 项随机主属性 +<Amount>：力量、魔力、防御、魔抗、速度或灵巧。,,"When this Unit levels up, instead of learning a Skill, they can permanently gain <Amount> to a random primary stat: STR, MAG, DEF, RES, SPD, or DEX."
RandomStatBuffAtLevelUp_EffectName,EFFECT,Name for the skill that allows the player to choose a random stat buff instead of a skill at level-up,博识,,Savant
Ranged_AddStealthToSelf_WeaponEffectDesc,EFFECT,Description for the add stealth to self ranged weapon ability,对此单位施加 <Status>。,,Apply <Status> to this Unit.
Ranged_AddStealthToSelf_WeaponEffectName,EFFECT,Name for the add stealth to self ranged weapon ability,伪装,,Camouflage
Ranged_AdvantageVsAdept_WeaponEffectDesc,EFFECT,Description for the advantage vs adept weapon ability,对能手与医师单位获得优势。,,Gain Advantage against Adept and Doctor Units.
Ranged_AdvantageVsAdept_WeaponEffectName,EFFECT,Name for the advantage vs adept weapon ability,能手杀手,,Adept Killer
Ranged_AdvantageVsRitual_WeaponEffectDesc,EFFECT,Description for the advantage vs ritual weapon ability,对仪式类武器获得优势。,,Gain Advantage against Ritual Weapons.
Ranged_AdvantageVsRitual_WeaponEffectName,EFFECT,Name for the advantage vs ritual weapon ability,仪式杀手,,Ritual Killer
Ranged_AoE_WeaponEffectDesc,EFFECT,Description for the AoE damage ranged weapon ability,对作用范围内的所有敌人造成 <Damage> 点物理伤害（威力 − 2），但命中降低 <HitChance>。,,"Attack all Foes within the Area of Effect for <Damage> Physical DMG (POW-2), but suffer <HitChance> HIT."
Ranged_AoE_WeaponEffectName,EFFECT,Name for the AoE damage ranged weapon ability,齐射,,Volley
Ranged_CantMiss_WeaponEffectDesc,EFFECT,Description for the can't miss ranged weapon ability,获得 <HitChance> 点命中。,,Gain <HitChance> HIT.
Ranged_CantMiss_WeaponEffectName,EFFECT,Name for the can't miss ranged weapon ability,神射手,,Sharpshooter
Ranged_CritDamage_WeaponEffectDesc,EFFECT,Description for the crit damage ranged weapon ability,此单位造成暴击时，额外造成 <Amount> 点伤害。,,Deal <Amount> DMG when this Unit lands a Critical Hit.
Ranged_CritDamage_WeaponEffectName,EFFECT,Name for the crit damage ranged weapon ability,双箭上弦,,Double Nock
Ranged_PreventFoeDeath_WeaponEffectDesc,EFFECT,Description for the prevent foe death ranged weapon ability,此单位的攻击不会使敌人的生命降至 1 以下。,,This Unit's attacks can't cause their Foes to fall below 1 HP.
Ranged_PreventFoeDeath_WeaponEffectName,EFFECT,Name for the prevent foe death ranged weapon ability,非致命,,Non-Lethal
Ranged_RemoveMount_WeaponEffectDesc,EFFECT,Description for the remove mount ranged weapon ability,摧毁 1 个单位的坐骑。,,Destroy a Unit's Mount.
Ranged_RemoveMount_WeaponEffectName,EFFECT,Name for the remove mount ranged weapon ability,击落坐骑,,Dismount
Ranged_StationaryBuff_WeaponEffectDesc,EFFECT,Description for the stationary buff ranged weapon ability,若此单位本回合未移动，则获得 <CondMaxWeaponRange> 点射程与 <CondDefense> 点防御。,,Gain <CondMaxWeaponRange> RNG and <CondDefense> DEF if this Unit hasn't moved this turn.
Ranged_StationaryBuff_WeaponEffectName,EFFECT,Name for the stationary buff ranged weapon ability,哨戒,,Sentry
Ranged_VsFlying_WeaponEffectDesc,EFFECT,Description for the bonus damage vs flying units ranged weapon ability,对飞行单位造成 <Amount> 点伤害。,,Deal <Amount> DMG against Flying Units.
Ranged_VsFlying_WeaponEffectName,EFFECT,Name for the bonus damage vs flying units ranged weapon ability,飞靶射击,,Skeet Shooting
RangeDebuffDesc,EFFECT,Description for the basic range debuff,射程降低 <MaxWeaponRange> 点（每层 <MaxWeaponRangePerStack>）。,,Suffer <MaxWeaponRange> RNG (<MaxWeaponRangePerStack> per stack).
RangeDebuffName,EFFECT,Name for the basic range debuff,受制,,Constrained
RarelyPreventDamage_EffectDesc,EFFECT,Description for the prevent physical damage shield weapon ability,此单位有 <ProcChance> 概率免除其本应承受的任何伤害。,,This Unit has a <ProcChance> chance to negate any DMG they would take.
RarelyPreventDamage_EffectName,EFFECT,Name for the prevent physical damage shield weapon ability,侥幸,,Lucky Break
RarelyPreventDamage_PopUpText,EFFECT,Name for the prevent physical damage shield weapon ability,幸运！,,Lucky!
ResistanceBuffDesc,EFFECT,Description for the basic resistance buff,获得 <Resistance> 点魔抗（每层 <ResistancePerStack>），持续至遭遇战结束。,,Gain <Resistance> RES (<ResistancePerStack> per stack) until the End of an Encounter.
ResistanceBuffName,EFFECT,Name for the basic resistance buff,坚定,,Resolute
ResistanceBuffPerpetualDesc,EFFECT,Description for the basic resistance buff,获得 <Resistance> 点魔抗（每层 <ResistancePerStack>）。,,Gain <Resistance> RES (<ResistancePerStack> per stack).
ResistanceDebuffDesc,EFFECT,Description for the basic resistance debuff,魔抗降低 <Resistance> 点（每层 <ResistancePerStack>），持续至遭遇战结束。,,Suffer <Resistance> RES (<ResistancePerStack> per stack) until the End of an Encounter.
ResistanceDebuffName,EFFECT,Name for the basic resistance debuff,动摇,,Wavering
ResistanceDebuffPerpetualDesc,EFFECT,Description for the basic resistance debuff,魔抗降低 <Resistance> 点（每层 <ResistancePerStack>）。,,Suffer <Resistance> RES (<ResistancePerStack> per stack).
Ritual_AddRage_WeaponEffectDesc,EFFECT,Description for the add rage ritual weapon ability,对作用范围内的所有单位施加 <Status>。,,Inflict <Status> on all Units in the Area of Effect.
Ritual_AddRage_WeaponEffectName,EFFECT,Name for the add rage ritual weapon ability,群体妄念,,Mass Delusion
Ritual_AddRegenToTile_WeaponEffectDesc,EFFECT,Description for the add regen to tile ritual weapon ability,对 1 个格子施加 <Status>。,,Apply <Status> to a Tile.
Ritual_AddRegenToTile_WeaponEffectName,EFFECT,Name for the add regen to tile ritual weapon ability,祝福土地,,Bless Land
Ritual_AdvantageVsScholar_WeaponEffectDesc,EFFECT,Description for the advantage vs scholar weapon ability,对学者与傀儡师单位获得优势。,,Gain Advantage against Scholar and Puppeteer Units.
Ritual_AdvantageVsScholar_WeaponEffectName,EFFECT,Name for the advantage vs scholar weapon ability,学者杀手,,Scholar Killer
Ritual_BuffSkillRange_EffectDesc,EFFECT,Description for the ritual skill,每层使此单位技能的射程提高 <Amount>。,,Increase the range of this Unit's Skills by <Amount> per stack.
Ritual_BuffSkillRange_EffectName,EFFECT,Name for the ritual skill,扩展领域,,Expand Domain
Ritual_DecreaseDoublingThreshold_WeaponEffectDesc,EFFECT,Description for the decrease doubling threshold ritual weapon ability,对 1 个单位施加 <Status>。,,Apply <Status> to a Unit.
Ritual_DecreaseDoublingThreshold_WeaponEffectName,EFFECT,Name for the decrease doubling threshold ritual weapon ability,加速,,Hasten
Ritual_DecreaseMovCost_WeaponEffectDesc,EFFECT,Description for the reduce tile MOV cost ritual weapon ability,对 1 个格子施加 <Status>。,,Apply <Status> to a Tile.
Ritual_DecreaseMovCost_WeaponEffectName,EFFECT,Name for the reduce tile MOV cost ritual weapon ability,平整土地,,Flatten Land
Ritual_DexRequiredToAttack_EffectDesc,EFFECT,Description for the ritual skill,此单位使用武器技能无需灵巧，但除非满足武器的灵巧需求，否则无法攻击。,,"This Unit doesn't require DEX to use their weapon's Skills, but can't Attack unless they meet their weapon's DEX requirement."
Ritual_DexRequiredToAttack_EffectName,EFFECT,Name for the ritual skill,心胜于物,,Mind Over Matter
Ritual_Force2-3Range_WeaponEffectDesc,EFFECT,Description for the force 2-3 range ritual weapon ability,对 1 个单位施加 <Status>。,,Apply <Status> to a Unit.
Ritual_Force2-3Range_WeaponEffectName,EFFECT,Name for the force 2-3 range ritual weapon ability,无形之力,,Hidden Force
Ritual_RangedAoEHeal_WeaponEffectDesc,EFFECT,Description for the ranged AoE heal ritual weapon ability,为 1 名友军恢复 <Healing> 点生命（魔力的 100%）。此技能射程提高 <TargetRangeMod>（命中的 10%）。,,Heal an Ally <Healing> HP (100% of MAG). Increase the range of this Skill by <TargetRangeMod> (10% of HIT).
Ritual_RangedAoEHeal_WeaponEffectName,EFFECT,Name for the ranged AoE heal ritual weapon ability,远及之触,,Farthest Reach
Ritual_TeleportTarget_WeaponEffectDesc,EFFECT,Description for the teleport target ritual weapon ability,将 1 个单位传送至此单位旁边的格子。此技能射程提高 <TargetRangeMod>（灵巧的 50%）。,,Teleport a Unit to a Tile beside this Unit. Increase the range of this Skill by <TargetRangeMod> (50% of DEX).
Ritual_TeleportTarget_WeaponEffectName,EFFECT,Name for the teleport target ritual weapon ability,救援,,Rescue
Ritual_VsMount_WeaponEffectDesc,EFFECT,Description for the bonus damage vs mounted units ritual weapon ability,对骑乘单位造成 <Amount> 点伤害。,,Deal <Amount> DMG against Mounted Units.
Ritual_VsMount_WeaponEffectName,EFFECT,Name for the bonus damage vs mounted units ritual weapon ability,未知之力,,Powers Unknown
RngBuffDesc,EFFECT,Description for the basic range buff,若此单位为民兵，则在其他单位的阶段内获得 <CondMaxWeaponRange> 点射程。,,Gain <CondMaxWeaponRange> RNG during other Units Phases if this Unit is Militia.
RngBuffName,EFFECT,Name for the basic range buff,重整旗鼓,,Rallied
ScalpelAbilityDesc,EFFECT,Description for the Scalpel weapon ability,为 1 名友军恢复 <Healing> 点生命（灵巧 + 5）。,,Heal an Ally <Healing> (DEX+5) HP.
ScalpelAbilityName,EFFECT,Name for the Scalpel weapon ability,缝合,,Suture
Scholar_CreateBooks_EffectDesc,EFFECT,Description for the scholar skill,获得 1 个随机技能书或武器手册。（30% 概率为武器手册）,,Gain a random Skill Book or Weapon Manual. (30% chance of a Weapon Manual)
Scholar_CreateBooks_EffectName,EFFECT,Name for the scholar skill,借书证,,Library Card
Scholar_GrantExperience_EffectDesc,EFFECT,Description for the scholar skill,给予 1 个单位经验（等同于击败此单位所获经验）。若其升级，由你选择其学习的技能。,,"Grant Experience to a Unit (equal to the amount they would gain from killing this Unit). If they level up, you choose what Skill they learn."
Scholar_GrantExperience_EffectName,EFFECT,Name for the scholar skill,教导,,Teach
Scholar_HealFromXP_StatusEffectDesc,EFFECT,Description for the status applied by a scholar skill,恢复 <Unresolved> 点生命（所获经验的 20%）。,,Heal <Unresolved> HP (20% of Experience gained).
Scholar_HealFromXP_StatusEffectName,EFFECT,Name for the status applied by a scholar skill,引经据典,,Sources Cited
Scholar_HealFromXPAura_EffectDesc,EFFECT,Description for the scholar skill,对作用范围内的所有友军施加 <Status>。,,Apply <Status> to all Allies in the Area of Effect.
Scholar_HealFromXPAura_EffectName,EFFECT,Name for the scholar skill,援引出处,,Cite Sources
Scholar_StatsFromSkills_EffectDesc,EFFECT,Description for the scholar skill,获得 <CritChance> 点暴击（每有 1 个已填充技能栏 +5）与 <Avoid> 点闪避（每有 1 个简易技能 +2）,,"Gain <CritChance> CRIT (5 per filled Skill Slot), and <Avoid> AVO (2 per Simple skill)"
Scholar_StatsFromSkills_EffectName,EFFECT,Name for the scholar skill,知识即力量,,Knowledge is Power
Scout_AttackConsecutively_EffectDesc,EFFECT,Description for the scout skill,此单位的所有攻击连续发生。,,This Unit's Attacks all happen consecutively.
Scout_AttackConsecutively_EffectName,EFFECT,Name for the scout skill,连击,,Flurry
Scout_ConditionalStealth_EffectDesc,EFFECT,Description for the scout skill,若此单位相邻处没有敌人，则其无法被敌人选为目标，也不会阻挡敌人的移动。,,"If there are no Foes adjacent to this Unit, they can't be targeted by their Foes and they don't block their Foes' movement."
Scout_ConditionalStealth_EffectName,EFFECT,Name for the scout skill,隐没,,Enshroud
Scout_LongMoveBuff_EffectDesc,EFFECT,Description for the scout skill,若此单位在上个回合移动超过 5 格，则获得 <CondCritChance> 点暴击与闪避。,,Gain <CondCritChance> CRIT and AVO if this Unit moved more than 5 Tiles during their last turn.
Scout_LongMoveBuff_EffectName,EFFECT,Name for the scout skill,步履轻捷,,Light-Footed
Scout_ThreatenArea_SkillEffectDesc,EFFECT,Description for the scout skill which applies a melee range threatened area buff,攻击任何在此单位射程内结束移动的敌人。若射程内已有其他敌人，则无法触发。,,Attack any Foe who ends their movement in this Unit's Range. Can't be Triggered if there's already another Foe in Range.
Scout_ThreatenArea_SkillEffectName,EFFECT,Name for the scout skill which applies a melee range threatened area buff,守望,,Lookout
SecondRitualAbilityDesc,EFFECT,Description for the Second Ritual weapon ability,对任意 1 个单位施加 <Status>。,,Apply <Status> to Any Unit.
SecondRitualAbilityName,EFFECT,Name for the Second Ritual weapon ability,涂油祝圣,,Anoint
Shield_AddPushAreaToSelf_WeaponEffectDesc,EFFECT,Description for the shield push weapon effect,对此单位施加 <Status>。,,Apply <Status> to this Unit.
Shield_AddPushAreaToSelf_WeaponEffectName,EFFECT,Name for the shield push weapon effect,盾墙,,Wall of Shields
Shield_AddSwapCombatantToTarget_EffectDesc,EFFECT,Description for the shield skill,对 1 个单位施加 <Status>，并对此单位施加 <SelfStatus>。,,Apply <Status> to a Unit and <SelfStatus> to this Unit.
Shield_AddSwapCombatantToTarget_EffectName,EFFECT,Name for the shield skill,护卫,,Bodyguard
Shield_AdvantageVsFamiliar_WeaponEffectDesc,EFFECT,Description for the advantage vs familiar weapon ability,对使魔类武器获得优势。,,Gain Advantage against Familiar Weapons.
Shield_AdvantageVsFamiliar_WeaponEffectName,EFFECT,Name for the advantage vs familiar weapon ability,使魔杀手,,Familiar Killer
Shield_AdvantageVsKnight_WeaponEffectDesc,EFFECT,Description for the advantage vs knight weapon ability,对骑士与战法师单位获得优势。,,Gain Advantage against Knight and Battlemage Units.
Shield_AdvantageVsKnight_WeaponEffectName,EFFECT,Name for the advantage vs knight weapon ability,骑士杀手,,Knight Killer
Shield_AtsAura_EffectDesc,EFFECT,Description for the shield skill,对作用范围内的友军施加 <Status>。,,Apply <Status> to Allies in the Area of Effect.
Shield_AtsAura_EffectName,EFFECT,Name for the shield skill,神盾光环,,Aegis Aura
Shield_Bodyguard_EffectDesc,EFFECT,Description for the status applied by a shield skill,当敌人对带有 <Status> 的单位发起战斗时，若此单位位于作用范围内，则由其代替该单位参战。,,"If this Unit is in the Area of Effect when a Foe initiates a Fight against a <Status> Unit, this Unit takes their place in the Fight."
Shield_Bodyguard_EffectName,EFFECT,Name for the status applied by a shield skill,守护者,,Guardian
Shield_Bodyguarded_StatusEffectDesc,EFFECT,Description for the status applied by a shield skill,当敌人对此单位发起战斗时，若作用范围内存在带有 <Status> 的单位，则由该 <Status> 代替此单位参战。,,"If a <Status> is in the Area of Effect when a Foe initiates a Fight against this Unit, the <Status> takes this Unit's place in the Fight."
Shield_Bodyguarded_StatusEffectName,EFFECT,Name for the status applied by a shield skill,受护,,Bodyguarded
Shield_NoAvoid_WeaponEffectDesc,EFFECT,Description for the no avoid shield weapon ability,以 <Avoid> 点闪避（最低 0）与敌人战斗。此场战斗中敌人亦具有 <FoeAvoid> 点闪避（最低 0）。,,Fight a Foe with <Avoid> AVO (min 0). The Foe also has <FoeAvoid> AVO (min 0) during this Fight.
Shield_NoAvoid_WeaponEffectName,EFFECT,Name for the no avoid shield weapon ability,无处可藏,,Nowhere to Hide
Shield_PreventPhysicalDamage_EffectDesc,EFFECT,Description for the prevent physical damage shield weapon ability,此单位有 <ProcChance> 概率（灵巧的 200%）免除其本应承受的任何物理伤害。,,This Unit has a <ProcChance> (200% of DEX) chance to negate any Physical DMG they would take.
Shield_PreventPhysicalDamage_EffectName,EFFECT,Name for the prevent physical damage shield weapon ability,高阶格挡,,Advanced Guard
Shield_PreventPhysicalDamage_PopUpText,EFFECT,Name for the prevent physical damage shield weapon ability,格挡！,,Blocked!
Shield_Push_StatusEffectDesc,EFFECT,Description for the status applied by a shield weapon,若有单位在与此单位相邻处结束回合，则将其推离此单位 <Distance> 格。,,"If a Unit ends their turn adjacent to this Unit, push them <Distance> Tile away from this Unit."
Shield_Push_StatusEffectName,EFFECT,Name for the status applied by a shield weapon,个人空间,,Personal Space
Shield_PushArea_StatusEffectDesc,EFFECT,Description for the status applied by a shield weapon,若该单位在此单位射程内结束回合，则将其推离此单位 <Distance> 格。,,"If the Unit ended their turn in this Unit's Range, push them <Distance> Tile away from this Unit."
Shield_PushArea_StatusEffectName,EFFECT,Name for the status applied by a shield weapon,个人空间,,Personal Space
Shield_Taunt_WeaponEffectDesc,EFFECT,Description for the taunt shield weapon ability,只要能够，敌人必须以此单位为目标。,,Foes must target this Unit whenever they are able to.
Shield_Taunt_WeaponEffectName,EFFECT,Name for the taunt shield weapon ability,嘲讽,,Taunt
Shield_Thorns_WeaponEffectDesc,EFFECT,Description for the thorns shield weapon ability,对攻击者造成 <Damage> 点物理伤害（防御的 100%）。此伤害不会使其生命降至 1 以下；若触发此效果的攻击为暴击，则此伤害亦为暴击。,,Deal <Damage> Physical DMG (100% of DEF) to the attacker. This damage can't cause them to fall below 1 HP and will be a Critical Hit if the triggering attack was a Critical Hit.
Shield_Thorns_WeaponEffectName,EFFECT,Name for the thorns shield weapon ability,尖刺盾,,Spiked Shield
Shield_UnequipFoeWeapons_WeaponEffectDesc,EFFECT,Description for the unequip foe weapons shield weapon ability,与 1 名敌人战斗，然后卸下其装备的武器。,,"Fight a Foe, then unequip their Equipped Weapon."
Shield_UnequipFoeWeapons_WeaponEffectName,EFFECT,Name for the unequip foe weapons shield weapon ability,盾击,,Shield Bash
Shiled_AtsBuff_StatusEffectDesc,EFFECT,Description for the status applied by a shield skill,在此单位未发起的战斗中，获得 <CondAttackSpeed> 点攻速。,,Gain <CondAttackSpeed> ATS during Fights that this Unit didn't initiate.
Shiled_AtsBuff_StatusEffectName,EFFECT,Name for the status applied by a shield skill,神盾,,Aegis
ShortMoveBuff_EffectDesc,EFFECT,Description for the generic skill,若此单位在上个回合移动少于 5 格，则获得 <CondDefense> 点防御与攻速。,,Gain <CondDefense> DEF and ATS if this Unit moved less than 5 Tiles during their last turn.
ShortMoveBuff_EffectName,EFFECT,Name for the generic skill,龟缩,,Turtle
ShortswordAbilityDesc,EFFECT,Description for the Shortsword weapon ability,在其他单位的阶段内获得 <CondAttackSpeed> 点攻速。,,Gain <CondAttackSpeed> ATS during other Units' Phases.
ShortswordAbilityName,EFFECT,Name for the Shortsword weapon ability,严阵以待,,At the Ready
SkillSetFailedDesc,EFFECT,Description for the debug skill that will be given whenever a skill set errors,选择技能时出现错误。请向开发者反馈此问题。,,Something went wrong when trying to select a skill. Please report this to the developers.
SkillSetFailedName,EFFECT,Name for the debug skill that will be given whenever a skill set errors,技能选择失败,,SkillSelectionFailed
SlightSniper_DummyEffectDesc,EFFECT,Description for the ,相比大多数单位，此单位获得 +1 最大射程，但移动 -1。,,This Unit gains +1 Max RNG but suffers -1 MOV compared to most Units.
SlightSniper_DummyEffectName,EFFECT,Name for the ,补偿,,Compensation
SmokeBombBuffDesc,EFFECT,"Description for the avoid buff, removed after moving",获得 <Avoid> 点闪避（每层 <AvoidPerStack>）。此单位移动时，移除所有 <ThisEffect>。,,"Gain <Avoid> AVO (<AvoidPerStack> per stack). When this Unit moves, relinquish all <ThisEffect>."
SmokeBombBuffName,EFFECT,"Name for the avoid buff, removed after moving",烟幕,,Smokescreen
SmokescreenAura_EffectDesc,EFFECT,Description for the skill,对作用范围内的所有友军施加 <Status>。,,Apply <Status> to all Allies in the Area of Effect.
SmokescreenAura_EffectName,EFFECT,Name for the skill,影网,,Web of Shadows
Sol_AddMaxHpToSelf_ItemEffectDesc,EFFECT,Description for the effect of Sol's holy symbol which gives him max hp,对此单位施加 <Status>（每层 <Reference0> 为 2）。,,Apply <Status> (2 per <Reference0> Stack) to this Unit.
Sol_AddMaxHpToSelf_ItemEffectName,EFFECT,Name for the effect of Sol's holy symbol which gives him max hp,其神圣光辉,,His Divine Radiance
Sol_CopyMaxHpBuffs_SkillEffectDesc,EFFECT,Description for the sol skill,消耗 3 层 <Reference0>，对 1 个单位施加 <Status>（最大生命 − 20，最低 0）。,,"Spend 3 stacks of <Reference0> to apply <Status> (Max HP-20, min 0) to a Unit."
Sol_CopyMaxHpBuffs_SkillEffectName,EFFECT,Name for the sol skill,日光照拂,,Kissed By Sunlight
Sol_MaxHpOnKill_StatusEffectDesc,EFFECT,Description for the max hp on kill sol relic status,对此单位施加 <Status>。,,Apply <Status> to this Unit.
Sol_MissingHpBonusAttack_SkillEffectDesc,EFFECT,Description for the sol skill,此单位有 <ProcChance> 概率（已损失生命的 100%）在一场战斗中获得 <Amount> 次额外攻击。,,This Unit has a <ProcChance> chance (100% of Missing HP) to gain <Amount> Bonus Attack in a Fight.
Sol_MissingHpBonusAttack_SkillEffectName,EFFECT,Name for the sol skill,狂乱挥击,,Frenzied Swing
Sol_NoFriendlyFire_SkillEffectDesc,EFFECT,Description for the sol skill,此单位在失控期间不会攻击友军。,,This Unit won't ever fight Allies while uncontrollable.
Sol_NoFriendlyFire_SkillEffectName,EFFECT,Name for the sol skill,短暂清醒,,Brief Lucidity
Sol_RagelessHealing_SkillEffectDesc,EFFECT,Description for the sol skill,若此单位的 <Reference0> 为 0 层，则恢复 <Healing> 点生命。,,Heal <Healing> HP if this Unit has 0 stacks of <Reference0>.
Sol_RagelessHealing_SkillEffectName,EFFECT,Name for the sol skill,沉潜热忱,,Dormant Zeal
Sol_SmashLocksAction_SkillEffectDesc,EFFECT,Description for the smash locks action,将 <Unlock Door> 与 <Unlock Chest> 行动替换为 <Reference0>。,,Replace the <Unlock Door> and  <Unlock Chest> actions with <Reference0>.
Sol_SmashLocksAction_SkillEffectName,EFFECT,Name for the smash locks action,砸锁,,Smash Locks
SolApplyEnragedBuff_SkillEffectDesc,EFFECT,Description for the skill which applies the enraged buff,对此单位施加 <SelfStatus0>，然后与 1 名敌人战斗。,,"Apply <SelfStatus0> to this Unit, then Fight a Foe."
SolApplyEnragedBuff_SkillEffectName,EFFECT,Name for the skill which applies the enraged buff,正义裁决,,Righteous Judgement
SolApplyRageDesc,EFFECT,Description for the effect of Sol's holy symbol which applies rage to him,对此单位施加 <Status>。,,Inflict <Status> on this Unit.
SolApplyRageName,EFFECT,Name for the effect of Sol's holy symbol which applies rage to him,布道,,Proselytize
SolEnragedBuff_StatusEffectDesc,EFFECT,Description for the Sol's enraged buff,获得 <CritChance> 点暴击。\n每场战斗结束时，对此单位施加 <Status>。,,"Gain <CritChance> CRIT.\nAt the end of each fight, inflict <Status> on this Unit."
SolEnragedBuff_StatusEffectName,EFFECT,Name for the Sol's enraged buff,裁决,,Judgement
SolInTeam_GainItemAndAddRageCritBuff_SkillEffectDesc,EFFECT,Description for the sol in team skill,永久对此单位施加 <Status>，并立即给予其 <Item>。,,Permanently apply <Status> to this Unit and immediately grant them <Item>.
SolInTeam_GainItemAndAddRageCritBuff_SkillEffectName,EFFECT,Name for the sol in team skill,皈依,,Convert
SolInTeam_RageCritBuff_StatusEffectDesc,EFFECT,Description for the sol in team status effect,获得 <CritChance> 点暴击（每层 <Reference0> 为 5%）。,,Gain <CritChance> CRIT (5% per stack of <Reference0>).
SolInTeam_RageCritBuff_StatusEffectName,EFFECT,Name for the sol in team status effect,神圣启示,,Divine Inspiration
SpdBuffDesc,EFFECT,Description for the strength buff,获得 <Speed> 点速度（每层 <SpeedPerStack>），持续至遭遇战结束。,,Gain <Speed> SPD (<SpeedPerStack> per stack) until the End of an Encounter.
SpdBuffName,EFFECT,Name for the strength buff,柔韧,,Limber
SpdDebuffDesc,EFFECT,Description for the strength debuff,速度降低 <Speed> 点（每层 <SpeedPerStack>），持续至遭遇战结束。,,Suffer <Speed> SPD (<SpeedPerStack> per stack) until the End of an Encounter.
SpdDebuffName,EFFECT,Name for the strength debuff,僵直,,Rigid
StarFragmentAbilityDesc,EFFECT,Description for the Star Fragment weapon ability,获得 <MaxWeaponRange> 点射程。,,Gain <MaxWeaponRange> RNG.
StarFragmentAbilityName,EFFECT,Name for the Star Fragment weapon ability,魔法弩炮,,Magic Ballista
StartAtLevel3_DummyEffectDesc,EFFECT,Description for the ,相比大多数单位，此单位起始等级更高，但暴击 -20。,,This Unit's starting Level is higher compared to most Units but suffers -20 CRIT.
StartAtLevel3_DummyEffectName,EFFECT,Name for the ,抢得先机,,Head Start
StartDamaged_StatusEffectDesc,EFFECT,Description for the start damaged status effect,伤口尚未结痂，因此起始生命较低。最好别去想它们从何而来。,,"Wounds that have barely started to scar over, reducing starting HP. Best not to wonder where they came from."
StartDamaged_StatusEffectName,EFFECT,Name for the start damaged status effect,新伤,,Fresh Wounds
StatBuffFromLevelUp_Button,EFFECT,Text for the button which can be clicked after leveling up to buff a stat,……或者，你想改为提升 1 项随机属性吗？,,...Or would you like to buff a random stat instead?
StealItemDesc,EFFECT,Description for the skill which steals an item from a unit,从任意单位处窃取 1 件物品。无法以武器为目标。,,Steal an Item from any Unit. Can't target Weapons.
StealItemName,EFFECT,Name for the skill which steals an item from a unit,扒窃,,Pickpocket
Stealth_StatusEffectDesc,EFFECT,Description for the stealth buff,此单位无法被敌人选为目标，也不会阻挡敌人的移动。,,This Unit can't be targeted by their Foes and they don't block their Foes' movement.
Stealth_StatusEffectName,EFFECT,Name for the stealth buff,潜行,,Stealth
StrBuffDesc,EFFECT,Description for the strength buff,获得 <Strength> 点力量（每层 <StrengthPerStack>），持续至遭遇战结束。,,Gain <Strength> STR (<StrengthPerStack> per stack) until the End of an Encounter.
StrBuffName,EFFECT,Name for the strength buff,振奋,,Invigorated
StrDebuffDesc,EFFECT,Description for the strength debuff,力量降低 <Strength> 点（每层 <StrengthPerStack>），持续至遭遇战结束。,,Suffer <Strength> STR (<StrengthPerStack> per stack) until the End of an Encounter.
StrDebuffName,EFFECT,Name for the strength debuff,衰竭,,Drained
Subclass_Adept_EffectDesc,EFFECT,Description for the effect which changes the class of the user,将 <Class> 添加为副职业，应用其属性变化并解锁其技能组。,,Add <Class> as a Subclass by applying its stat changes and unlocking its Skill Set.
Subclass_Adept_EffectName,EFFECT,Name for the effect which changes the class of the user,副职业：能手,,Subclass: Adept
Subclass_Aniara_EffectDesc,EFFECT,Description for the effect which changes the class of the user,将 <Class> 添加为副职业，应用其属性变化并解锁其技能组。,,Add <Class> as a Subclass by applying its stat changes and unlocking its Skill Set.
Subclass_Aniara_EffectName,EFFECT,Name for the effect which changes the class of the user,副职业：血织者,,Subclass: Bloodweaver
Subclass_Azha_EffectDesc,EFFECT,Description for the effect which changes the class of the user,将 <Class> 添加为副职业，应用其属性变化并解锁其技能组。,,Add <Class> as a Subclass by applying its stat changes and unlocking its Skill Set.
Subclass_Azha_EffectName,EFFECT,Name for the effect which changes the class of the user,副职业：晶泣骑士,,Subclass: Crysknight
Subclass_Cetus_EffectDesc,EFFECT,Description for the effect which changes the class of the user,将 <Class> 添加为副职业，应用其属性变化并解锁其技能组。,,Add <Class> as a Subclass by applying its stat changes and unlocking its Skill Set.
Subclass_Cetus_EffectName,EFFECT,Name for the effect which changes the class of the user,副职业：“收藏家”,,Subclass: ''Collector''
Subclass_Draco_EffectDesc,EFFECT,Description for the effect which changes the class of the user,将 <Class> 添加为副职业，应用其属性变化并解锁其技能组。,,Add <Class> as a Subclass by applying its stat changes and unlocking its Skill Set.
Subclass_Draco_EffectName,EFFECT,Name for the effect which changes the class of the user,副职业：赌徒,,Subclass: Gambler
Subclass_Druid_EffectDesc,EFFECT,Description for the effect which changes the class of the user,将 <Class> 添加为副职业，应用其属性变化并解锁其技能组。,,Add <Class> as a Subclass by applying its stat changes and unlocking its Skill Set.
Subclass_Druid_EffectName,EFFECT,Name for the effect which changes the class of the user,副职业：德鲁伊,,Subclass: Druid
Subclass_Knight_EffectDesc,EFFECT,Description for the effect which changes the class of the user,将 <Class> 添加为副职业，应用其属性变化并解锁其技能组。,,Add <Class> as a Subclass by applying its stat changes and unlocking its Skill Set.
Subclass_Knight_EffectName,EFFECT,Name for the effect which changes the class of the user,副职业：骑士,,Subclass: Knight
Subclass_Lyra_EffectDesc,EFFECT,Description for the effect which changes the class of the user,将 <Class> 添加为副职业，应用其属性变化并解锁其技能组。,,Add <Class> as a Subclass by applying its stat changes and unlocking its Skill Set.
Subclass_Lyra_EffectName,EFFECT,Name for the effect which changes the class of the user,副职业：战法师,,Subclass: Battlemage
Subclass_Mage_EffectDesc,EFFECT,Description for the effect which changes the class of the user,将 <Class> 添加为副职业，应用其属性变化并解锁其技能组。,,Add <Class> as a Subclass by applying its stat changes and unlocking its Skill Set.
Subclass_Mage_EffectName,EFFECT,Name for the effect which changes the class of the user,副职业：法师,,Subclass: Mage
Subclass_Maia_EffectDesc,EFFECT,Description for the effect which changes the class of the user,将 <Class> 添加为副职业，应用其属性变化并解锁其技能组。,,Add <Class> as a Subclass by applying its stat changes and unlocking its Skill Set.
Subclass_Maia_EffectName,EFFECT,Name for the effect which changes the class of the user,副职业：傀儡师,,Subclass: Puppeteer
Subclass_Monk_EffectDesc,EFFECT,Description for the effect which changes the class of the user,将 <Class> 添加为副职业，应用其属性变化并解锁其技能组。,,Add <Class> as a Subclass by applying its stat changes and unlocking its Skill Set.
Subclass_Monk_EffectName,EFFECT,Name for the effect which changes the class of the user,副职业：武僧,,Subclass: Monk
Subclass_Scholar_EffectDesc,EFFECT,Description for the effect which changes the class of the user,将 <Class> 添加为副职业，应用其属性变化并解锁其技能组。,,Add <Class> as a Subclass by applying its stat changes and unlocking its Skill Set.
Subclass_Scholar_EffectName,EFFECT,Name for the effect which changes the class of the user,副职业：学者,,Subclass: Scholar
Subclass_Scout_EffectDesc,EFFECT,Description for the effect which changes the class of the user,将 <Class> 添加为副职业，应用其属性变化并解锁其技能组。,,Add <Class> as a Subclass by applying its stat changes and unlocking its Skill Set.
Subclass_Scout_EffectName,EFFECT,Name for the effect which changes the class of the user,副职业：斥候,,Subclass: Scout
Subclass_Sol_EffectDesc,EFFECT,Description for the effect which changes the class of the user,将 <Class> 添加为副职业，应用其属性变化并解锁其技能组。,,Add <Class> as a Subclass by applying its stat changes and unlocking its Skill Set.
Subclass_Sol_EffectName,EFFECT,Name for the effect which changes the class of the user,副职业：十字军,,Subclass: Crusader
Subclass_Vega_EffectDesc,EFFECT,Description for the effect which changes the class of the user,将 <Class> 添加为副职业，应用其属性变化并解锁其技能组。,,Add <Class> as a Subclass by applying its stat changes and unlocking its Skill Set.
Subclass_Vega_EffectName,EFFECT,Name for the effect which changes the class of the user,副职业：医师,,Subclass: Doctor
Subclass_Warrior_EffectDesc,EFFECT,Description for the effect which changes the class of the user,将 <Class> 添加为副职业，应用其属性变化并解锁其技能组。,,Add <Class> as a Subclass by applying its stat changes and unlocking its Skill Set.
Subclass_Warrior_EffectName,EFFECT,Name for the effect which changes the class of the user,副职业：战士,,Subclass: Warrior
SummonDoll_WeaponEffectDesc,EFFECT,Description for the ,召唤 1 具傀儡并对其施加 <Status>（1 + 灵巧的 30%）。\n傀儡获得此单位所有技能的（傀儡）版本，以及其副职业。（复制所得的临时技能无法施放。）,,"Summon a Doll and apply <Status> (1 + 30% of DEX) to it.\nThe Dolls gains the (Doll) versions of all this Unit's skills, as well as its Subclass. (Copied Ephemeral skills cannot be cast.)"
SummonDoll_WeaponEffectName,EFFECT,Name for the ,召唤傀儡,,Summon Doll
SummonedPopUpText,EFFECT,Pop-up text for summoning a unit,已召唤！,,Summoned!
SupportBonus_Adept_EffectDesc,EFFECT,Description for the support skill,在友方能手或医师 3 格以内时，获得 <CondDexterity> 点灵巧。,,Gain <CondDexterity> DEX while within 3 Tiles of an Allied Adept or Doctor.
SupportBonus_Adept_EffectName,EFFECT,Name for the support skill,良师益友,,Good Influence
SupportBonus_Druid_EffectDesc,EFFECT,Description for the support skill,在友方德鲁伊或赌徒 3 格以内时，获得 <CondSpeed> 点速度。,,Gain <CondSpeed> SPD while within 3 Tiles of an Allied Druid or Gambler.
SupportBonus_Druid_EffectName,EFFECT,Name for the support skill,与自然合一,,One with Nature
SupportBonus_Knight_EffectDesc,EFFECT,Description for the support skill,在友方骑士或战法师 3 格以内时，获得 <CondDefense> 点防御。,,Gain <CondDefense> DEF while within 3 Tiles of an Allied Knight or Battlemage.
SupportBonus_Knight_EffectName,EFFECT,Name for the support skill,方阵,,Phalanx
SupportBonus_LoneWolf_EffectDesc,EFFECT,Description for the support skill,在 3 格以内没有友军时，获得 <CondHitChance> 点命中与 <CondAvoid> 点闪避。,,Gain <CondHitChance> HIT and <CondAvoid> AVO while there are no Allies within 3 Tiles.
SupportBonus_LoneWolf_EffectName,EFFECT,Name for the support skill,孤狼,,Lone Wolf
SupportBonus_Mage_EffectDesc,EFFECT,Description for the support skill,在友方法师或血织者 3 格以内时，获得 <CondMagic> 点魔力。,,Gain <CondMagic> MAG while within 3 Tiles of an Allied Mage or Bloodweaver.
SupportBonus_Mage_EffectName,EFFECT,Name for the support skill,灵脉,,Ley Line
SupportBonus_Monk_EffectDesc,EFFECT,Description for the support skill,在友方武僧或晶泣骑士 3 格以内时，获得 <CondResistance> 点魔抗。,,Gain <CondResistance> RES while within 3 Tiles of an Allied Monk or Crysknight.
SupportBonus_Monk_EffectName,EFFECT,Name for the support skill,开悟之友,,Enlightened Friends
SupportBonus_Scholar_EffectDesc,EFFECT,Description for the support skill,在友方学者或傀儡师 3 格以内时，额外获得 <CondExtraExpGain>% 经验。,,Gain an extra <CondExtraExpGain>% Experience while within 3 Tiles of an Allied Scholar or Puppeteer.
SupportBonus_Scholar_EffectName,EFFECT,Name for the support skill,同窗共研,,Studied Company
SupportBonus_Scout_EffectDesc,EFFECT,Description for the support skill,在友方斥候或“收藏家”3 格以内时，获得 <CondMovementSpeed> 点移动。,,Gain <CondMovementSpeed> MOV while within 3 Tiles of an Allied Scout or ''Collector''.
SupportBonus_Scout_EffectName,EFFECT,Name for the support skill,同类相从,,Birds of a Feather
SupportBonus_Warrior_EffectDesc,EFFECT,Description for the support skill,在友方战士或十字军 3 格以内时，获得 <CondStrength> 点力量。,,Gain <CondStrength> STR while within 3 Tiles of an Allied Warrior or Crusader.
SupportBonus_Warrior_EffectName,EFFECT,Name for the support skill,并肩作战,,Together in Battle
SwapDefResLevels_EffectDesc,EFFECT,Description for the effect which swaps DEF and RES,永久交换此单位的基础防御与基础魔抗。,,Permanently swap this Unit's Base DEF and Base RES.
SwapDefResLevels_EffectName,EFFECT,Name for the effect which swaps DEF and RES,饮用逆转药剂,,Drink Inversion Elixir
SwapDexDefLevels_EffectDesc,EFFECT,Description for the effect which swaps DEX and DEF,永久交换此单位的基础灵巧与基础防御。,,Permanently swap this Unit's Base DEX and Base DEF.
SwapDexDefLevels_EffectName,EFFECT,Name for the effect which swaps DEX and DEF,饮用逆转药剂,,Drink Inversion Elixir
SwapDexResLevels_EffectDesc,EFFECT,Description for the effect which swaps DEX and RES,永久交换此单位的基础灵巧与基础魔抗。,,Permanently swap this Unit's Base DEX and Base RES.
SwapDexResLevels_EffectName,EFFECT,Name for the effect which swaps DEX and RES,饮用逆转药剂,,Drink Inversion Elixir
SwapDexSpdLevels_EffectDesc,EFFECT,Description for the effect which swaps DEX and SPD,永久交换此单位的基础灵巧与基础速度。,,Permanently swap this Unit's Base DEX and Base SPD.
SwapDexSpdLevels_EffectName,EFFECT,Name for the effect which swaps DEX and SPD,饮用逆转药剂,,Drink Inversion Elixir
SwapMagDefLevels_EffectDesc,EFFECT,Description for the effect which swaps MAG and DEF,永久交换此单位的基础魔力与基础防御。,,Permanently swap this Unit's Base MAG and Base DEF.
SwapMagDefLevels_EffectName,EFFECT,Name for the effect which swaps MAG and DEF,饮用逆转药剂,,Drink Inversion Elixir
SwapMagDexLevels_EffectDesc,EFFECT,Description for the effect which swaps MAG and DEX,永久交换此单位的基础魔力与基础灵巧。,,Permanently swap this Unit's Base MAG and Base DEX.
SwapMagDexLevels_EffectName,EFFECT,Name for the effect which swaps MAG and DEX,饮用逆转药剂,,Drink Inversion Elixir
SwapMagResLevels_EffectDesc,EFFECT,Description for the effect which swaps MAG and RES,永久交换此单位的基础魔力与基础魔抗。,,Permanently swap this Unit's Base MAG and Base RES.
SwapMagResLevels_EffectName,EFFECT,Name for the effect which swaps MAG and RES,饮用逆转药剂,,Drink Inversion Elixir
SwapMagSpdLevels_EffectDesc,EFFECT,Description for the effect which swaps MAG and SPD,永久交换此单位的基础魔力与基础速度。,,Permanently swap this Unit's Base MAG and Base SPD.
SwapMagSpdLevels_EffectName,EFFECT,Name for the effect which swaps MAG and SPD,饮用逆转药剂,,Drink Inversion Elixir
SwapSpdDefLevels_EffectDesc,EFFECT,Description for the effect which swaps SPD and DEF,永久交换此单位的基础速度与基础防御。,,Permanently swap this Unit's Base SPD and Base DEF.
SwapSpdDefLevels_EffectName,EFFECT,Name for the effect which swaps SPD and DEF,饮用逆转药剂,,Drink Inversion Elixir
SwapSpdResLevels_EffectDesc,EFFECT,Description for the effect which swaps SPD and RES,永久交换此单位的基础速度与基础魔抗。,,Permanently swap this Unit's Base SPD and Base RES.
SwapSpdResLevels_EffectName,EFFECT,Name for the effect which swaps SPD and RES,饮用逆转药剂,,Drink Inversion Elixir
SwapStrDefLevels_EffectDesc,EFFECT,Description for the effect which swaps STR and DEF,永久交换此单位的基础力量与基础防御。,,Permanently swap this Unit's Base STR and Base DEF.
SwapStrDefLevels_EffectName,EFFECT,Name for the effect which swaps STR and DEF,饮用逆转药剂,,Drink Inversion Elixir
SwapStrDexLevels_EffectDesc,EFFECT,Description for the effect which swaps STR and DEX,永久交换此单位的基础力量与基础灵巧。,,Permanently swap this Unit's Base STR and Base DEX.
SwapStrDexLevels_EffectName,EFFECT,Name for the effect which swaps STR and DEX,饮用逆转药剂,,Drink Inversion Elixir
SwapStrMagLevels_EffectDesc,EFFECT,Description for the effect which swaps STR and MAG,永久交换此单位的基础力量与基础魔力。,,Permanently swap this Unit's Base STR and Base MAG.
SwapStrMagLevels_EffectName,EFFECT,Name for the effect which swaps STR and MAG,饮用逆转药剂,,Drink Inversion Elixir
SwapStrResLevels_EffectDesc,EFFECT,Description for the effect which swaps STR and RES,永久交换此单位的基础力量与基础魔抗。,,Permanently swap this Unit's Base STR and Base RES.
SwapStrResLevels_EffectName,EFFECT,Name for the effect which swaps STR and RES,饮用逆转药剂,,Drink Inversion Elixir
SwapStrSpdLevels_EffectDesc,EFFECT,Description for the effect which swaps STR and SPD,永久交换此单位的基础力量与基础速度。,,Permanently swap this Unit's Base STR and Base SPD.
SwapStrSpdLevels_EffectName,EFFECT,Name for the effect which swaps STR and SPD,饮用逆转药剂,,Drink Inversion Elixir
Swimming_EffectDesc,EFFECT,Description for the generic skill which grants the swimming movement mode,未骑乘时，此单位移动时可游泳。,,"While unmounted, this Unit can Swim when moving."
Swimming_EffectName,EFFECT,Name for the generic skill which grants the swimming movement mode,自由泳,,Freestyle
Taunt_StatusEffectDesc,EFFECT,Description for the taunt status,只要能够，敌人必须以此单位为目标。,,Foes must target this Unit whenever they are able to.
Taunt_StatusEffectName,EFFECT,Name for the taunt status,嘲讽,,Taunt
TauntPopUp,EFFECT,Pop up text for the mage AoE on crit effect,被嘲讽！,,Taunted!
TeleportAndAct_Blue_EffectDesc,EFFECT,Description for the action of using a blue teleporter tile to teleport,将此单位传送至另 1 个蓝色传送点。,,Teleport this Unit to another Blue Teleporter.
TeleportAndAct_Blue_EffectName,EFFECT,Name for the action of using a blue teleporter tile to teleport,传送,,Teleport
TeleportAndAct_EffectDesc,EFFECT,Description for the action of using a generic teleporter tile to teleport,将此单位传送至另 1 个传送点。,,Teleport this Unit to another Teleporter.
TeleportAndAct_EffectName,EFFECT,Name for the action of using a generic teleporter tile to teleport,传送,,Teleport
TeleportAndAct_Green_EffectDesc,EFFECT,Description for the action of using a green teleporter tile to teleport,将此单位传送至另 1 个绿色传送点。,,Teleport this Unit to another Green Teleporter.
TeleportAndAct_Green_EffectName,EFFECT,Name for the action of using a green teleporter tile to teleport,传送,,Teleport
TeleportAndAct_Red_EffectDesc,EFFECT,Description for the action of using a teleporter tile to teleport,将此单位传送至另 1 个红色传送点。,,Teleport this Unit to another Red Teleporter.
TeleportAndAct_Red_EffectName,EFFECT,Name for the action of using a teleporter tile to teleport,传送,,Teleport
TemporaryFlightBuffDesc,EFFECT,Description for the flight buff which wears off at end of turn,移动时以飞行代替行走。此单位回合结束时，移除所有 <ThisEffect>。,,"Fly instead of Walk when Moving. When this Unit's turn ends, relinquish all <ThisEffect>."
TemporaryFlightBuffName,EFFECT,Name for the flight buff which wears off at end of turn,轻步,,Light Step
Terraform_Forest_TileEffectDesc,EFFECT,Description for the terraform into forest tile effect,此格为<CellType>。（森林提供 +10 闪避与 +1 防御，但移动消耗为 2。）,,This Tile is a <CellType>. (Forests provide +10 AVO and +1 DEF but have 2 Move Cost.)
Terraform_Forest_TileEffectName,EFFECT,Name for the terraform into forest tile effect,林地,,Forested
Terraform_Wall_TileEffectDesc,EFFECT,Description for the terraform into wall tile effect,此格为<CellType>。（墙壁属于受阻地形。）,,This Tile is a <CellType>. (Walls are Obstructed.)
Terraform_Wall_TileEffectName,EFFECT,Name for the terraform into wall tile effect,有墙,,Walled
TwelfthRitualAbilityDesc,EFFECT,Description for the Twelfth Ritual weapon ability,给予 1 名友军额外 1 个回合。,,Grant an Ally another Turn.
TwelfthRitualAbilityName,EFFECT,Name for the Twelfth Ritual weapon ability,自我转移,,Ego Shift
Unlearnable_LearnWeaponType_ItemEffectDesc,EFFECT,Description for the item effect of learning the Projectile weapon style,永久获得持用 1 种此单位通常无法学习的随机武器类型的能力。,,Permanently gain the ability to wield a random Weapon Style that this Unit cannot normally learn.
Unlearnable_LearnWeaponType_ItemEffectName,EFFECT,Name for the item effect of learning the Projectile weapon style,阅读武器手册,,Read Weapon Manual
UpAVOIfNoWeapon_EffectDesc,EFFECT,Description for the effect that increases a unit's avoid stat if they have no equipped weapon,若此单位未装备武器，则获得 <CondAvoid>% 闪避。,,Gain <CondAvoid>% AVO if this Unit has no Equipped Weapon.
UpAVOIfNoWeapon_EffectName,EFFECT,Name for the effect that increases a unit's avoid stat if they have no equipped weapon,轻装上阵,,Unburdened
UpCRITDownHITEffectDesc,EFFECT,Description for the effect of permanently increasing CRIT and decreasing HIT,永久获得 <Amount0> 点暴击，但命中降低 <Amount1>。,,Permanently gain <Amount0> CRIT but suffer <Amount1> HIT.
UpCRITDownHITEffectName,EFFECT,Name for the effect of permanently increasing CRIT and decreasing HIT,易爆,,Volatile
UpDEFDownPOWEffectDesc,EFFECT,Description for the effect of permanently increasing DEF and decreasing POW,永久获得 <Amount0> 点防御，但威力降低 <Amount1>。,,Permanently gain <Amount0> DEF but suffer <Amount1> POW.
UpDEFDownPOWEffectName,EFFECT,Name for the effect of permanently increasing DEF and decreasing POW,守势,,Defensive
UpDEFDownRESEffectDesc,EFFECT,Description for the effect of permanently increasing DEF and decreasing RES,永久获得 <Amount0> 点防御，但魔抗降低 <Amount1>。,,Permanently gain <Amount0> DEF but suffer <Amount1> RES.
UpDEFDownRESEffectName,EFFECT,Name for the effect of permanently increasing DEF and decreasing RES,助益,,Conduce
UpDEFEffectDesc,EFFECT,Description for the skill that permanently increases defense,永久获得 <Amount0> 点防御。,,Permanently gain <Amount0> DEF.
UpDEFEffectName,EFFECT,Name for the skill that permanently increases defense,淬炼防御,,Honed Defense
UpDefGrowth_EffectDesc,EFFECT,Description for the effect of permanently increasing DEF growth,永久获得 <Amount0>% 防御经验成长（最高 150%）。,,Permanently gain <Amount0>% DEF Exp Growth (to a max of 150%).
UpDefGrowth_EffectName,EFFECT,Name for the effect of permanently increasing DEF growth,强健体魄,,Hardened Constitution
UpDEXDownHPEffectDesc,EFFECT,Description for the effect of permanently increasing DEX and decreasing HP,永久获得 <Amount0> 点灵巧，但最大生命降低 <Amount1>。,,Permanently gain <Amount0> DEX but suffer <Amount1> Max HP.
UpDEXDownHPEffectName,EFFECT,Name for the effect of permanently increasing DEX and decreasing HP,灵巧,,Dexterous
UpDEXDownSPDEffectDesc,EFFECT,Description for the effect of permanently increasing DEX and decreasing SPD,永久获得 <Amount0> 点灵巧，但速度降低 <Amount1>。,,Permanently gain <Amount0> DEX but suffer <Amount1> SPD.
UpDEXDownSPDEffectName,EFFECT,Name for the effect of permanently increasing DEX and decreasing SPD,精炼,,Refined
UpDEXEffectDesc,EFFECT,Description for the skill that permanently increases dexterity,永久获得 <Amount0> 点灵巧。,,Permanently gain <Amount0> DEX.
UpDEXEffectName,EFFECT,Name for the skill that permanently increases dexterity,淬炼灵巧,,Honed Dexterity
UpDexGrowth_EffectDesc,EFFECT,Description for the effect of permanently increasing DEX growth,永久获得 <Amount0>% 灵巧经验成长（最高 150%）。,,Permanently gain <Amount0>% DEX Exp Growth (to a max of 150%).
UpDexGrowth_EffectName,EFFECT,Name for the effect of permanently increasing DEX growth,凝神专注,,Tighter Focus
UpHPDownAVOEffectDesc,EFFECT,Description for the effect of permanently increasing HP and decreasing AVO,永久获得 <Amount0> 点最大生命，但闪避降低 <Amount1>。,,Permanently gain <Amount0> Max HP but suffer <Amount1> AVO.
UpHPDownAVOEffectName,EFFECT,Name for the effect of permanently increasing HP and decreasing AVO,增肌,,Bulk Up
UpMAGDownHITEffectDesc,EFFECT,Description for the effect of permanently increasing MAG and decreasing HIT,永久获得 <Amount0> 点魔力，但命中降低 <Amount1>。,,Permanently gain <Amount0> MAG but suffer <Amount1> HIT.
UpMAGDownHITEffectName,EFFECT,Name for the effect of permanently increasing MAG and decreasing HIT,魔力充盈,,Magical
UpMAGDownHPEffectDesc,EFFECT,Description for the effect of permanently increasing MAG and decreasing HP,永久获得 <Amount0> 点魔力，但最大生命降低 <Amount1>。,,Permanently gain <Amount0> MAG but suffer <Amount1> Max HP.
UpMAGDownHPEffectName,EFFECT,Name for the effect of permanently increasing MAG and decreasing HP,执念,,Fixation
UpMAGEffectDesc,EFFECT,Description for the skill that permanently increases magic,永久获得 <Amount0> 点魔力。,,Permanently gain <Amount0> MAG.
UpMAGEffectName,EFFECT,Name for the skill that permanently increases magic,淬炼魔力,,Honed Magic
UpMagGrowth_EffectDesc,EFFECT,Description for the effect of permanently increasing MAG growth,永久获得 <Amount0>% 魔力经验成长（最高 150%）。,,Permanently gain <Amount0>% MAG Exp Growth (to a max of 150%).
UpMagGrowth_EffectName,EFFECT,Name for the effect of permanently increasing MAG growth,深研,,Deeper Learning
UpMOVEffectDesc,EFFECT,Description for the effect of permanently increasing MOV,永久获得 <Amount0> 点移动,,Permanently gain <Amount0> MOV
UpMOVEffectName,EFFECT,Name for the effect of permanently increasing MOV,疾行,,Hurried
UpRESDownDEFEffectDesc,EFFECT,Description for the effect of permanently increasing RES and decreasing DEF,永久获得 <Amount0> 点魔抗，但防御降低 <Amount1>。,,Permanently gain <Amount0> RES but suffer <Amount1> DEF.
UpRESDownDEFEffectName,EFFECT,Name for the effect of permanently increasing RES and decreasing DEF,变形,,Transfigure
UpRESDownPOWEffectDesc,EFFECT,Description for the effect of permanently increasing RES and decreasing POW,永久获得 <Amount0> 点魔抗，但威力降低 <Amount1>。,,Permanently gain <Amount0> RES but suffer <Amount1> POW.
UpRESDownPOWEffectName,EFFECT,Name for the effect of permanently increasing RES and decreasing POW,抗性,,Resistant
UpRESEffectDesc,EFFECT,Description for the skill that permanently increases resistance,永久获得 <Amount0> 点魔抗。,,Permanently gain <Amount0> RES.
UpRESEffectName,EFFECT,Name for the skill that permanently increases resistance,淬炼魔抗,,Honed Resistance
UpResGrowth_EffectDesc,EFFECT,Description for the effect of permanently increasing RES growth,永久获得 <Amount0>% 魔抗经验成长（最高 150%）。,,Permanently gain <Amount0>% RES Exp Growth (to a max of 150%).
UpResGrowth_EffectName,EFFECT,Name for the effect of permanently increasing RES growth,淬炼心智,,Tempered Mind
UpRNGDownAtsEffectDesc,EFFECT,Description for the effect of permanently increasing RNG and decreasing ATS,永久获得 <Amount0> 点射程，但攻速降低 <Amount1>。,,Permanently gain <Amount0> RNG but suffer <Amount1> ATS.
UpRNGDownAtsEffectName,EFFECT,Name for the effect of permanently increasing RNG and decreasing ATS,长弓引,,Long Draw
UpSPDDownDEXEffectDesc,EFFECT,Description for the effect of permanently increasing SPD and decreasing DEX,永久获得 <Amount0> 点速度，但灵巧降低 <Amount1>。,,Permanently gain <Amount0> SPD but suffer <Amount1> DEX.
UpSPDDownDEXEffectName,EFFECT,Name for the effect of permanently increasing SPD and decreasing DEX,冲动,,Impulsive
UpSPDDownHPEffectDesc,EFFECT,Description for the effect of permanently increasing SPD and decreasing HP,永久获得 <Amount0> 点速度，但最大生命降低 <Amount1>。,,Permanently gain <Amount0> SPD but suffer <Amount1> Max HP.
UpSPDDownHPEffectName,EFFECT,Name for the effect of permanently increasing SPD and decreasing HP,迅捷,,Swift
UpSPDEffectDesc,EFFECT,Description for the skill that permanently increases speed,永久获得 <Amount0> 点速度。,,Permanently gain <Amount0> SPD.
UpSPDEffectName,EFFECT,Name for the skill that permanently increases speed,淬炼速度,,Honed Speed
UpSpdGrowth_EffectDesc,EFFECT,Description for the effect of permanently increasing SPD growth,永久获得 <Amount0>% 速度经验成长（最高 150%）。,,Permanently gain <Amount0>% SPD Exp Growth (to a max of 150%).
UpSpdGrowth_EffectName,EFFECT,Name for the effect of permanently increasing SPD growth,疾步,,Quicker Feet
UpSTRDownHITEffectDesc,EFFECT,Description for the effect of permanently increasing STR and decreasing HIT,永久获得 <Amount0> 点力量，但命中降低 <Amount1>。,,Permanently gain <Amount0> STR but suffer <Amount1> HIT.
UpSTRDownHITEffectName,EFFECT,Name for the effect of permanently increasing STR and decreasing HIT,强壮,,Strong
UpSTRDownHPEffectDesc,EFFECT,Description for the effect of permanently increasing STR and decreasing HP,永久获得 <Amount0> 点力量，但最大生命降低 <Amount1>。,,Permanently gain <Amount0> STR but suffer <Amount1> Max HP.
UpSTRDownHPEffectName,EFFECT,Name for the effect of permanently increasing STR and decreasing HP,玻璃大炮,,Glass Cannon
UpSTREffectDesc,EFFECT,Description for the skill that permanently increases speed,永久获得 <Amount0> 点力量。,,Permanently gain <Amount0> STR.
UpSTREffectName,EFFECT,Name for the skill that permanently increases speed,淬炼力量,,Honed Strength
UpStrGrowth_EffectDesc,EFFECT,Description for the effect of permanently increasing STR growth,永久获得 <Amount0>% 力量经验成长（最高 150%）。,,Permanently gain <Amount0>% STR Exp Growth (to a max of 150%).
UpStrGrowth_EffectName,EFFECT,Name for the effect of permanently increasing STR growth,强健肌肉,,Strengthened Muscles
UseSkillBookEffectDesc,EFFECT,Description for the effect which teaches the unit a new skill from a skillbook,阅读此书以学习 1 个技能。,,Read the book to learn a Skill.
UseSkillBookEffectName,EFFECT,Name for the effect which teaches the unit a new skill from a skillbook,阅读书籍,,Read Book
Vega_AddIgnoreStatDebuffs_SkillEffectDesc,EFFECT,Description for the Vega skill,对 1 个单位施加 <Status>。,,Apply <Status> to a Unit.
Vega_AddIgnoreStatDebuffs_SkillEffectName,EFFECT,Name for the Vega skill,万灵药,,Panacea
Vega_ExtraFightExp_SkillEffectDesc,EFFECT,Description for the vega skill,从未击败敌人的攻击中额外获得 <Amount> 点经验。,,Gain an extra <Amount> Experience from Attacks which don't Defeat a Foe.
Vega_ExtraFightExp_SkillEffectName,EFFECT,Name for the vega skill,试验对象,,Test Subject
Vega_FreeStatSwaps_SkillEffectDesc,EFFECT,Description for the vega skill,属性交换药剂被此单位消耗时不消耗层数。,,Stat-Swapping Elixirs don't lose a stack when consumed by this Unit.
Vega_FreeStatSwaps_SkillEffectName,EFFECT,Name for the vega skill,配方改良,,Formulate
Vega_IgnoreStatDebuffs_StatusEffectDesc,EFFECT,Description for the vega status,无视属性技能与状态效果带来的属性惩罚。,,Ignore stat penalties from Attribute Skills and Status Effects.
Vega_IgnoreStatDebuffs_StatusEffectName,EFFECT,Name for the vega status,焕然一新,,Revitalized
Vega_PreventMovement_SkillEffectDesc,EFFECT,Description for the Vega skill,对作用范围内的所有敌人施加 <Status>。,,Apply <Status> to all Foes in the Area of Effect.
Vega_PreventMovement_SkillEffectName,EFFECT,Name for the Vega skill,割断韧带,,Slice Ligaments
VegaBuffDesc,EFFECT,Description for the dexterity and speed buff from Vega's relic,获得 <Dexterity> 点灵巧与 <Avoid> 点闪避。此单位受到伤害时，移除所有 <ThisEffect>。,,"Gain <Dexterity> DEX and <Avoid> AVO. When this Unit takes Damage, relinquish all <ThisEffect>."
VegaBuffName,EFFECT,Name for the dexterity and speed buff from Vega's relic,娴熟,,Skillful
VegaDebuffDesc,EFFECT,Description for the dexterity and speed debuff from Vega's passive,灵巧降低 <Dexterity> 点，速度降低 <Speed> 点。,,Suffer <Dexterity> DEX and <Speed> SPD.
VegaDebuffName,EFFECT,Name for the dexterity and speed debuff from Vega's passive,损伤,,Lesion
VegaDebuffOnHitDesc,EFFECT,Description for the Vega passive which applies a debuff to damaged enemies,对受伤单位施加 <Status>。,,Inflict <Status> on the Damaged Unit.
VegaDebuffOnHitName,EFFECT,Name for the Vega passive which applies a debuff to damaged enemies,切开,,Incision
VegaInTeam_AddReviveToSelf_SkillEffectDesc,EFFECT,Description for the vega in team skill,对此单位施加 <Status>。,,Apply <Status> to this Unit.
VegaInTeam_AddReviveToSelf_SkillEffectName,EFFECT,Name for the vega in team skill,急救包,,Emergency Kit
VegaInTeam_ReviveSelf_StatusEffectDesc,EFFECT,Description for the Vega in team skill which revives a unit,使此单位以 <Healing> 点生命复活（灵巧的 100%）。,,Revive this Unit to <Healing> HP (100% of DEX).
VegaInTeam_ReviveSelf_StatusEffectName,EFFECT,Name for the Vega in team skill which revives a unit,除颤,,Defibrillate
VegaReviveDesc,EFFECT,Description for the Vega skill which revives a unit,使 1 名倒下的友军以 <Healing> 点生命复活（10 + 灵巧），并给予其额外 1 个回合。,,Revive a downed Ally to <Healing> HP (10+DEX) and grant them another Turn.
VegaReviveName,EFFECT,Name for the Vega skill which revives a unit,复苏,,Resuscitate
VIP_FullBuffAura_EffectDesc,EFFECT,Description for the npc skill,对作用范围内的所有友军施加 <Status>。,,Apply <Status> to all Allies in the Area of Effect.
VIP_FullBuffAura_EffectName,EFFECT,Name for the npc skill,精神支援,,Moral Support
Warrior_AutoEquipWeapon_EffectDesc,EFFECT,Description for the warrior skill,若此单位无法用当前装备的武器攻击敌人，则自动装备 1 件可以攻击的武器（若拥有）。,,"If this Unit can't Attack their Foe with their currently equipped Weapon, they automatically equip a weapon which can (if they have any)."
Warrior_AutoEquipWeapon_EffectName,EFFECT,Name for the warrior skill,交叉反击,,Cross Counter
Warrior_ModifiedCombat_EffectDesc,EFFECT,Description for the warrior skill,以 <ExtraHits> 次额外攻击与敌人战斗。,,Fight a Foe with <ExtraHits> Bonus Attack.
Warrior_ModifiedCombat_EffectName,EFFECT,Name for the warrior skill,暴走,,Rampage
Warrior_RandomAreaAttack_EffectDesc,EFFECT,Description for the warrior skill,对此单位射程内至多 3 个不同的随机敌人造成 <Damage> 点伤害（威力 − 2）。,,Attack up to 3 different random Foes in this Unit's Range for <Damage> DMG (POW-2).
Warrior_RandomAreaAttack_EffectName,EFFECT,Name for the warrior skill,狂乱连枷,,Unruly Flail
Warrior_RedirectMissedAttack_EffectDesc,EFFECT,Description for the warrior skill,对目标旁边的 1 个随机敌人造成 <Damage> 点伤害（威力的 100%）。此额外攻击无法再次触发。,,Attack a random Foe beside the target for <Damage> DMG (100% of POW). The extra Attack can't Trigger this again.
Warrior_RedirectMissedAttack_EffectName,EFFECT,Name for the warrior skill,狂野挥击,,Wild Swing
Warrior_RedirectMissedAttack_PopUpText,EFFECT,Pop up text for effect that hits an enemy if attack misses,狂野挥击！,,Wild Swing!
WindBarrierAbilityDesc,EFFECT,Description for the Wind barrier weapon ability,对任意 1 个单位施加 <Status>。,,Apply <Status> to Any Unit.
WindBarrierAbilityName,EFFECT,Name for the Wind barrier weapon ability,附魔靴,,Enchant Boots
BadQualityPath,EVENT,Generic label for a poor quality road at a crossroads e.g. The cobbled road on the right.,泥泞小径,,muddy trail
Event1Choice1Text,EVENT,The choice a player makes during an event,购买一些辅助药水。,,Buy some support potions.
Event1Choice2Text,EVENT,The choice a player makes during an event,购买一些攻击药水。,,Buy some offensive potions.
Event1Choice3Text,EVENT,The choice a player makes during an event,购买药水后方的那本《药水秘典》。,,Buy the 'Potion Secrets' book behind the potions.
Event1Choice4Text,EVENT,The choice a player makes during an event,让商队抢劫他。,,Have the Caravan rob him.
Event2Choice1Text,EVENT,The choice a player makes during an event,帮他一把，换取一点建议。,,Help him out for a little advice.
Event2Choice2Text,EVENT,The choice a player makes during an event,道歉，然后什么也不做。,,Apologize and do nothing.
Event2Choice3Text,EVENT,The choice a player makes during an event,强行逼问更多信息，但会受伤。,,"Force more info out of him, but suffer injury."
Event3Choice1Text,EVENT,The choice a player makes during an event,用钥匙打开宝箱。,,Unlock the chest with a key.
Event3Choice2Text,EVENT,The choice a player makes during an event,冒着受伤的风险撬开宝箱。,,Risk injury and pry the chest open.
Event3Choice3Text,EVENT,The choice a player makes during an event,路过不理。,,Pass it by.
Event4Choice1Text,EVENT,The choice a player makes during an event,接受金币贿赂。,,Take a bribe of Gold.
Event4Choice2Text,EVENT,The choice a player makes during an event,接受情报贿赂。,,Take a bribe of information.
Event4Choice3Text,EVENT,The choice a player makes during an event,将她擒获，并取走她偷来的武器。,,Apprehend her and take the weapons she stole.
Event5Choice1Text,EVENT,The choice a player makes during an event,捐赠治疗药水。,,Donate Health Potions.
Event5Choice2Text,EVENT,The choice a player makes during an event,捐赠金币。,,Donate Gold.
Event5Choice3Text,EVENT,The choice a player makes during an event,抢劫她身上的一切。,,Mug her for whatever she has on her.
Event5Choice4Text,EVENT,The choice a player makes during an event,什么也不做，直接离开。,,Do nothing and leave.
Event6Choice1Text,EVENT,The choice a player makes during an event,从他们身旁走过。,,Walk by them.
Event6Choice2Text,EVENT,The choice a player makes during an event,与他们握手。,,Shake their hand.
Event6Choice3Text,EVENT,The choice a player makes during an event,拍拍他们的肩膀。,,Pat them on the shoulder.
Event6Choice4Text,EVENT,The choice a player makes during an event,转身走开。,,Turn the other way.
EventAll,EVENT,Specified amount of affected units in events,所有单位,,all Units
EventAllHeroes,EVENT,Specified amount of affected units in events,所有英雄单位,,all Hero Units
EventAllMilitia,EVENT,Specified amount of affected units in events,所有民兵单位,,all Militia Units
EventChooseHero,EVENT,Specified amount of affected units in events,选定的英雄单位,,chosen Hero Unit
EventChooseMilitia,EVENT,Specified amount of affected units in events,选定的民兵单位,,chosen Militia Unit
EventLeader,EVENT,Specified amount of affected units in events,队长,,Leader
EventPathGrammar,EVENT,Sentence pertaining to paths at a crossroads. e.g. Take the well-trodden path to the right.,走上<Direction>的<Quality>,,Take the <Quality> <Direction>
EventRandomHero,EVENT,Specified amount of affected units in events,随机英雄单位,,random Hero Unit
EventRandomMilitia,EVENT,Specified amount of affected units in events,随机民兵单位,,random Militia Unit
EventRandomUnit,EVENT,Specified amount of affected units in events,随机单位,,random Unit
GoldEventResult,EVENT,Event result for getting or losing gold e.g. +50 Gold or -100 Gold,<Amount> 金币,,<Amount> Gold
GoodQualityPath,EVENT,Generic label for a nice looking road at a crossroads e.g. The cobbled road on the right.,石板路,,cobbled road
HealthEventResult,EVENT,Event result for units gaining or losing health e.g. +50% HP for All Militia Units or -5 HP to Leader,<SpecifiedUnit> <Amount> 点生命,,<Amount> HP to <SpecifiedUnit>
ItemEvent,EVENT,Random event that awards the player an item,你瞥见路边有什么东西在闪光。要停下来拾取 <Item> 吗？,,You spot something glimmer on the side of the road. Stop to pick up <Item>?
ItemEventAccept,EVENT,Button text for accepting an item in an event,拾取,,Take it
ItemEventReject,EVENT,Button text for denying an item in an event,不拾取,,Leave it
ItemEventResult,EVENT,Event result for getting or losing an item e.g. +3 Item or -1 Item,<Amount> 个<Item>,,<Amount> <Item>
LeftPath,EVENT,Direction of a path at a crossroads,左侧,,to the left
LootEventResult,EVENT,Event result for getting a random item,+未知物品,,+Unknown Item
LootEventResults,EVENT,List of loot you recieved from a loot event,你获得了 <Loot>。,,You received <Loot>.
MAGTreeStatCheck,EVENT,Event choice,（魔力检定：<Level>）让箱子浮下来？,,(MAG Check: <Level>) Float the box down?
MiddlePath,EVENT,Direction of a path at a crossroads,中间,,in the middle
MindChanged,EVENT,If the player made a choice that changed a character's mind,<Unit>的信念动摇了…,,<Unit>'s conviction wavers...
MindStrengthened,EVENT,If the player made a choice that conforms to a character's beliefs,<Unit>的意志更加坚定,,<Unit>'s resolve deepens
NeutralQualityPath,EVENT,Generic label for a medium quality road at a crossroads e.g. The cobbled road on the right.,踩踏成径的小路,,well-trodden path
NoChoice,EVENT,Event choice,离开。,,Leave.
NoneEventResult,EVENT,Event result for nothing,什么也没有发生,,Nothing happens
RelicEvent,EVENT,Random event that awards the player a relic/memory,途中，你被所见的某物所启发。要与队伍分享<Relic>吗？,,"Along the way, you were inspired by something you saw. Share <Relic> with your team?"
RelicEventAccept,EVENT,Button text for accepting a relic in an event,获得记忆,,Gain Memory
RelicEventReject,EVENT,Button text for denying a relic in an event,算了,,Forget it
RelicEventResult,EVENT,Event result for getting or losing a relic e.g. +Relic or -Relic,<Amount><Memory>,,<Amount><Memory>
RightPath,EVENT,Direction of a path at a crossroads,右侧,,to the right
StatusEventBad,EVENT,When the player randomly encounters a bad status effect,不幸的是，<Target>被施加了<Status>。,,"Unfortunately, <Target> was afflicted with <Status>."
StatusEventGood,EVENT,When the player randomly encounters a good status effect,途中，<Target>蒙受祝福，获得了<Status>。,,"Along the way, <Target> was blessed with <Status>."
StatusEventResult,EVENT,Event result for units gaining or losing a status e.g. +Status to All Militia Units,<SpecifiedUnit> <Amount><Status>,,<Amount><Status> to <SpecifiedUnit>
StatusEventWholeTeam,EVENT,"For status events, when the <Target> is the whole team instead of a specific unit. E.g. The team was afflicted with fatigue",全队,,the team
Aniara_CollectBlood_HeldItemName,ITEM,Name for aniara unique item,灵血碎片,,Shard of Ichor
BasicFoodName,ITEM,Name for Name for food that restores health to the user,面包,,Bread
BleedPotionName,ITEM,Name for a potion that applies a bleed debuff to a single target,流血药水,,Bleed Potion
BonusXp_ConsumableName,ITEM,Name for an item which temporarily increases xp gain,难寻的美味,,Elusive Treat
Cetus_Teleporter_ActiveItemName,ITEM,Name for Teleportal,传送门,,Teleportal
ClassSkillBookName,ITEM,Name for a consumable item which teaches a new class skill,职业技能书,,Class Skill Book
DamagePotionName,ITEM,Name for a potion that damages a single target,火焰药水,,Fire Potion
DEFIncreaseConsumableName,ITEM,Name for an item which raises DEF exp,防御药剂,,Defense Elixir
DEXIncreaseConsumableName,ITEM,Name for an item which raises DEX exp,灵巧药剂,,Dexterity Elixir
DexterityPotionName,ITEM,Name for a potion that buffs DEX for units in an area,蛮力,,Elbow Grease
ExplosivePotionName,ITEM,Name for a potion that damages units in an area,爆裂药水,,Explosive Potion
GainSkillSlot_ConsumableName,ITEM,Name for a consumable which grants the user a skill slot,空白卷轴,,Empty Scroll
HealAreaPotionName,ITEM,Name for a potion that restores health to units in an area,生命药水,,Life Potion
HealthPotionName,ITEM,Name for a potion that restores health to the user,治疗药水,,Health Potion
KeyDesc,ITEM,Description for an item that unlocks doors and chests,可打开上锁的门与宝箱。,,Opens locked doors and chests.
KeyName,ITEM,Name for an item that unlocks doors and chests,钥匙,,Key
LargeCashItemName,ITEM,Name for Name for a item that is a bag with money in it,钻石,,Diamond
LootTableFailedDesc,ITEM,Description for a debug item that will be given whenever a loot table errors,选择战利品时出现错误。请向开发者反馈此问题。,,Something went wrong when trying to select loot. Please report this to the developers.
LootTableFailedName,ITEM,Name for a debug item that will be given whenever a loot table errors,战利品表错误,,LootTableFailed
MagicManual_ConsumableName,ITEM,Name for an item which teaches a random magic weapon style,秘术手册,,Mystic Manual
MagicPotionName,ITEM,Name for a potion that buffs MAG for units in an area,施法者药水,,Caster's Potion
MAGIncreaseConsumableName,ITEM,Name for an item which raises MAG exp,魔力药剂,,Magic Elixir
MediumCashItemName,ITEM,Name for Name for a item that is a bag with money in it,钱袋,,Money Bag
PhysicalManual_ConsumableName,ITEM,Name for an item which teaches a random physical weapon style,武器手册,,Weaponry Manual
RESIncreaseConsumableName,ITEM,Name for an item which raises RES exp,魔抗药剂,,Resistance Elixir
RestFoodName,ITEM,"Name for food that restores health to the user, cooked at a campfire",肉,,Meat
SkillBookName,ITEM,Name for a consumable item which teaches a new skill,技能书,,Skill Book
SmallCashItemName,ITEM,Name for Name for a item that is a bag with money in it,钱囊,,Coin Purse
SmokeBombPotionName,ITEM,Name for a potion that buffs AVO,烟雾弹,,Smoke Bomb
SolHolySymbolName,ITEM,Name for Sol's unique holy symbol item,光徽章,,Insignium Radiata
SolUnrestrictedHolySymbolName,ITEM,Name for an unrestricted version of Sol's unique holy symbol item,光辉目录,,Index Radiata
SPDIncreaseConsumableName,ITEM,Name for an item which raises SPD exp,速度药剂,,Speed Elixir
StrengthPotionName,ITEM,Name for a potion that buffs STR for units in an area,士兵药水,,Soldier's Potion
STRIncreaseConsumableName,ITEM,Name for an item which raises STR exp,力量药剂,,Strength Elixir
Subclass_Adept_ConsumableName,ITEM,Name for an item which changes the class of the user,副职业：能手,,Subclass: Adept
Subclass_Aniara_ConsumableName,ITEM,Name for an item which changes the class of the user,副职业：血织者,,Subclass: Bloodweaver
Subclass_Azha_ConsumableName,ITEM,Name for an item which changes the class of the user,副职业：晶泣骑士,,Subclass: Crysknight
Subclass_Cetus_ConsumableName,ITEM,Name for an item which changes the class of the user,副职业：“收藏家”,,Subclass: ''Collector''
Subclass_Draco_ConsumableName,ITEM,Name for an item which changes the class of the user,副职业：赌徒,,Subclass: Gambler
Subclass_Druid_ConsumableName,ITEM,Name for an item which changes the class of the user,副职业：德鲁伊,,Subclass: Druid
Subclass_Knight_ConsumableName,ITEM,Name for an item which changes the class of the user,副职业：骑士,,Subclass: Knight
Subclass_Lyra_ConsumableName,ITEM,Name for an item which changes the class of the user,副职业：战法师,,Subclass: Battlemage
Subclass_Mage_ConsumableName,ITEM,Name for an item which changes the class of the user,副职业：法师,,Subclass: Mage
Subclass_Maia_ConsumableName,ITEM,Name for an item which changes the class of the user,副职业：傀儡师,,Subclass: Puppeteer
Subclass_Monk_ConsumableName,ITEM,Name for an item which changes the class of the user,副职业：武僧,,Subclass: Monk
Subclass_Scholar_ConsumableName,ITEM,Name for an item which changes the class of the user,副职业：学者,,Subclass: Scholar
Subclass_Scout_ConsumableName,ITEM,Name for an item which changes the class of the user,副职业：斥候,,Subclass: Scout
Subclass_Sol_ConsumableName,ITEM,Name for an item which changes the class of the user,副职业：十字军,,Subclass: Crusader
Subclass_Vega_ConsumableName,ITEM,Name for an item which changes the class of the user,副职业：医师,,Subclass: Doctor
Subclass_Warrior_ConsumableName,ITEM,Name for an item which changes the class of the user,副职业：战士,,Subclass: Warrior
SwapDefRes_ConsumableName,ITEM,Name for an item which swaps a unit's DEF and RES stats,逆转药剂,,Inversion Elixir
SwapDexDef_ConsumableName,ITEM,Name for an item which swaps a unit's DEX and DEF stats,逆转药剂,,Inversion Elixir
SwapDexRes_ConsumableName,ITEM,Name for an item which swaps a unit's DEX and RES stats,逆转药剂,,Inversion Elixir
SwapDexSpd_ConsumableName,ITEM,Name for an item which swaps a unit's DEX and SPD stats,逆转药剂,,Inversion Elixir
SwapMagDef_ConsumableName,ITEM,Name for an item which swaps a unit's MAG and DEF stats,逆转药剂,,Inversion Elixir
SwapMagDex_ConsumableName,ITEM,Name for an item which swaps a unit's MAG and DEX stats,逆转药剂,,Inversion Elixir
SwapMagRes_ConsumableName,ITEM,Name for an item which swaps a unit's MAG and RES stats,逆转药剂,,Inversion Elixir
SwapMagSpd_ConsumableName,ITEM,Name for an item which swaps a unit's MAG and SPD stats,逆转药剂,,Inversion Elixir
SwapSpdDef_ConsumableName,ITEM,Name for an item which swaps a unit's SPD and DEF stats,逆转药剂,,Inversion Elixir
SwapSpdRes_ConsumableName,ITEM,Name for an item which swaps a unit's SPD and RES stats,逆转药剂,,Inversion Elixir
SwapStrDef_ConsumableName,ITEM,Name for an item which swaps a unit's STR and DEF stats,逆转药剂,,Inversion Elixir
SwapStrDex_ConsumableName,ITEM,Name for an item which swaps a unit's STR and DEX stats,逆转药剂,,Inversion Elixir
SwapStrMag_ConsumableName,ITEM,Name for an item which swaps a unit's STR and MAG stats,逆转药剂,,Inversion Elixir
SwapStrRes_ConsumableName,ITEM,Name for an item which swaps a unit's STR and RES stats,逆转药剂,,Inversion Elixir
SwapStrSpd_ConsumableName,ITEM,Name for an item which swaps a unit's STR and SPD stats,逆转药剂,,Inversion Elixir
TeleportPotionName,ITEM,Name for a potion that restores health to the user,传送药水,,Teleport Potion
TinyCashItemName,ITEM,Name for Name for a item that is a tiny amount of money,金币,,Gold Piece
UnlearnableManual_ConsumableName,ITEM,Name for an item which teaches the any random weapon style,秘传手册,,Esoteric Manual
WeaponSkillBookName,ITEM,Name for a consumable item which teaches a new weapon skill,武器技能书,,Weapon Skill Book
Actionable,KEYWORD,Statement claiming a unit has not taken a turn and is able to do things,可行动：此单位尚未行动。,,Available: This Unit has yet to take their turn.
ActionableHighlight,KEYWORD,Label for a keyword to be highlighted in text - it is the SAME as its corresponding keyword,可行动,,Available
ADV,KEYWORD,Abbreviated label for advantage,优势,,ADV
Advantage,KEYWORD,Explanation for weapons that counter others,优势使威力 +1、命中 +10。,,Advantage increases POW by 1 and HIT by 10.
AdvantageHighlight,KEYWORD,Label for a keyword to be highlighted in text - it is the SAME as its corresponding keyword,优势,,Advantage
AllyPhase,KEYWORD,Telling the player it's their turn to go.,轮到你了！别偷懒，快去给队伍下达指令。,,It's your turn! Quick slacking and go give your team orders.
ATS,KEYWORD,Description for a unit's attack speed by combining their total SPD stat and current weapon,攻速：若单位的攻速比对手高 4 点，则获得 1 次额外攻击。,,Attack Speed: The Unit will gain a Bonus Attack if their Attack Speed is 4 higher than their opponent's.
ATSHighlight,KEYWORD,Label for a keyword to be highlighted in text - it is the SAME as its corresponding keyword,攻速,,Attack Speed
AVO,KEYWORD,Description for a unit's current ability to avoid attack,闪避：使攻击有几率未命中该单位。,,Avoid: Grants ability to have Attacks miss the Unit.
AVOHighlight,KEYWORD,Label for a keyword to be highlighted in text - it is the SAME as its corresponding keyword,闪避,,Avoid
AvoidBonus,KEYWORD,Description that explains AVO/Avoid determines the likelihood of a unit dodging another's attacks,闪避：提高躲开攻击的几率。,,Avoid: Increased chance to dodge attacks.
BadFog,KEYWORD,The punishment for reaching the round limit. ,星尘：笼罩区域的宇宙之雾。每轮造成最大生命 10% 的伤害，并阻止一切经验获取。该收尾了！,,Stardust: Cosmic fog that blankets the area. Deals 10% of Max HP as Damage every Round and prevents all Experience gain. Time to wrap things up!
BadFogHighlight,KEYWORD,Label for a keyword to be highlighted in text - it is the SAME as its corresponding keyword,星尘,,Stardust
BarrierMagic,KEYWORD,Description for Barrier Magic Type,护壁魔法：以环绕之幕显化的元素之力。\n\n对使魔魔法有优势，对法器魔法有劣势。,,Barrier Magic: The force of the elements manifested through an encompassing veil.\n\nHas Advantage over Familiar Magic but Disadvantage against Focus Magic.
BossHighlight,KEYWORD,Label for a keyword to be highlighted in text - it is the SAME as its corresponding keyword,队长,,Leader
Burrow,KEYWORD,Description for the burrowing movement mode,掘地：一种移动模式，可降低岩石与山地格子的移动消耗。,,Burrowing: A movement mode which reduces movement costs for rocky and mountainous Tiles.
BurrowHighlight,KEYWORD,Label for a keyword to be highlighted in text - it is the SAME as its corresponding keyword,掘地,,Burrow
Chapter,KEYWORD,Description for the player's current place in the game,章节：商队经历过的遭遇战数量。,,Chapter: Number of Encounters the caravan has seen.
ChapterHighlight,KEYWORD,Label for a keyword to be highlighted in text - it is the SAME as its corresponding keyword,章节,,Chapter
ConvoyButton,KEYWORD,Button label,进入商队,,Access the Caravan
CRIT,KEYWORD,Description for a unit's ability to land a critical hit,暴击率：使用当前武器造成暴击的能力。暴击将造成 +50% 伤害。,,Crit Rate: Ability to land a Critical Hit with current weapon. A Critical Hit will deal +50% DMG.
CritChance,KEYWORD,Description for a unit's ability to land a critical hit,暴击,,CRIT
CRITHighlight,KEYWORD,Label for a keyword to be highlighted in text - it is the SAME as its corresponding keyword,暴击率,,Crit Rate
DangerZoneButton,KEYWORD,Button label,切换危险区域,,Toggle Danger Zone
DEF,KEYWORD,Description that explains DEF determines how much of an attacker's physical attack damage is negated,防御：减少物理攻击造成的伤害。,,Defense: Reduces damage from Physical Attacks.
DEFHighlight,KEYWORD,Label for a keyword to be highlighted in text - it is the SAME as its corresponding keyword,防御,,Defense
DEX,KEYWORD,Description that explains DEX determines the likelihood the unit will hit an attack or dodge an enemy's,灵巧：影响单位命中攻击的几率，也是激活武器技能所需。,,Dexterity: Affects the likelihood a Unit will land an attack and is required to activate weapon Skills.
DEXHighlight,KEYWORD,Label for a keyword to be highlighted in text - it is the SAME as its corresponding keyword,灵巧,,Dexterity
Disadvantage,KEYWORD,Explanation for weapons that get countered by others,劣势使威力 -1、命中 -10。,,Disadvantage decreases POW by 1 and HIT by 10.
DisadvantageHighlight,KEYWORD,Label for a keyword to be highlighted in text - it is the SAME as its corresponding keyword,劣势,,Disadvantage
DMG,KEYWORD,Description for the total amount of damage an attack will do,伤害：该单位将承受的伤害总量。,,Damage: Total amount of Damage the Unit will take.
DMGHighlight,KEYWORD,Label for a keyword to be highlighted in text - it is the SAME as its corresponding keyword,伤害,,Damage
Downed,KEYWORD,"Description for the ""downed"" unit state",倒下：玩家单位生命降至 0 时即倒下。若在遭遇战结束前未被复活，该单位将永久失去。,,"Downed: A Player Unit is Downed when their HP reaches 0. If the Encounter ends before they are Revived, they are permanently lost. "
DownedHighlight,KEYWORD,Label for a keyword to be highlighted in text - it is the SAME as its corresponding keyword,倒下,,Downed
Effective,KEYWORD,Explanation that an effective weapon ,克星类武器对特定职业具有克制效果。,,Bane weapons are Effective against specific Classes. 
EffectiveHighlight,KEYWORD,Label for a keyword to be highlighted in text - it is the SAME as its corresponding keyword,克星,,Bane
EnemyPhase,KEYWORD,Telling the player they must wait for the enemy to finish their turn.,当前为敌方队伍阶段，请等待其结束。,,"It is currently the Enemy Team's phase, wait for it to finish."
ExtraExpGain,KEYWORD,Name for extra experience gain,经验,,Exp
FamiliarMagic,KEYWORD,Description for Familiar Magic Type,使魔魔法：以友善宠物为媒介号令的天界意志。\n\n对法器魔法有优势，对护壁魔法有劣势。,,Familiar Magic: Celestial will commanded out of a friendly pet.\n\nHas Advantage over Focus Magic but Disadvantage against Barrier Magic.
Fight,KEYWORD,Description that explains fighting against another unit who may counterattack,战斗：两个单位相互轮番攻击。,,Fight: Two Units attack each other back and forth.
FightButton,KEYWORD,Button label,开始遭遇战,,Start Encounter
FightHighlight,KEYWORD,Label for a keyword to be highlighted in text - it is the SAME as its corresponding keyword,战斗,,Fight
Fly,KEYWORD,Description for the flying movement mode,飞行：一种移动模式，对大多数格子无视移动消耗与地形效果。,,Flying: A movement mode which ignores movement costs and terrain effects for most Tiles.
FlyHighlight,KEYWORD,Label for a keyword to be highlighted in text - it is the SAME as its corresponding keyword,飞行,,Fly
FocusMagic,KEYWORD,Description for Focus Magic Type,法器魔法：通过调谐物品之镜引导出的魔法之力。\n\n对护壁魔法有优势，对使魔魔法有劣势。,,Focus Magic: Magic power exacted through the lens of an attuned item.\n\nHas Advantage over Barrier Magic but Disadvantage against Familiar Magic.
FullWall,KEYWORD,Full Wall description,不可通行：地面单位与飞行单位均无法穿过此墙。,,Impassable: Neither Grounded nor Flying Units can pass through this wall.
FullWallHighlight,KEYWORD,Label for a keyword to be highlighted in text - it is the SAME as its corresponding keyword,不可通行,,Impassable
HalfWall,KEYWORD,Half Wall description,受阻：地面单位无法走过此墙，但飞行单位可以飞越。,,"Obstructed: Grounded Units can't walk through this wall, but Flying Units can fly over it."
HalfWallHighlight,KEYWORD,Label for a keyword to be highlighted in text - it is the SAME as its corresponding keyword,受阻,,Obstructed
HasAdvantage,KEYWORD,Middle of the sentence explaining weapon advantage. E.g. Light Weapon has Advantage over Heavy Weapon,克制,,has Advantage over
HeavyWeapon,KEYWORD,Description for Heavy Weapon Type,重武：需双手持用的大型武器。\n\n对盾类武器有优势，对轻武有劣势。,,Heavy Weapons: Large weapons requiring both hands to wield.\n\nHas Advantage over Shield Weapons but Disadvantage against Light Weapons.
HIT,KEYWORD,Description for a unit's accuracy rate,命中率：单位使用当前武器的命中精度。,,Hit Rate: Unit's accuracy with current weapon.
HITHighlight,KEYWORD,Label for a keyword to be highlighted in text - it is the SAME as its corresponding keyword,命中率,,Hit Rate
HP,KEYWORD,Description that explains HP is the maximum health of a unit,生命值：单位的最大生命点数。,,Health Points: Maximum number of Unit's life points.
HPHighlight,KEYWORD,Label for a keyword to be highlighted in text - it is the SAME as its corresponding keyword,生命值,,Health Points
Inverted,KEYWORD,Description for the flying movement mode,反向移动：一种移动模式，可正常通过困难地形，但在普通地形上移动较慢。,,"Inverted Movement: A movement mode which allows normal movement through difficult Terrain, but slower movement through normal Terrain."
InvertedHighlight,KEYWORD,Label for a keyword to be highlighted in text - it is the SAME as its corresponding keyword,反向,,Inverted
Leader,KEYWORD,Description for the leader unit type,<CharName>是<TeamName>队伍的队长。每场遭遇战都必须部署，其死亡时游戏结束。,,<CharName> is the Leader of the Team <TeamName>. They must be deployed on every encounter and the game will end when they die.
Level,KEYWORD,Description for a unit's current level and what levelling up does,单位等级：单位在若干次属性提升后提升 1 级，此时其最大生命提高并获得 1 个技能。,,"Unit Level: The Unit gains a level after a number of stat level-ups, in which their maximum HP increases and they gain a skill."
LightWeapon,KEYWORD,Description for Light Weapon Type,轻武：以易用与迅捷见长的小型副手武器。\n\n对重武有优势，对盾类武器有劣势。,,Light Weapons: Small sidearms valued for their ease of use and speed.\n\nHas Advantage over Heavy Weapons but Disadvantage against Shield Weapons.
Lootable,KEYWORD,Explanation for lootable items,*战利品：单位死亡时掉落此物品。,,*Loot: Unit drops this item on Death.
LootableHighlight,KEYWORD,Label for a keyword to be highlighted in text - it is the SAME as its corresponding keyword,可掉落,,Lootable
MAG,KEYWORD,Description that explains MAG determines the base strength of magical attacks,魔力：单位使用魔法类武器攻击时的基础攻击力。,,Magic: Base attack power for the Unit's attacks using magic-based weapons. 
MAGHighlight,KEYWORD,Label for a keyword to be highlighted in text - it is the SAME as its corresponding keyword,魔力,,Magic
Money,KEYWORD,Description for the player's total amount of money,金钱：商队旅途中积攒的金币总量。,,Money: Total amount of gold amassed in the caravan's travels.
MoneyHighlight,KEYWORD,Label for a keyword to be highlighted in text - it is the SAME as its corresponding keyword,金钱,,Money
MOV,KEYWORD,Description that explains MOV is how many squares on the grid the unit can move in a turn by default,移动力：单位在其回合内可移动的格数。,,Movement Speed: How many tiles the Unit can move on their Turn.
MovementCostHighlight,KEYWORD,Label for a keyword to be highlighted in text - it is the SAME as its corresponding keyword,移动消耗,,Move Cost
MOVHighlight,KEYWORD,Label for a keyword to be highlighted in text - it is the SAME as its corresponding keyword,移动力,,Movement Speed
NextUnitButton,KEYWORD,Button label,下一个可行动单位,,Next Available Unit
Nonactionable,KEYWORD,Statement claiming a unit has taken their turn and is done for the rest of the player phase,不可行动：此单位已行动，无法再移动。,,Unavailable: This Unit has taken their Turn and can't make any more moves.
ObjectiveTerrainHighlight,KEYWORD,Label for a keyword to be highlighted in text - it is the SAME as its corresponding keyword,目标地点,,Objective Location
Once,KEYWORD,Skills that are removed from the unit when cast,临时,,Ephemeral
OtherPhase,KEYWORD,Telling the player they must wait for the other units to finish their turn.,当前为中立单位的阶段，请等待其结束。,,"It is currently the Unaligned Units' phase, wait for it to finish."
OverworldButton,KEYWORD,Button label,查看世界地图,,See World Map
Phase,KEYWORD,Description for the time when a team is capable of controlling their units,阶段：一整支队伍所有单位回合的集合。当所有单位行动完毕时自动结束，也可通过“结束阶段”按钮手动结束。,,Phase: The collection of an entire team's Unit's Turns. Ends automatically once all Units are done their turn or when ended manually though the 'End Phase' button.
PhaseHighlight,KEYWORD,Label for a keyword to be highlighted in text - it is the SAME as its corresponding keyword,阶段,,Phase
POW,KEYWORD,Description for a unit's current total damage,威力：使用当前武器进行普通攻击的伤害。,,Power: Damage of a regular attack with current weapon.
POWHighlight,KEYWORD,Label for a keyword to be highlighted in text - it is the SAME as its corresponding keyword,威力,,Power
PrepPhase,KEYWORD,Telling the player they must complete the preparation phase.,该为你的单位装备并部署了，为即将到来的遭遇战做好准备。,,"It's time to Equip and Deploy your Units, be ready for the coming Encounter."
Profound,KEYWORD,Label for a skill that can be learned more than once,淬炼,,Honed
Quick,KEYWORD,Actions that don't end a unit's turn,快捷,,Quick
QuickCast,KEYWORD,Tag for a skill that does not end the turn when used,快捷,,Quick
RangedWeapon,KEYWORD,Description for Projectile Weapon Type,投掷武器：可击中数格之外单位的远程发射器。\n\n对飞行单位有优势。,,Projectile Weapons: Long-ranged projectile launchers capable of hitting Units multiple tiles away.\n\nHas Advantage over Flying Units.
RES,KEYWORD,Description that explains RES determines how much of an attacker's magical damage is negated,魔抗：减少魔法攻击造成的伤害。,,Resistance: Reduces damage from magical attacks. 
RESHighlight,KEYWORD,Label for a keyword to be highlighted in text - it is the SAME as its corresponding keyword,魔抗,,Resistance
RitualMagic,KEYWORD,Description for Ritual Magic Type,仪式魔法：自未知之力中召来的魔法之力。\n\n对骑乘单位有优势。,,Ritual Magic: Magic force called from powers unknown.\n\nHas Advantage over Mounted Units.
RNG,KEYWORD,Description for a unit's current range of attack,射程：单位使用当前武器可攻击的距离。,,Range: Range the Unit can attack from with their current weapon.
RNGHighlight,KEYWORD,Label for a keyword to be highlighted in text - it is the SAME as its corresponding keyword,射程,,Range
Round,KEYWORD,Description for a period of time when every team gets to have a phase,轮：包含各队伍阶段的时间单位。每支队伍每轮有 1 个阶段。,,Round: The period of time that contains each team's phase. Every team has one Phase per Round.
RoundHighlight,KEYWORD,Label for a keyword to be highlighted in text - it is the SAME as its corresponding keyword,轮,,Round
RoundLimit,KEYWORD,Explaining to the player that the current map has a limit to how many rounds they can take.,时间限制：超过此限制后，星尘将开始积聚。,,"Time Limit: When you exceed this limit, the Stardust starts to build."
RoundLimitHighlight,KEYWORD,Label for a keyword to be highlighted in text - it is the SAME as its corresponding keyword,时间限制,,Time Limit
SettingsButton,KEYWORD,Button label,系统设置,,System Settings
ShieldWeapon,KEYWORD,Description for Shield Weapon Type,盾类武器：单手武器，副手配盾。\n\n对轻武有优势，对重武有劣势。,,Shield Weapons: One-handed weapons accompanied by a shield in the off-hand.\n\nHas Advantage over Light Weapons but Disadvantage against Heavy Weapons.
SingleAttack,KEYWORD,"Description that explains making a single attack against a unit, without any counterattacks",攻击：1 个单位对另 1 个单位攻击 1 次。,,Attack: One Unit attacks another Unit once.
SkipPhaseButton,KEYWORD,Button label,结束玩家阶段,,End Player Phase
Slotless,KEYWORD,"Label for a skill that does not take up a skill slot; one that is usually pretty simple. E.g. ""Simple Common Skill""",简易,,Simple
Slow,KEYWORD,"Description that explains the ""Slow"" rule",迟缓,,Slow
SPD,KEYWORD,Description that explains SPD determines how many times in a row that a unit can attack in combat,速度：影响单位在战斗中连续攻击的能力以及躲开攻击的能力。,,Speed: Affects the Unit's ability to attack twice in a fight and how well they can avoid attacks.
SPDHighlight,KEYWORD,Label for a keyword to be highlighted in text - it is the SAME as its corresponding keyword,速度,,Speed
STR,KEYWORD,Description that explains STR determines the base strength of a physical attack,力量：单位使用物理类武器攻击时的基础攻击力。,,Strength: Base attack power for the Unit's attacks using physical-based weapons.
STRHighlight,KEYWORD,Label for a keyword to be highlighted in text - it is the SAME as its corresponding keyword,力量,,Strength
Subclass,KEYWORD,Description for unit subclasses,副职业：副职业为单位提供额外属性与成长，并解锁对应职业的技能组与可学武器类型。该单位同时被视为其主职业与副职业。每个单位只能拥有 1 个副职业。,,"Subclass: A Subclass grants its Unit bonus stats and growths. It also grants access to the associated Class's Skillset, and learnable Weapon Styles. The Unit is treated as both their Class and their Subclass. Each Unit can only have one Subclass."
SubclassHighlight,KEYWORD,Label for a keyword to be highlighted in text - it is the SAME as its corresponding keyword,副职业,,Subclass
Swim,KEYWORD,Description for the swimming movement mode,游泳：一种移动模式，可降低液体格子的移动消耗。,,Swimming: A movement mode which reduces movement costs for liquid Tiles.
SwimHighlight,KEYWORD,Label for a keyword to be highlighted in text - it is the SAME as its corresponding keyword,游泳,,Swim
TeamSize,KEYWORD,Description for the player's current size of team,队伍规模：商队中单位的总数。,,Team Size: Total number of Units in the Caravan.
TeamSizeHighlight,KEYWORD,Label for a keyword to be highlighted in text - it is the SAME as its corresponding keyword,队伍规模,,Team Size
Teleport,KEYWORD,Description for the teleporting movement mode,传送：一种移动模式，对部分格子无视移动消耗，并允许单位穿过受阻与不可通行格。,,Teleporting: A movement mode which ignores movement costs for some Tiles and allows the Unit to move through Obstructed and Impassable Tiles.
TeleportHighlight,KEYWORD,Label for a keyword to be highlighted in text - it is the SAME as its corresponding keyword,传送,,Teleport
TotalKeys,KEYWORD,Explanation for UI element that tells the player how many keys they have.,钥匙：单位与商队背包中钥匙的总数。钥匙可打开上锁的门与宝箱。,,Keys: Total number of keys in Unit and Caravan inventories. Keys open locked doors and chests.
TotalKeysHighlight,KEYWORD,Label for a keyword to be highlighted in text - it is the SAME as its corresponding keyword,钥匙,,Keys
TriangleButton,KEYWORD,Button label,武器类型三角,,Weapon Style Triangle
Turn,KEYWORD,Description for the time when an individual unit is actionable,单位回合：可行动的时间段，在移动与结束回合的行动后结束。,,"Unit's Turn: Period to act, ends after move and turn-ending action."
Unit,KEYWORD,An actor in the gameworld that can join teams and interact with grids,单位,,Unit
UnitListButton,KEYWORD,Button label,查看单位列表,,See Unit List
VIPHighlight,KEYWORD,Label for a keyword to be highlighted in text - it is the SAME as its corresponding keyword,受保护者,,Protectee
Walk,KEYWORD,Description for the walking movement mode,行走：普通移动模式。,,Walking: The normal movement mode.
WalkHighlight,KEYWORD,Label for a keyword to be highlighted in text - it is the SAME as its corresponding keyword,行走,,Walk
Act1Arena1,LEVEL,Arena name in act 1,德里瓦斯托竞技场：1v1,,Drivasto Arena: 1v1
Act1Arena2,LEVEL,Arena name in act 1,德里瓦斯托竞技场：2v2,,Drivasto Arena: 2v2
Act1Arena3,LEVEL,Arena name in act 1,德里瓦斯托竞技场：3v3,,Drivasto Arena: 3v3
Act1Easy1,LEVEL,Name for one of the first maps - an arrival at a market dock,海边集市,,Market by the Sea
Act1Easy2,LEVEL,Name for one of the first maps - an arrival at a harbor,德里瓦斯托港,,Porto di Drivasto
Act1Easy3,LEVEL,Name for one of the first maps - an arrival at a harbor,贝拉码头,,Bella Marina
Act1Elite1,LEVEL,Hard Level name in act 1,集市掌事者,,Ordinator of the Market
Act1Elite2,LEVEL,Hard Level name in act 1,高原掌事者,,Ordinator of the Plateau
Act1Elite3,LEVEL,Hard Level name in act 1,桥梁掌事者,,Ordinator of the Bridge
Act1Elite4,LEVEL,Hard Level name in act 1,伏击！,,Ambush!
Act1Finale1,LEVEL,level name for a final level in act 1,环形山之女巫,,The Witch of the Craters
Act1Normal1,LEVEL,Normal Level name in act 1,瓦隆布罗萨森林,,Vallombrosa Forest
Act1Normal2,LEVEL,Normal Level name in act 1,崖侧隘道,,Cliffside Funnel
Act1Normal3,LEVEL,Normal Level name in act 1,多皮奥葡萄园守卫战,,Defense of Doppio Vineyard
Act1Normal4,LEVEL,Normal Level name in act 1,博斯科渡口,,Bosco River Crossing
Act1Normal5,LEVEL,Normal Level name in act 1,德里瓦斯托近郊,,Drivasto Outskirts
Act1Normal6,LEVEL,Normal Level name in act 1,博斯科工坊,,Bosco Workshop
Act1Normal7,LEVEL,Normal Level name in act 1,德里瓦斯托医院,,Drivasto Ospedale
Act2Arena1,LEVEL,Arena name in act 2,卡登斯竞技场：1v1,,Cadens Arena: 1v1
Act2Arena2,LEVEL,Arena name in act 2,卡登斯竞技场：2v2,,Cadens Arena: 2v2
Act2Arena3,LEVEL,Arena name in act 2,卡登斯竞技场：3v3,,Cadens Arena: 3v3
Act2Easy1,LEVEL,Intro level name in act 2,边境山,,Mont Frontiere
Act2Easy2,LEVEL,Intro level name in act 2,帝国边地,,Empire Borderlands
Act2Elite1,LEVEL,Hard Level name in act 2,宅邸掌事者,,Ordinator of the Maison
Act2Elite2,LEVEL,Hard Level name in act 2,档案馆掌事者,,Ordinator of the Archives
Act2Elite3,LEVEL,Hard Level name in act 2,水域掌事者,,Ordinator of the Water
Act2Elite4,LEVEL,Hard Level name in act 1,金库掌事者,,Ordinator of the Vault
Act2Finale1,LEVEL,level name for a final level in act 2,高塔之皇帝,,The Emperor of the Tower
Act2Normal1,LEVEL,Normal Level name in act 2,观星神殿,,Stargazer Temple
Act2Normal2,LEVEL,Normal Level name in act 2,地底城,,Sous Terre Undercity
Act2Normal3,LEVEL,Normal Level name in act 2,帝国陵园,,Imperial Cemetery
Act2Normal4,LEVEL,Normal Level name in act 2,科林皇家公园,,Colline Royal Park
Act2Normal5,LEVEL,Normal Level name in act 2,赌徒庄园,,Manoir du Flambeur
Act2Normal6,LEVEL,Normal Level name in act 2,环绕壕沟,,Ring Around the Moatsy
Act2Normal7,LEVEL,Normal Level name in act 2,毒沼,,Empoisonne Swamp
Act3Finale1,LEVEL,level name for the final level,月山之星,,The Star of Montes Luna
LoadingScreenTip1,Menu,Loading screen tip,提示：用肥皂洗手。,,Tip: Wash your hands with soap.
LoadingScreenTip10,Menu,Loading screen tip,提示：这一切终将过去。,,Tip: This too shall pass.
LoadingScreenTip11,Menu,Loading screen tip,提示：感谢游玩！,,Tip: Thanks for playing!
LoadingScreenTip12,Menu,Loading screen tip,提示：进食能为你白天的活动提供能量。,,Tip: Eating food gives you the energy to perform tasks during the day.
LoadingScreenTip13,Menu,Loading screen tip,提示：现在就喝口水吧。,,Tip: Take a drink of water right now.
LoadingScreenTip14,Menu,Loading screen tip,提示：每晚尽量睡 7-9 小时。,,Tip: Try to get 7-9 hours of sleep a night.
LoadingScreenTip15,Menu,Loading screen tip,提示：睡前别看手机。,,Tip: Don't look at your phone right before bed.
LoadingScreenTip16,Menu,Loading screen tip,提示：散步对身心都有好处。,,Tip: Taking walks is good for your body and mind.
LoadingScreenTip17,Menu,Loading screen tip,提示：不要听到什么就信什么。,,Tip: Don't believe everything you hear.
LoadingScreenTip18,Menu,Loading screen tip,提示：阅读屏幕上的文字有助于游玩。,,Tip: Reading the text on the screen helps you play.
LoadingScreenTip19,Menu,Loading screen tip,提示：按下电脑电源键，它就会关机。,,"Tip: If you press the power button on your PC, it will turn off."
LoadingScreenTip2,Menu,Loading screen tip,提示：过马路前左右看。,,Tip: Look both ways before crossing the street.
LoadingScreenTip20,Menu,Loading screen tip,提示：偶尔重启一下电脑。,,Tip: Restart your computer every now and again.
LoadingScreenTip21,Menu,Loading screen tip,提示：需要帮助时别害怕开口。,,Tip: Don't be afraid to ask for help when you need it.
LoadingScreenTip22,Menu,Loading screen tip,提示：开口前先想一想。,,Tip: Think before speaking.
LoadingScreenTip23,Menu,Loading screen tip,提示：当心可疑邮件。,,Tip: Be wary of suspicious emails.
LoadingScreenTip24,Menu,Loading screen tip,提示：对世界保持好奇。,,Tip: Stay curious about the world.
LoadingScreenTip25,Menu,Loading screen tip,提示：为进步喝彩，无论多小。,,"Tip: Celebrate progress, no matter how small."
LoadingScreenTip26,Menu,Loading screen tip,提示：不要混用清洁剂。,,Tip: Don't mix cleaning products.
LoadingScreenTip27,Menu,Loading screen tip,提示：每周吸尘一次。,,Tip: Vacuum once a week.
LoadingScreenTip28,Menu,Loading screen tip,提示：别记仇。,,Tip: Don't hold onto grudges.
LoadingScreenTip29,Menu,Loading screen tip,提示：网上的争吵从不值得参与。,,Tip: Internet arguments are never worth getting involved in.
LoadingScreenTip3,Menu,Loading screen tip,提示：想一件你心怀感激的事。,,Tip: Think of one thing that you're grateful for.
LoadingScreenTip30,Menu,Loading screen tip,提示：别忘了给自己留点时间。,,Tip: Don't forget to save time for yourself.
LoadingScreenTip31,Menu,Loading screen tip,提示：别为你无法掌控的事烦恼。,,Tip: Try not to fret about things you have no control over.
LoadingScreenTip32,Menu,Loading screen tip,提示：遮光窗帘有助睡眠。,,Tip: Blackout curtains can help you sleep better.
LoadingScreenTip33,Menu,Loading screen tip,提示：确保摄入足够的维生素 D。,,Tip: Make sure you're getting enough Vitamin D.
LoadingScreenTip34,Menu,Loading screen tip,提示：完美是好的敌人。,,Tip: Perfect is the enemy of good.
LoadingScreenTip35,Menu,Loading screen tip,提示：装一个一氧化碳报警器。,,Tip: Get a carbon monoxide detector.
LoadingScreenTip36,Menu,Loading screen tip,提示：你<i>确实</i>有在用牙线，对吧？,,"Tip: You <i>are</i> remembering to floss, aren't you?"
LoadingScreenTip37,Menu,Loading screen tip,提示：加入 Discord！,,Tip: Join the Discord!
LoadingScreenTip38,Menu,Loading screen tip,提示：欢迎使用或参与 Astral Throne Wiki！,,Tip: Feel free to use or contribute to the Astral Throne Wiki!
LoadingScreenTip39,Menu,Loading screen tip,提示：尽量每天在同一时间入睡与起床。,,Tip: Try to go to sleep and wake up around the same time every day.
LoadingScreenTip4,Menu,Loading screen tip,提示：厨房起火要闷灭，不要泼水。,,"Tip: Smother kitchen fires, don't pour water on them."
LoadingScreenTip5,Menu,Loading screen tip,提示：试着在饮食中多加些蔬菜。,,Tip: Try introducing more vegetables into your diet.
LoadingScreenTip6,Menu,Loading screen tip,提示：挺直你的背。,,Tip: Straighten up your posture.
LoadingScreenTip7,Menu,Loading screen tip,提示：每 30 分钟看 30 秒 9 米外的物体。,,Tip: Focus your eyes on something 30 feet away for 30 seconds every 30 minutes.
LoadingScreenTip8,Menu,Loading screen tip,提示：尽可能去爱每一个人。,,Tip: Love everyone as much as you can.
LoadingScreenTip9,Menu,Loading screen tip,提示：没有什么是永恒的。,,Tip: Nothing is forever.
About,MENU,Label for the 'about the character' section of the unit menu,关于,,About
AchievementsLabel,MENU,Label for the achievements menu of the glossary,成就,,Achievements
Act1Map,MENU,Name of location of first act,第 1 幕：德里瓦斯托共和国,,Act 1: Drivasto Republic
Act1Name,MENU,Name for the first world,抵达德里瓦斯托,,Arrival at Drivasto
Act2Name,MENU,Name for the first world,破碎的帝国,,A Shattered Empire
Act3Name,MENU,Name for the first world,陨落之穹,,The Fallen Firmament
ActLabel,MENU,Name for the set of levels the player is currently in,幕,,Act
ActStatus,MENU,Label for the current world/act the player is on e.g. Act 1: Drivasto,第 <Number> 幕：<ActName>,,Act <Number>: <ActName>
AlchemistLeaveItemConfirm,MENU,Asking the player if they want to leave the alchemist if they haven't picked up their item,要留下你转化的物品吗？,,Leave your transmuted item behind?
AlchemistOverwriteConfirm,MENU,Asking the player if they want to overwrite their transmuted item at the alchemist,要销毁未领取的转化物品吗？,,Destroy unclaimed transmuted item?
AlchemistUsesConfirm,MENU,Asking the player if they want to leave the alchemist if they still have some charges left,你还可以继续使用炼金术士，确定要离开吗？,,"You can still use the Alchemist, are you sure you want to leave?"
AllOtherItemsLabel,MENU,Custom game config for gaining all other items,获得所有其他物品,,Gain All Other Items
AllWeaponsLabel,MENU,Custom game config for gaining all weapons,获得所有武器,,Gain All Weapons
Ally,MENU,Label denoting the player's team,玩家,,Player
AllyPhaseStatus,MENU,Label for the player's turn,玩家阶段,,Player Phase
ArenaDeath,MENU,Choosing a fight to the death at the arena,生死斗,,Deathmatch
ArenaDialogue,MENU,"Introducing the player to the arena, a small-scale battle where they can earn rewards",欢迎来到竞技场。这里的经营者是个古怪的头目，他似乎认为角斗竞技是侍奉他那新神的最佳方式。规矩是：只有民兵单位可以参战，英雄们只能旁观。,,"Welcome to the Arena, run by a strange ringleader who seems to think gladiatorial sport is the best way to serve his new God. The catch: only Militia Units can fight, Heroes must sit this one out."
ArenaForfeitObjective,MENU,Label for instructions on how to quit the arena duel,可通过以下任一方式认输：,,Forfeit by one of the following:
ArenaHeader,MENU,Header for the arena dialogue menu,欢迎来到竞技场,,Welcome to the Arena
ArenaSkip,MENU,"If the player approaches the arena without enemy militia units, they are turned away",很遗憾，经营竞技场的那个怪人认为你当前的队伍构成无法取悦他的神。似乎只有民兵单位才能参赛。,,"Unfortunately, the strange man running the Arena deems you unable to appease his God with your current party makeup. It seems only Militia Units can compete."
ArenaSpar,MENU,Choosing a sparring (nonlethal) match at the arena,切磋,,Spar
AscensionLabel,MENU,Main menu option for player to choose their difficulty,难度：\n<Difficulty>,,Difficulty:\n<Difficulty>
Attack,MENU,Action for one unit fighting against another unit who may counterattack,战斗,,Fight
AutoHealButton,MENU,Button that heals all units,自动治疗,,Auto-Heal
AutoHealConfirmation,MENU,Confirming auto-heal all units in caravan,完全治愈单位，还是高效使用物品以避免过量治疗？,,Heal Units fully or efficiently use items to prevent too much overheal?
Barrier,MENU,Weapon name for casting barrier spells,魔法护壁,,Magic Barrier
BattleLeaders,MENU,Codex label for bosses of difficult encounters,战斗首领,,Battle Leaders
ChapterLabel,MENU,Name for the current level the player is at,章节,,Chapter
ChestsLooted,MENU,Label for all the items a player opened,已掠夺宝箱,,Chests Plundered
ClaimLoot,MENU,Label for button player clicks to claim objective rewards,领取,,Claim
ClassesAndSkills,MENU,Label for the classes and skills menu of the codex,职业与技能,,Classes and Skills
ClassLabel,MENU,Label for a unit's class,职业：<Class>,,Class: <Class>
ClassSkills,MENU,Codex label for class skills,职业技能,,Class Skills
CloseShop,MENU,Button for closing the shop,离开,,Leave
CloseShopConfirmation,MENU,Confirming closing the shop,继续前进？,,Continue Forth?
CloseTreasureConfirmation,MENU,Confirming leaving some treasure behind,要留下部分宝藏吗？,,Leave some treasure behind?
Codex,MENU,"Button for opening up the game's list of items, skills, units, etc for player reference",图鉴,,Codex
CodexTooltip,MENU,Telling the player how to fill out their codex,通过招募单位、获得物品、学习技能与击败敌方首领来完善条目。,,"Complete entries by recruiting Units, receiving Items, learning Skills, and defeating Enemy Leaders."
CombinedLootedItems,MENU,"When losing, the label for the list of all the items the player collected in their run",已收集物品,,Collected Items
CompactView,MENU,"Setting to make the caravan menu screen show a smaller, summarized version of itself",紧凑,,Compact
Completed,MENU,Pop up text for finishing an objective,+已完成！,,+Completed!
ConfirmEfficientHeal,MENU,Confirming efficient auto-heal,高效,,Efficient
ConfirmFullHeal,MENU,Confirming full auto-heal,完全,,Full
ConfirmNoSaveAndQuit,MENU,Button for confirming save and quit,放弃本局,,Abandon Run
ConfirmSaveAndQuit,MENU,Button for confirming save and quit,保存本局,,Save Run
ConsumableLabel,MENU,Label for item that can be used,消耗品,,Consumable
ConsumablesLabel,MENU,Codex label for consumable items like potions,消耗品,,Consumables
Continue,MENU,Button to move onto the next stage,继续前进,,Continue Forth
ContinueGame,MENU,Button for continuing a saved game,继续游戏,,Continue Game
Convoy,MENU,Button for managing the inventory of units and the convoy,商队,,Caravan
ConvoySendConfirmation,MENU,Confirmation if the player wants to send an item to the convoy,确定要将 <Item> 送往商队吗？,,Are you sure you want to send <Item> to the Caravan?
CurrentRound,MENU,The number of the current round of the map,轮,,Round
CustomExperienceGain,MENU,Custom game config for chaning the amount of experience units gain,经验获取,,Experience Gain
CustomGame,MENU,Button for starting a new game with customizable rules,自定义游戏,,Custom Game
CustomGameMiscTooltip,MENU,Telling the player these particular custom game stats will override the difficulty modifiers they select,这些设置可能会覆盖与之冲突的难度修正。若目标中包含轮数限制，则轮数限制的改动对其无效。,,These may override any conflicting Difficulty Modifiers. Round Limit changes won't affect Encounters with the Round Limit as a part of an Objective.
CustomGameTooltip,MENU,Telling the player that playing a custom game won't have any progress,警告：若部署过多英雄，剧情场景可能无法按正确顺序播放。自定义游戏不计入成就进度。\n通过完善图鉴条目来解锁选项。,,"Warning: If you deploy too many Heroes, story scenes might not play in the proper sequence. Custom Games will not count towards Achievement progress.\nUnlock options by completing their Codex entries."
CustomRunLabel,MENU,Label for run seed in custom games menu,本局种子：,,Run Seed:
Dang,MENU,Button label for corrupted save file acceptance,哎呀,,Dang
DangerZone,MENU,Button to show the attack range of all enemies on the map,危险区域,,Danger Zone
DataConsentConfirm,MENU,Asking the player if they are okay with data collection,是否向开发者发送分析数据？我们仅收集匿名游玩数据，用于平衡与设计更新。\n你可以随时在设置中更改。,,Would you like to send analytics to the developers? We only collect anonymous gameplay data for the sake of balancing and design updates.\nYou can change this any time in the Settings.
DeployedUnits,MENU,Label for list of units that are deployed on the map,已部署,,Deployed
DeploymentInstructions,MENU,Instructions that tell the player they can deploy a unit by left clicking and un-deploy by right clicking,左键点击部署单位。\n右键点击撤下。,,Left Click to Deploy a Unit.\nRight Click to Dismiss.
DeployUnits,MENU,Button to choose from a list of units to place on the map during preparation,部署单位,,Deploy Units
DestroyedUnitPopup,MENU,Popup text for a unit being perma-killed,已阵亡…,,Dead...
DetailedView,MENU,Setting to make the caravan menu screen show a very detailed and info-heavy version,详细,,Detailed
Difficulty0,MENU,Difficulty level label,新手,,Greenhorn
Difficulty0Modifiers,MENU,Difficulty level modifiers,基础难度,,Base Difficulty
Difficulty1,MENU,Difficulty level label,学徒,,Apprentice
Difficulty10,MENU,Difficulty level label,挑战者,,Challenger
Difficulty10Modifiers,MENU,Difficulty level modifiers,+ 降低敌方技能需求,,+ Reduced Enemy Skill Requirements
Difficulty11,MENU,Difficulty level label,竞争者,,Contender
Difficulty11Modifiers,MENU,Difficulty level modifiers,+ 降低玩家生命,,+ Reduced Player HP
Difficulty12,MENU,Difficulty level label,精英,,Elite
Difficulty12Modifiers,MENU,Difficulty level modifiers,+ 更严格的轮数限制,,+ Stricter Round Limits
Difficulty13,MENU,Difficulty level label,哨卫,,Sentinel
Difficulty13Modifiers,MENU,Difficulty level modifiers,+ 被救援的单位会被施加负面状态,,+ Saved Units are Debuffed
Difficulty14,MENU,Difficulty level label,老练,,Veteran
Difficulty14Modifiers,MENU,Difficulty level modifiers,+ 降低玩家经验获取,,+ Reduced Player Exp Gain
Difficulty15,MENU,Difficulty level label,战略家,,Strategist
Difficulty15Modifiers,MENU,Difficulty level modifiers,+ 提高敌方暴击率,,+ Increased Enemy CRIT Rate
Difficulty16,MENU,Difficulty level label,战术家,,Tactician
Difficulty16Modifiers,MENU,Difficulty level modifiers,+ 提高星尘伤害,,+ Increased Stardust Damage
Difficulty17,MENU,Difficulty level label,谋略家,,Mastermind
Difficulty17Modifiers,MENU,Difficulty level modifiers,+ 更多敌人拥有副职业,,+ More Enemies have Subclasses
Difficulty18,MENU,Difficulty level label,角斗士,,Gladiator
Difficulty18Modifiers,MENU,Difficulty level modifiers,+ 提高敌方命中,,+ Increased Enemy Accuracy
Difficulty19,MENU,Difficulty level label,征服者,,Conqueror
Difficulty19Modifiers,MENU,Difficulty level modifiers,+ 降低幕间治疗量,,+ Reduced Healing Between Acts
Difficulty1Modifiers,MENU,Difficulty level modifiers,+ 敌方增援更强,,+ Stronger Enemy Reinforcements
Difficulty2,MENU,Difficulty level label,流浪者,,Wanderer
Difficulty20,MENU,Difficulty level label,冠军,,Champion
Difficulty20Modifiers,MENU,Difficulty level modifiers,+ 被救援的单位会被施加负面状态,,+ Saved Units are Debuffed
Difficulty21,MENU,Difficulty level label,典范,,Paragon
Difficulty21Modifiers,MENU,Difficulty level modifiers,+ 仅英雄可以招募,,+ Only Heroes can Recruit
Difficulty22,MENU,Difficulty level label,传奇,,Legendary
Difficulty22Modifiers,MENU,Difficulty level modifiers,+ 敌方武器更好,,+ Better Enemy Weapons
Difficulty23,MENU,Difficulty level label,神话,,Mythic
Difficulty23Modifiers,MENU,Difficulty level modifiers,+ 永久死亡倒计时,,+ Perma-Death Countdown
Difficulty24,MENU,Difficulty level label,寻王者,,Throneseeker
Difficulty24Modifiers,MENU,Difficulty level modifiers,+ 最终首领强化,,+ Strengthened Final Boss
Difficulty2Modifiers,MENU,Difficulty level modifiers,+ 降低玩家生命,,+ Reduced Player HP
Difficulty3,MENU,Difficulty level label,探索者,,Explorer
Difficulty3Modifiers,MENU,Difficulty level modifiers,+ 提高敌方闪避,,+ Increased Enemy AVO
Difficulty4,MENU,Difficulty level label,冒险者,,Adventurer
Difficulty4Modifiers,MENU,Difficulty level modifiers,+ 降低玩家经验获取,,+ Reduced Player Exp Gain
Difficulty5,MENU,Difficulty level label,旅人,,Wayfarer
Difficulty5Modifiers,MENU,Difficulty level modifiers,+ 提高商店价格,,+ Increased Shop Prices
Difficulty6,MENU,Difficulty level label,领航员,,Navigator
Difficulty6Modifiers,MENU,Difficulty level modifiers,+ 提高敌方命中,,+ Increase Enemy Accuracy
Difficulty7,MENU,Difficulty level label,开路者,,Pathfinder
Difficulty7Modifiers,MENU,Difficulty level modifiers,+ 提高敌方攻速,,+ Increased Enemy ATS
Difficulty8,MENU,Difficulty level label,先驱,,Trailblazer
Difficulty8Modifiers,MENU,Difficulty level modifiers,+ 敌方首领更强,,+ Stronger Enemy Leaders
Difficulty9,MENU,Difficulty level label,熟练工,,Journeyman
Difficulty9Modifiers,MENU,Difficulty level modifiers,+ 提高敌方闪避,,+ Increased Enemy AVO
Disable,MENU,Behaviour for dialogue bubbles to not show at all,已禁用,,Is Disabled
DisableStatCap,MENU,Custom game config for disabling the unit level cap,禁用等级上限,,Disable Level Cap
Discard,MENU,Throw away the currently selected item,丢弃,,Discard
DontInterruptGameplay,MENU,Behaviour for dialogue bubbles to not stop gameplay,不中断游戏,,Doesn't Interrupt Game
DontSendLogs,MENU,Button label for corrupted save file acceptance,不发送,,Don't Send
DownedUnitPopup,MENU,Popup text for a unit being downed,倒下！,,Downed!
EndEvent,MENU,Button for continuing the game after an event concludes,继续你的旅程…,,Continue on your journey...
EndingsLabel,MENU,Label for the endings of the story the player has seen,结局：,,Endings:
EndPhase,MENU,Button to manually end all of the player units' turns,结束阶段,,End Phase
EndTrading,MENU,End unit trading,完成,,Finish
EnemiesKilled,MENU,Label for the aggregate for how many times the player defeated enemy units,击败敌人数：<Amount>,,Enemies Killed: <Amount>
Enemy,MENU,Label denoting the enemy team,敌人,,Enemy
EnemyPhaseStatus,MENU,Label for the enemy's turn,敌方阶段,,Enemy Phase
EnemyTeamName,MENU,Default label for the enemy team,碎星侍徒,,Acolytes of the Shattered Star
EnemyUnitsLabel,MENU,Label for the enemy units menu of the codex,敌方单位,,Enemy Units
Equip,MENU,Equip the currently selected weapon,装备,,Equip
EquippedWeapon,MENU,Pop up text for a unit automatically equipping a weapon,已装备 <Weapon>,,Equipped <Weapon>
Execute,MENU,Button for the comfirmation of executing or applying a skill from the skill list,执行,,Execute
Exit,MENU,Label for exit,退出,,Exit
Extinguish Fire,MENU,Action to extinguish a fire,灭火,,Extinguish Fire
Failed,MENU,Pop up text for failing an objective,-失败,,-Failed
Familiar,MENU,Weapon name for casting spells through an animal,魔法使魔,,Magic Familiar
Fight!,MENU,Button to end preparation and start the map,战斗！,,Fight!
FightStartConfirmation,MENU,Confirmation for the player starting combat encounter,要开始遭遇战吗？,,Start the Encounter?
FinalBossAwaken,MENU,Pop-up text for when the final boss awakens,它苏醒了,,It Awakens
Focus,MENU,Weapon name for casting spells with an item,魔法法器,,Magic Focus
FogExp,MENU,The replacement for the amount of exp when the stardust is preventing you from gaining more,X,,X
ForceFieldSwitchPopUpText,MENU,Pop-up text for when you switch a forcefield,已切换！,,Switched!
ForfeitLabel,MENU,"Label for the player losing the arena duel, but not experiencing game over",认输,,Forfeit
GainedGold,MENU,Label for the aggregate for how much gold the player has gained in total,获得金币：<Amount>,,Gold Received: <Amount>
GainSkillSlot,MENU,Pop up text for gaining a skill slot with an item,+技能栏,,+Skill Slot
GameWinLabel,MENU,Label for winning the game,胜利,,Triumph
GeneralMemories,MENU,Codex label for generic memories,通用记忆,,General Memories
Gold,MENU,Gold resource,金币,,Gold
Health,MENU,Health resource,生命,,HP
Heavy,MENU,Weapon name for big weapons,重武,,Heavy Weapon
HeroChoiceLabel,MENU,Label for choosing a hero to recruit,你还可以再招募 1 名英雄。\n你要听从谁的召唤？,,You can recruit one more Hero.\nWhose call will you heed?
HeroMemories,MENU,Glossary label for hero memories,英雄记忆,,Hero Memories
HeroSkipConfirmation,MENU,Confirming if the player really wants to skip recruiting a hero,要放弃一位强大的盟友吗？,,Eschew a powerful ally?
HeroUnitsLabel,MENU,Label for the hero units menu of the codex,英雄单位,,Hero Units
IgnoredTerrain,MENU,Label for terrain effects that are ignored due to a skill,已无视,,Ignored
InfluencedSkillsDesc,MENU,Codex label for skills you can gain when a certain hero is in your team,有时队伍中的英雄会向同伴传授经验，使其获得原本无法习得的技能。,,"Sometimes Heroes in your team can pass on advice to their comrades, granting them Skills they would otherwise not have access to."
InfluencedSkillsLabel,MENU,Codex label for skills you can gain when a certain hero is in your team,英雄影响技能,,Hero-Influenced Skills
InstantPermadeath,MENU,"Custom game config for units instantly dying upon losing all their health, instead of the normal rule of being 'downed' until saved",即时永久死亡,,Instant Permadeath
InterruptGameplay,MENU,Behaviour for dialogue bubbles to stop gameplay for the player to read them,中断游戏,,Interrupts Gameplay
Inventory,MENU,The name for a unit's set of available items,物品,,Items
InventoryFullWarning,MENU,Instructions that the player unit has a full inventory when looting and therefore must send an item to the convoy,<CharName>的物品栏已满。请选择 1 件物品送往商队。,,<CharName>'s Items are full. Choose an Item to send to the Caravan.
ItemLabel,MENU,Label for generic item,物品,,Item
ItemsLooted,MENU,Label for all the items a player looted,已拾取物品,,Items Looted
ItemsPickpocketed,MENU,Label for all the items a player took from enemies,已窃取物品,,Items Stolen
Keys,MENU,Key resource,钥匙,,Key
LeaderLabel,MENU,Main menu option for player to choose their team's leader,队长,,Leader
LeaderPortraitLabel,MENU,Label for the run's leader,队长：<CharName>,,Leader: <CharName>
LeadersKilled,MENU,Label for all the leaders a player killed,已击败首领,,Leaders Vanquished
LearnSkillConfirmation,MENU,Asking the player if they are sure they want a unit to learn a skill,确定要让<CharName>学习<Skill>吗？,,Are you sure you want <CharName> to learn <Skill>?
Legend,MENU,Label for the menu that explains what icons mean,图例,,Key
LevelUpLabel,MENU,Title for level up menu,升级！,,Level Up!
Light,MENU,Weapon name for small weapons,轻武,,Light Weapon
LoadGameConfirmation,MENU,Confirming loading and continuing previously saved run. E.g. Lyra at Act 1: Chapter 6,<Unit>位于第 <Act> 幕：第 <Chapter> 章。\n要继续游戏吗？,,<Unit> is at Act <Act>: Chapter <Chapter>.\nContinue Game?
LockedHero,MENU,Label for a locked hero,Beta 版锁定,,Locked for Beta
LootClaimed,MENU,Label for button after the loot has been claimed,已领取,,Claimed
LootUnclaimed,MENU,Label for button after the loot has not been claimed,未领取,,Unclaimed
LoseLabel,MENU,Label for dying,败北,,Defeat
MainMenu,MENU,Return to main menu button,标题菜单,,Title Menu
MainMenuConfirmation,MENU,Confirming quitting the shop,要退出并返回标题画面吗？,,Quit and Return to Title Screen?
ManageEquipment,MENU,Button to manage the team's inventories,管理装备,,Manage Equipment
Marionette,MENU,Name for a doll,提线木偶,,Marionette
Memories,MENU,Label for the memory menu of the codex,记忆,,Memories
Memory,MENU,Label for picking a memory,记忆,,Memory
MilitiaRecruited,MENU,Label for the aggregate for how many units the player recruited,已招募民兵单位：<Amount>,,Militia Units Recruited: <Amount>
MilitiaUnitsLabel,MENU,Label for the militia units menu in the codex,民兵单位,,Militia Units
MiscSkills,MENU,Codex label for all the skills that can't be neatly categorized,其他技能,,Misc. Skills
MountLabel,MENU,Label for the unit's mount,坐骑：,,Mount:
Mounts,MENU,Codex label for mounts,坐骑,,Mounts
Move,MENU,Label for action for unit to walk,移动,,Move
NewGame,MENU,Button for starting a new game,开始游戏,,Start Game
NextAvailableUnit,MENU,Button to cycle through currently actionable units,下一个单位,,Next Unit
No,MENU,Confirmation decline,否,,No
NoCampaignLimit,MENU,Custom game config for no campaign/run limit,无战役限制,,No Campaign Limit
NoLootCollected,MENU,Menu text for when the player did not get any loot,未收集到任何物品…,,No Items Collected...
None,MENU,None,无,,None
NoObjectivesCompleted,MENU,Menu text for when the player did not complete any objectives,未完成任何目标…,,No Objectives Completed...
NoTurnLimit,MENU,Custom game config for no/really high turn limit,99 轮限制,,99 Round Limit
ObjectiveCompleted,MENU,Pop up text for completing an objective,目标完成！,,Objective Completed!
ObjectiveFailed,MENU,Pop up text for failing an objective,目标失败…,,Objective Failed...
ObjectiveReward,MENU,Label for the reward for completing an objective,目标奖励,,Objective Rewards
ObjectivesLabel,MENU,Title for a list of objectives,目标,,Objectives
OK,MENU,Confirmation acknowledge,确定,,OK
Open Chest,MENU,Action to open a chest,打开宝箱,,Open Chest
Open Door,MENU,Action to open a door,开门,,Open Door
OpenUnitMenu,MENU,Action to open the unit menu,状态,,Status
Other,MENU,Label denoting other teams,中立,,Unaligned
OtherItems,MENU,Codex label for all the items that can't be neatly categorized,其他,,Misc.
OtherItemsLabel,MENU,Label for other item settings,其他物品,,Other Items
OtherPhaseStatus,MENU,Label for the other's turn,中立阶段,,Unaligned Phase
OtherSettings,MENU,Label for misc. settings,其他设置,,Other Settings
OtherTeamName,MENU,Label for units in a team that is not the player's or the enemy's,中立,,Unaligned
Overworld,MENU,Button for showing the world map,世界地图,,World Map
PhaseLabel,MENU,"Menu Label for the ""phase"" keyword",阶段,,Phase
Prep,MENU,Label denoting preparation phase,备战,,Prep
Preparation,MENU,"Label for the preparation phase, where the player can choose which units to put out on the field and manage their inventories",备战,,Preparation
PrepPhaseStatus,MENU,Label for the player's preparation phase,备战阶段,,Preparation Phase
PreventDestroy,MENU,Special text on Draco's cat that says you can't destroy or sell it,无论你如何尝试，都无法摆脱它。,,"Try as you might, you cannot rid yourself of this."
Proceed,MENU,Continuing from an event,继续,,Proceed
Progressed,MENU,Pop up text for progressing an objective,+已推进,,+Progressed
Puppeteer,MENU,name for the puppeteer,傀儡师,,Puppeteer
PurchaseConfirmation,MENU,Shop asking the player if they're sure they want to buy something,花费 <Value> 金币购买 <ItemName> 吗？,,Buy <ItemName> for <Value> Gold?
QuitGame,MENU,Button for quitting the game from the main menu,退出游戏,,Quit Game
QuitGameConfirmation,MENU,Confirming quitting the game,要退出并关闭游戏吗？,,Quit and Close Game?
QuitGameConfirmationNoSave,MENU,Confirming quitting the game,要退出并关闭游戏吗？,,Quit and Close Game?
Rage,MENU,Rage resource - should be the same as Rage/Enraged Debuff,狂怒,,Fury
Random,MENU,Label for random hero selection,随机,,Random
Randomize,MENU,Custom game setting to randomize run config,随机化,,Randomize
Randomize Skills,MENU,Custom game config for randomizing unit skills,随机化技能,,Randomize Skills
RandomizedStatsPopUpText,MENU,Pop-up text for when a unit's stats are randomized,属性已随机化！,,Stats Randomized!
Ranged,MENU,Weapon name for projectile weapons,投掷武器,,Projectile Weapon
Recruit,MENU,Action to recruit a unit,招募,,Recruit
ReduceRage,MENU,Action to reduce stacks of the rage effect,安抚,,Calm
RefreshTurnPopUpText,MENU,Pop up text for a unit getting their turn back,额外回合！,,Another Turn!
RegularEnemies,MENU,Codex label for generic enemies,普通敌人,,Regular Enemies
ReplaceSkillConfirmation,MENU,Confirming if the unit wants to replace a skill,要遗忘 <Skill> 吗？\n你之后可能还有机会重新学习它。,,Forget <Skill>?\nYou might be given the opportunity to Learn it again later.
ResetButton,MENU,Button that resets options,重置,,Reset
ResetDefaultsConfirmation,MENU,Confirming the player is resetting the current page of settings to its default values,要将此页面重置为默认值吗？,,Reset this page to default values?
ResetMetaprogressionConfirm,MENU,Confirming if the player wants to reset their save,要重置你的所有进度吗？,,Reset all your progress?
ResetMetaprogressionWarning,MENU,Extra warning if the player wants to reset their save,确定吗？你将失去所有已解锁的难度与英雄！\n游戏也会自行重启。,,Are you sure? You'll lose all your unlocked Difficulties and Heroes!\nThe game will also restart itself.
ResetTutorialConfirmation,MENU,Confirming resetting the tutorial messages,要重新启用所有已看过的教学提示吗？,,Re-enable all previously seen tutorial messages?
RestartGame,MENU,Button for starting a new run,重试,,Retry
ResultAmount,MENU,Label for a result's amount,结果：<Amount>,,Result: <Amount>
ReturnToMenu,MENU,Button for returing to the main menu,返回标题,,Return to Title
ReturnToMenuConfirmation,MENU,Confirming the player really wants to return to main menu,要返回主菜单吗？,,Return to the Main Menu?
Revive,MENU,Action to revive an adjacent downed unit,救援,,Save
RewardsLabel,MENU,Title for the list of items and money you win at the end of an encounter,战利品：,,Spoils:
RichContextAniara,MENU,Steam rich presence text for playing as Aniara,与阿尼亚拉一同夺取掌控,,Seizing control with Aniara
RichContextAzha,MENU,Steam rich presence text for playing as Azha,与阿莎完成最后一票,,Doing one last job with Azha
RichContextCetus,MENU,Steam rich presence text for playing as Cetus,与刻托斯一同收集珍品,,Collecting fine goods with Cetus
RichContextDraco,MENU,Steam rich presence text for playing as Draco,与德拉科一同孤注一掷,,Going all in with Draco
RichContextLyra,MENU,Steam rich presence text for playing as Lyra,与莱拉一同夺回王国,,Taking back the realm with Lyra
RichContextMaia,MENU,Steam rich presence text for playing as Maia,与玛雅一同迷失异乡,,Lost in a strange land with Maia
RichContextSol,MENU,Steam rich presence text for playing as Sol Ignis,与索尔·伊格尼斯一同净化大地,,Cleansing the land with Sol Ignis
RichContextTitleScreen,MENU,Rich presence for being on the title screen,整装待发,,Preparing for Embark
RichContextVega,MENU,Steam rich presence text for playing as Vega,与维加一同调查星尘,,Investigating the Stardust with Vega
Ritual,MENU,Weapon name for casting spells through a dance or ritual,魔法仪式,,Magic Ritual
RunSeedLabel,MENU,Label for the current run's RNG seed,本局种子：<Seed>,,Run Seed: <Seed>
RunSummary,MENU,Label for the total stats a player has over a run,远征报告,,Expedition Report
RunTime,MENU,Label for the time a player has taken in a run,总时长：<Time>,,Total Time: <Time>
RunWins,MENU,Label for the aggregate for how many times the player has beaten the game,通关次数：<Amount>,,Runs Won: <Amount>
Save and Quit,MENU,Button to save and quit the game,保存并退出,,Save and Quit
SavedUnit,MENU,Popup text for saving a unit,已返回商队,,Returned to Caravan
SaveLoadError,MENU,Telling the player their save file is corrupted,加载存档失败，文件已损坏。是否将错误日志发送给开发者以帮助修复该问题？,,Error loading corrupted save file. Would you like to send the error logs to the developers to help them fix the issue?
SecondaryHeroLabel,MENU,Main menu option for player to choose their team's secondary hero,次席,,Secondary
SecondaryPortraitLabel,MENU,Label for the run's second hero,次席：<CharName>,,Secondary: <CharName>
SeenDialogueDisable,MENU,Option to not let previously seen dialogue sequences play out at all,完全禁用,,Disable Entirely
SeenDialogueModal,MENU,Asking the player how they'd like to handle dialogue sequences they've already seen,你即将看到一段已经看过的对话。你希望正常播放、播放但不中断游戏，还是完全禁用？\n（你可以随时在设置中更改）,,"You're about to see a conversation you've already seen. Would you like to let it play out as normal, let it play out but not interrupt gameplay, or disable it entirely?\n(You can change this any time in the Settings)"
SeenDialogueNoInterrupt,MENU,Option to let previously seen dialogue sequences play out without interrupting,不中断,,Don't Interrupt
SeenDialogueNormal,MENU,Option to let previously seen dialogue sequences play out normally,正常播放,,Play Normally
SelectingHero,MENU,"Label for when selecting a hero, waiting for player input",选择中…,,Selecting...
Sell,MENU,Label in shops for the place to sell items,出售（<SaleAmount>%）,,Sell (<SaleAmount>%)
SellConfirmation,MENU,Shop asking the player if they're sure they want to sell something,以 <Value> 金币出售 <ItemName> 吗？,,Sell <ItemName> for <Value> Gold?
SendLogs,MENU,Button label for corrupted save file acceptance,发送日志,,Send Logs
SetStartingLevelLabel,MENU,Custom game setting to set starting level,设置起始等级,,Set Starting Level
Settings,MENU,Button to open settings menu,系统,,System
Shield,MENU,Weapon name for weapons you wield with a shield in the other hand,盾类武器,,Shield Weapon
Shield_SwapCombatant_PopUpText,MENU,Pop up text for shield bodyguard skill,已守护！,,Guarded!
ShopLabel,MENU,Label for the shop,商人货品,,Merchant's Wares
SiegeLeaders,MENU,Codex label for end-act and final bosses,攻城首领,,Siege Leaders
SimpleSkills,MENU,Label for the list of skills that do not take up skill slots (same as the skill rule),简易技能,,Simple Skills
Skill,MENU,"The name for a unit's set of available abilities, if they have only 1",技能,,Skill
SkillChoiceInstruction,MENU,Instruction for player to choose a skill for their unit after level-up,为<CharName>选择 1 个要学习的技能。,,Choose a Skill for <CharName> to learn.
SkillReplaceSuccess,MENU,Skill has been replaced,1、2，然后……变！,,"1, 2, and... Poof!"
SkillResource,MENU,Sentence explaining how much resources a skill costs to activate,使用此技能需要消耗 <Amount> 点<Resource>。,,This Skill costs <Amount> <Resource> to use.
Skills,MENU,The name for a unit's set of available abilities,技能,,Skills
Skillsets,MENU,Label for list of a unit's available skillsets,技能组,,Skill Sets
Skip,MENU,Choose not to do something,跳过,,Skip
SkipPhaseConfirmation,MENU,Confirmation for the player ending their turn permaturely,要跳过你本阶段剩余的行动吗？,,Skip the rest of your Phase?
SkipSceneConfirmation,MENU,Confirmation for the player skipping a story scene they haven't seen yet,要跳过此场景吗？你尚未以这种形式看过这段对话。,,Skip the scene? You have yet to see this conversation in this form.
SkipSkillConfirmation,MENU,Asking the player if they are sure they want to not select a skill for a unit,确定要跳过学习技能吗？,,Are you sure you want to skip learning a Skill?
SkirmishLeaders,MENU,Codex label for bosses of regular encounters,遭遇战首领,,Skirmish Leaders
SlotReplacement,MENU,"When a unit wants to learn a skill and their skill slots are full, they must replace a skill",技能栏已满，请选择 1 个要替换的技能。,,"Skill Slots are full, please choose a Skill to replace."
Sold,MENU,Pop-up text when selling items,已出售！,,Sold!
SortButton,MENU,Button that sorts on click,排序,,Sort
StackObjectivesGrammar,MENU,"Grammar for objective label that has the player do an amount of an action. e.g. ""Defeat enemies: (3/4)""",<Action>：（<CurrentAmount>/<TotalAmount>）,,<Action>: (<CurrentAmount>/<TotalAmount>)
StartingExpLabel,MENU,Label for the experience level a unit will start at,起始经验：,,Starting Exp:
StartingLevelLabel,MENU,Label for the level a unit will start at,起始等级：,,Starting Level:
StartingLevelLabel2,MENU,Label for starting level settings,起始等级,,Starting Level
StartingLevelSkillsLabel,MENU,Custom game config for gaining skills from starting levels,从起始等级获得随机技能,,Gain Random Skills From Starting Levels
StartingMap,MENU,Label for the starting map of a run,遭遇战,,Encounter
StartingParty,MENU,Label for the starting party of a run,起始队伍,,Starting Party
StartingRelicLabel,MENU,Label for the starting relic of a character,起始记忆：,,Starting Memory:
StartingSkillLabel,MENU,Label for the starting skill of a character,起始技能：,,Starting Skill:
StatGrid,MENU,Label for the stat grid of a unit,属性,,Stat
Stats,MENU,Label for window containing unit stats,属性,,Stats
StatusEffectsLabel,MENU,Label for the status effect menu of the codex,状态效果,,Status Effects
StatusMenuButton,MENU,Button that takes the player to the unit summary from the equipment menu,状态菜单,,Status Menu
SubClassBonusGrowth,MENU,Label for extra growth rates awarded by subclass,+成长,,+Growth
SubClassBonusLevel,MENU,Label for extra stats awarded by subclass,+等级,,+Level
Subclasses,MENU,Codex label for subclass items,副职业,,Subclasses
SubclassLabel,MENU,Label for a unit's subclass,副职业：<Subclass>,,Subclass: <Subclass>
SubclassPopUpText,MENU,Pop-up text for when a unit gains a sublcass,副职业：<Subclass>,,Subclass: <Subclass>
SupportBonusList,MENU,Label for a list of units that are relevant to a support skill,（支援单位：<UnitList>）,,(Supporting Units: <UnitList>)
SupportBonusNone,MENU,If no units on your team are relevant to the support skill,（你的队伍目前没有相关单位。）,,(Your team doesn't have any relevant Units currently.)
SupportStat,MENU,Pop up text for units that support another unit's stat. E.g. Support STR,支援<Stat>,,Support <Stat>
TargetObjectivesGrammar,MENU,"Grammar for objective label that has the player interact with a specific thing. e.g. ""Defeat the enemy leader: Captain Greg""",<Action>：<Target>,,<Action>: <Target>
TilesMoved,MENU,Label for the aggregate for how much the player's units have moved,移动格数：<Amount>,,Tiles Moved: <Amount>
TimesLeveledUp,MENU,Label for the aggregate for how many times the player's units have levelled up,提升等级：<Amount>,,Levels Gained: <Amount>
TotalAmount,MENU,Label for a total amount,总计：<Amount>,,Total: <Amount>
TotalKills,MENU,Label for all the units a player killed,已击败敌人,,Enemies Defeated
TotalObjectives,MENU,Label for the list of objectives a player has completed,已完成目标,,Objectives Accomplished
Trade,MENU,Action for 2 units to trade with one another,交易,,Trade
Transmute,MENU,Button that activates the transmutation process at the alchemist,转化,,Transmute
TriggeredStoryMoment,MENU,Notification for when the player hits a critical story moment,<CharName>的立场发生了变化,,<CharName>'s disposition has changed
Unarmed,MENU,Label for a weapon if a unit has none equipped,徒手,,Unarmed
UnclaimedRewards,MENU,Confiming if the player wants to pass on rewards,确定要放弃 <Item> 吗？,,Are you sure you want to pass on <Item>?
UndeployedUnits,MENU,Label for list of units that are not deployed on the map,未部署,,Undeployed
Unequip,MENU,Unequip the currently selected weapon,卸下,,Unequip
UniqueItemLabel,MENU,Label for the special starting item of a character,专属物品：,,Unique Item:
UnitPreviewInfo,MENU,Button to show a unit's summary,点击查看单位信息。,,Click to show Unit info.
Units,MENU,Button to show list of all units on the map,查看单位,,View Units
UnitsDeployed,MENU,The Number of units that the player is currently deploying on the field. The UI is to look like [Units: 1/5],单位：,,Units:
UnitsPermaKilled,MENU,Label for all the player units they let die,光荣的牺牲,,Honourable Sacrifices
UnitsRecruited,MENU,Label for all the units a player recruited,招募的幸存者,,Survivors Recruited
UnitsRemaining,MENU,The Number of units that the enemy has left on their team,剩余：<Amount>,,Remaining: <Amount>
Unknown,MENU,What the player sees if they have not unlocked something yet,？？？,,???
Unlock Chest,MENU,Action to open a locked chest,解锁宝箱,,Unlock Chest
Unlock Door,MENU,Action to open a locked door,解锁门,,Unlock Door
UnlockConditionsGrammar,MENU,Grammar for unlock conditions of a character,达成以下任一条件即可解锁：<Achievements>,,Unlock by achieving one of the following: <Achievements>
UnresolvedVariableLabel,MENU,"When a formula is written out generically, it uses this to fill in where a calculated value would be. E.g. Reduces DEF by X (MAG+DEX)",X,,X
UnspecifiedUserLabel,MENU,"When a status effect cares about it's user, but there is no user",使用者,,the User
Use,MENU,"Consume the currently selected consumable, e.g. drink a health potion",使用,,Use
View Map,MENU,Button to preview the map during preparation,查看地图,,View Map
Wait,MENU,Action to end the unit's turn,待命,,Wait
WeaponsLabel,MENU,Codex label for weapons,武器,,Weapons
WeaponStyleSkills,MENU,Codex label for skills from knowing how to use certain styles of weapon,武器类型技能,,Weapon Style Skills
WinLabel,MENU,Label for winning an encounter,胜利,,Victory
Wishlist,MENU,Button for wishlisting the game on steam,加入愿望单！,,Wishlist!
Yes,MENU,Confirmation accept,是,,Yes
BurrowWeakMountName,MOUNT,Name for a burrowing mount with low offense,沙蛇,,Sand Snake
Fly_Azha_MountName,MOUNT,Name for azha's flying mount,君主,,Monarch
FlyFeebleMountName,MOUNT,Name for a flying mount with low defenses,战蝇,,Battlefly
SwimBasicMountName,MOUNT,Name for a swimming mount,鱼,,Fish
WalkBasicMountName,MOUNT,Name for a walking mount,战马,,War Horse
WalkFeebleMountName,MOUNT,Name for a walking mount with low defenses,赛马,,Racehorse
WalkSlowMountName,MOUNT,Name for a walking mount with low speed,骑兵战马,,Cavalry Horse
Achieve:BurnShelf,OBJECTIVE,The objective for destroying bookshelves,烧毁书架,,Burn Bookshelves
Achieve:ComboAnd,OBJECTIVE,The objective text for completing all of a list of subtasks,完成以下全部任务：,,Complete each task:
Achieve:ComboOr,OBJECTIVE,The objective text for completing one item in a list of subtasks,完成以下任一任务：,,Complete one of the tasks:
Achieve:KillAllyTeamUnit,OBJECTIVE,The objective text for killing an ally team unit,玩家单位阵亡,,Player Unit Deaths
Achieve:KillEnemyBossUnit,OBJECTIVE,The objective text for killing a enemy team boss unit,击败首领,,Defeat the Leader
Achieve:KillEnemyTeamUnit,OBJECTIVE,The objective text for killing a enemy team unit,击败敌人,,Defeat Enemy
Achieve:KillEnvironmentTeamUnit,OBJECTIVE,The objective for destroying objects in the environment,破坏环境物体,,Environment Destruction
Achieve:KillOtherTeamUnit,OBJECTIVE,The objective for killing an unaligned unit,中立单位阵亡,,Unaligned Deaths
Achieve:NothingBurning,OBJECTIVE,The objective for extinguishing all fires,在一轮结束时使所有燃烧的格子熄灭,,Have all Burning Tiles extinguished at the End of a Round
Achieve:OpenChest,OBJECTIVE,The objective for opening a number of chests,打开宝箱,,Open Chests
Achieve:OpenDoor,OBJECTIVE,The objective for opening a number of doors,打开门,,Open Doors
Achieve:ProtectNpc,OBJECTIVE,The objective text for keeping an npc unit alive until the end of the map,保护平民,,Protect Civilian
Achieve:PullLever,OBJECTIVE,The objective for pulling a number of levers,拉动拉杆,,Pull Levers
Achieve:RecruitUnit,OBJECTIVE,The objective for recruiting a number of units,招募单位,,Recruit Units
Achieve:RoundLimitHit,OBJECTIVE,The objective text for reaching the round limit,达到轮数限制,,Reach the Round Limit
Achieve:SeizeTile,OBJECTIVE,Objective that is to seize a tile,抵达目的地,,Arrive at the Destination
Achieve:UnitDeath,OBJECTIVE,The objective text for killing any unit,击败,,Defeat
Achieve:WipeEnemyNpcTeam,OBJECTIVE,Objective that is to kill the entire enemy team,击溃敌方队伍,,Rout the Enemy Team
Achieve:WipeTeam,OBJECTIVE,The objective text for a team wipe objective,击溃,,Rout
Enemy Team,OBJECTIVE,Objective target that is the enemy team,敌方队伍,,the Enemy Team
GenerateLoot,OBJECTIVE,Triggered when the loot table pulls an item,掠夺宝藏,,Plunder Treasure
GraveyardMainObjective,OBJECTIVE,Override text for graveyard's main objective,<i>快撤往出口！</i>,,<i>Hurry to the Exit!</i>
GraveyardOptionalObjective,OBJECTIVE,Override text for graveyard's optional objective,沿途击败敌人,,Kill Enemies on the Way
Optional,OBJECTIVE,Used to describe if an objective is not required,（可选）,,(Optional)
PlaceholderHidden,OBJECTIVE,Objective that is just a placeholder,错误,,Error
Prevent:BurnShelf,OBJECTIVE,Objective for preventing the destruction of bookshelves,保护至少 <Modifier> 个书架，否则死亡,,Protect at least <Modifier> Bookshelves or die
Prevent:ComboAnd,OBJECTIVE,The objective text for preventing all of a list of subtasks,阻止以下全部结果：,,Prevent all outcomes:
Prevent:ComboOr,OBJECTIVE,The objective text for preventing one item in a list of subtasks,阻止以下任一结果：,,Prevent one of the outcomes:
Prevent:KillEnemyTeamUnit,OBJECTIVE,Objective for preventing an enemy unit from dying,保护,,Protect
Prevent:KillEnvironmentTeamUnit,OBJECTIVE,"Objective for preventing the destruction of an environmental object, like a tree or a door",保护,,Protect
Prevent:KillOtherTeamUnit,OBJECTIVE,Objective for preventing an unaligned unit from dying,保护,,Protect
Prevent:OpenDoor,OBJECTIVE,Objective for preventing the opening of a door,保持关闭,,Keep shut
Prevent:RoundLimitHit,OBJECTIVE,Objective for preventing hitting the round limit,在轮数限制前完成,,Finish before the round limit
Prevent:SeizeTile,OBJECTIVE,Objective for preventing a tile from being seized,不让其逃脱,,Don't escape
Prevent:StartArenaSpar,OBJECTIVE,Objective for starting a deathmatch in an arena,赢得生死斗,,Win a Deathmatch
Prevent:WipeTeam,OBJECTIVE,Objective for preventing a team from wiping,保护,,Protect
RebindKey EndPhase,REBINDING,Keybind,结束阶段,,End Phase
RebindKey Fight,REBINDING,Keybind,开始遭遇战,,Start Encounter
RebindKey GlobalDangerZone,REBINDING,Keybind,危险区域,,Danger Zone
RebindKey LockTooltip,REBINDING,keybind,锁定提示,,Lock Tooltip
RebindKey LockTooltipTutorial,REBINDING,keybind,锁定提示,,Lock Tooltip
RebindKey ManageEquipment,REBINDING,Keybind,商队,,Caravan
RebindKey NavigateDiscrete down,REBINDING,Keybind,向南移动,,Move South
RebindKey NavigateDiscrete left,REBINDING,Keybind,向西移动,,Move West
RebindKey NavigateDiscrete right,REBINDING,Keybind,向东移动,,Move East
RebindKey NavigateDiscrete up,REBINDING,Keybind,向北移动,,Move North
RebindKey NextUnit,REBINDING,Keybind,下一个单位,,Next Unit
RebindKey PanCamera down,REBINDING,Keybind,向南平移,,Pan South
RebindKey PanCamera left,REBINDING,Keybind,向西平移,,Pan West
RebindKey PanCamera right,REBINDING,Keybind,向东平移,,Pan East
RebindKey PanCamera up,REBINDING,Keybind,向北平移,,Pan North
RebindKey SpeedUp,REBINDING,Keybind,2 倍速,,2x Speed
RebindKey TriangleReminder,REBINDING,Keybind,三角面板,,Triangle Panel
RebindKey UnitList,REBINDING,Keybind,单位列表,,Unit List
RebindKey WorldMap,REBINDING,Keybind,世界地图,,World Map
TriangleReminder,REBINDING,Rebinding UI for the Triangle Reminder Button.,三角提示,,Triangle Reminder
UnitList,REBINDING,Rebinding UI for the Unit List button.,单位列表,,Unit List
Aniara_RelicDesc,RELIC,Description for aniara starting relic,对随机 1 名敌人施加 <Status>。\n（有人说，不弄破几根血管就难以成功。反正阿尼亚拉是这么说的。）,,"Apply <Status> to a random Foe.\n(Some say you can't find success without breaking a few blood vessels. Well, Aniara says that.)"
Aniara_RelicName,RELIC,Name for aniara starting relic,血之誓约,,Sanguine Oath
ApplyHpBuffToGreens_RelicDesc,RELIC,Description for a relic that applies an HP buff to unaligned units,对所有中立单位施加 <Status>。,,Apply <Status> to all Unaligned Units.
ApplyHpBuffToGreens_RelicName,RELIC,Name for a relic that applies an HP buff to unaligned units,强悍之友,,Formidable Friends
ApplyOneTimeInvulnToLeader_RelicDesc,RELIC,Description for a relic that prevents the leader from dying once,立即对你的队长施加 <Status>。,,Immediately apply <Status> to your Leader.
ApplyOneTimeInvulnToLeader_RelicName,RELIC,Name for a relic that prevents the leader from dying once,千钧一发,,Skin of Your Teeth
ApplyPowBuffToRandomUnit_RelicDesc,RELIC,Description for a relic that grants a power buff to a random unit at the start of a map,对随机 1 个单位施加 <Status>。,,Apply <Status> to a random Unit.
ApplyPowBuffToRandomUnit_RelicName,RELIC,Name for a relic that grants a power buff to a random unit at the start of a map,力量迸发,,Power Burst
ApplyPreventDamageEffectToTeam_RelicDesc,RELIC,Description for a relic that applies a buff that rarely prevents any damage,立即对你所有单位施加 <Status>。,,Immediately apply <Status> to all of your Units.
ApplyPreventDamageEffectToTeam_RelicName,RELIC,Name for a relic that applies a buff that rarely prevents any damage,侥幸,,Lucky Break
ApplyUpAvoIfUnequippedEffect_RelicDesc,RELIC,Description for a relic that applies a status effect that grants higher avoid if the unit has no equipped weapon,对你所有单位施加 <Status>。,,Apply <Status> to all of your Units.
ApplyUpAvoIfUnequippedEffect_RelicName,RELIC,Name for a relic that applies a status effect that grants higher avoid if the unit has no equipped weapon,卸下重负,,Unburden
Azha_RelicDesc,RELIC,Description for azha's starting relic,商店中的所有坐骑免费。\n（阿莎对动物的异常喜爱，早在踏上骑士之路之前就开始了。）,,All Mounts in Shops are Free.\n(Azha's inordinate fondness for animals started well before her journey into knighthood.)
Azha_RelicName,RELIC,Name for azha's starting relic,驯骑者,,Mount Tamer
BarrierWeaponStatIncreaseRelicDesc,RELIC,Description for a relic which increases a stat for all barrier weapons the player uses.,使用<WeaponType>时，你的单位额外获得 <Amount> 点魔抗。,,"When using a <WeaponType>, your Units gain an additional <Amount> RES."
BarrierWeaponStatIncreaseRelicName,RELIC,Name for a relic which increases a stat for all barrier weapons the player uses.,冥想,,Meditation
BetterChests_RelicDesc,RELIC,Description for ,提高宝箱与宝藏遭遇战中出现稀有与珍稀战利品的几率。\n（战利品会抽取两次，并取稀有度更高者。）,,Increase likelihood of Uncommon and Rare Loot in Chests and Treasure Encounters.\n(Loot is rolled twice and the higher Rarity Tier is chosen.)
BetterChests_RelicName,RELIC,Name for ,妙手空空,,Sticky Fingers
BetterDoubleHit_RelicDesc,RELIC,Description for a relic that improves the power on 'double' hits,在战斗中，若你的单位攻击超过 1 次，则第 1 次之后的攻击获得 <Amount> 点威力。,,"In a Fight, if your Unit Attacks more than once, Attacks after the first Attack gain <Amount> POW."
BetterDoubleHit_RelicName,RELIC,Name for a relic that improves the power on 'double' hits,再试必中,,Second Time's the Charm
BetterEvents_RelicDesc,RELIC,Description for a relic that improves fortune in random events,遭遇战之间的随机事件永远不会纯粹为负面。\n（星尘降临时，所有随机事件仍将为负面。）,,Random Events between Encounters will never be purely Negative.\n(All Random Events will still be Negative when the Stardust arrives.)
BetterEvents_RelicName,RELIC,Name for a relic that improves fortune in random events,好运,,Good Fortune
CetusRelicDesc,RELIC,Description for Cetus's starting relic,对你所有单位施加 <Status>。\n（老练的寻宝者总爱沐浴在自己辛劳的成果之中。）,,Apply <Status> to all of your Units.\n(Seasoned treasure hunters are wont to bask in the fruits of their labour.)
CetusRelicName,RELIC,Name for Cetus's starting relic,收藏家的战利品,,Collector's Bounty
DamageOnAllyDowned_RelicDesc,RELIC,Description for a relic that has player units damage adjacent enemies when they die,当友方单位倒下时，对所有相邻敌人造成 <Amount> 点伤害。,,"When an Ally Unit is Downed, deal <Amount> Damage to all adjacent Foes."
DamageOnAllyDowned_RelicName,RELIC,Name for a relic that has player units damage adjacent enemies when they die,致命一击,,Death Blow
DoubleCritDamageRelicDesc,RELIC,Description for a relic which doubles the damage a unit does upon critical hit,所有单位的暴击伤害倍率翻倍。,,Crit Damage multiplier is doubled for all Units.
DoubleCritDamageRelicName,RELIC,Name for a relic which doubles the damage a unit does upon critical hit,风险与回报,,Risk and Reward
DoubleSupportBonuses_RelicDesc,RELIC,Description for a relic that doubles the effectiveness of 'support' type skills,使支援技能的效果翻倍。,,Doubles the effectiveness of Support Skills.
DoubleSupportBonuses_RelicName,RELIC,Name for a relic that doubles the effectiveness of 'support' type skills,支援网络,,Support Network
DoubleTriangleBonusRelicDesc,RELIC,Description for a relic which doubles the hit and pow bonuses from weapon triangle advantage,你的单位从武器三角优势中获得的加成翻倍。,,Your Units double the bonuses from Weapon Triangle Advantage.
DoubleTriangleBonusRelicName,RELIC,Name for a relic which doubles the hit and pow bonuses from weapon triangle advantage,弱点利用,,Weaknesses Exploited
Draco_HeroRelicDesc,RELIC,Description for draco relic,获得 1 瓶随机属性交换药剂。此外，每当单位从战斗中获得经验时，该经验会随机分配到其所有属性上。\n（你若向 10 个人打听德拉科，会得到 11 种说法。）,,"Gain a random Stat-Swapping Elixir. Additionally, whenever a unit gains Experience from a Fight it is randomly distributed between all of their stats.\n(If you ask 10 people about Draco, you'll get 11 different descriptions.)"
Draco_HeroRelicName,RELIC,Name for draco relic,百变牌,,Wild Card
EnemiesCantCritRelicDesc,RELIC,Description for a relic which prevents enemies from getting crits,敌方单位无法造成暴击。,,Enemy Units are unable to land Critical Hits.
EnemiesCantCritRelicName,RELIC,Name for a relic which prevents enemies from getting crits,受教,,Mentored
EqualizeHitRate_RelicDesc,RELIC,Description for a relic that makes all hit chance an equal amount,所有命中率均为 <HitRate>%。,,All Hit Chance is <HitRate>%.
EqualizeHitRate_RelicName,RELIC,Name for a relic that makes all hit chance an equal amount,均等化,,Equalization
ExtraWeaponStyle_RelicDesc,RELIC,Description for a relic that grants a recruitable with an extra weapon style unlocked,所有可招募单位学习 1 种随机有效武器类型。,,All Recruitable Units learn a random valid Weapon Style.
ExtraWeaponStyle_RelicName,RELIC,Name for a relic that grants a recruitable with an extra weapon style unlocked,技艺娴熟的新兵,,Skilled Recruits
FamiliarWeaponStatIncreaseRelicDesc,RELIC,Description for a relic which increases a stat for all familiar weapons the player uses.,使用<WeaponType>时，你的单位额外获得 <Amount> 点闪避。,,"When using a <WeaponType>, your Units gain an additional <Amount> AVO."
FamiliarWeaponStatIncreaseRelicName,RELIC,Name for a relic which increases a stat for all familiar weapons the player uses.,驯兽术,,Animal Husbandry
FocusWeaponStatIncreaseRelicDesc,RELIC,Description for a relic which increases a stat for all focus weapons the player uses.,使用<WeaponType>时，你的单位额外获得 <Amount> 点暴击。,,"When using a <WeaponType>, your Units gain an additional <Amount> CRIT."
FocusWeaponStatIncreaseRelicName,RELIC,Name for a relic which increases a stat for all focus weapons the player uses.,万物之灵,,Anima Rei
FreeBooksUsesRelicDesc,RELIC,Description for a relic which sometimes reduces the amount of durability used by consumables,技能书与武器手册被消耗时有 <Chance>% 概率不消耗层数。,,<Chance>% chance for Skill Books and Weapon Manuals to not lose a stack when consumed.
FreeBooksUsesRelicName,RELIC,Name for a relic which sometimes reduces the amount of durability used by consumables,速读,,Speed Reader
FreeFoodUsesRelicDesc,RELIC,Description for a relic which sometimes reduces the amount of durability used by consumables,食物被消耗时有 <Chance>% 概率不消耗层数。,,<Chance>% chance for Food to not lose a stack when consumed.
FreeFoodUsesRelicName,RELIC,Name for a relic which sometimes reduces the amount of durability used by consumables,留存的残羹,,Saved Scraps
FreeKeysUsesRelicDesc,RELIC,Description for a relic which sometimes reduces the amount of durability used by consumables,钥匙被消耗时有 <Chance>% 概率不消耗层数。,,<Chance>% chance for Keys to not lose a stack when consumed.
FreeKeysUsesRelicName,RELIC,Name for a relic which sometimes reduces the amount of durability used by consumables,锁匠,,Locksmith
FreePotionsUsesRelicDesc,RELIC,Description for a relic which sometimes reduces the amount of durability used by consumables,药水被消耗时有 <Chance>% 概率不消耗层数。,,<Chance>% chance for Potions to not lose a stack when consumed.
FreePotionsUsesRelicName,RELIC,Name for a relic which sometimes reduces the amount of durability used by consumables,真正的份量,,The True Serving Size
FullHealOnLevelUp_RelicDesc,RELIC,Description for a relic that fully heals a unit on level-up,单位升级时将完全治愈。,,Units will be fully Healed upon Level Up.
FullHealOnLevelUp_RelicName,RELIC,Name for a relic that fully heals a unit on level-up,正念,,Mindfulness
GainGoldOnKill_RelicDesc,RELIC,Description for a relic which increases how much gold you get from items,每当你击败 1 个单位，获得 <Min> 至 <Max> 金币。,,"Whenever you defeat a Unit, gain <Min> to <Max> Gold."
GainGoldOnKill_RelicName,RELIC,Name for a relic which increases how much gold you get from items,零钱,,Pocket Change
HealOnAllyDowned_RelicDesc,RELIC,Description for a relic that heals the player's team when one of their units is defeated,当友方单位倒下时，为你所有单位恢复 <Amount> 点生命。,,"When an Ally Unit is Downed, heal all your Units for <Amount> HP."
HealOnAllyDowned_RelicName,RELIC,Name for a relic that heals the player's team when one of their units is defeated,殉道,,Martyrdom
HealTeamOnceRelicDesc,RELIC,Description for a relic which heals the team once each map,第 4 轮开始时，你所有单位恢复 4 点生命。,,All of your Units heal 4 HP at the start of Round 4.
HealTeamOnceRelicName,RELIC,Name for a relic which heals the team once each map,深谋,,Forethought
HeavyWeaponStatIncreaseRelicDesc,RELIC,Description for a relic which increases a stat for all heavy weapons the player uses.,使用<WeaponType>时，你的单位额外获得 <Amount> 点威力。,,"When using a <WeaponType>, your Units gain an additional <Amount> POW."
HeavyWeaponStatIncreaseRelicName,RELIC,Name for a relic which increases a stat for all heavy weapons the player uses.,握力训练,,Grip Strength Training
IncreaseAVOOnEnemyPhase_RelicDesc,RELIC,Description for a relic that increases a stat on enemy phase,你的单位在敌方阶段获得 <Amount>% 闪避。,,Your Units gain <Amount>% AVO during Enemy Phase.
IncreaseAVOOnEnemyPhase_RelicName,RELIC,Name for a relic that increases a stat on enemy phase,闪避韧性,,Evasive Resilience
IncreaseCritRateWithAdvantage_RelicDesc,RELIC,Description for a relic that increases critical hit rate if the unit has advantage,若友方单位拥有优势，其暴击提高 <Amount>%。,,Increase an Ally Unit's CRIT by <Amount>% if they have Advantage.
IncreaseCritRateWithAdvantage_RelicName,RELIC,Name for a relic that increases critical hit rate if the unit has advantage,伺机而动,,Opportunistic
IncreaseDEFOnEnemyPhase_RelicDesc,RELIC,Description for a relic that increases a stat on enemy phase,你的单位在敌方阶段获得 <Amount> 点防御。,,Your Units gain <Amount> DEF during Enemy Phase.
IncreaseDEFOnEnemyPhase_RelicName,RELIC,Name for a relic that increases a stat on enemy phase,壁垒韧性,,Bulwark Resilience
IncreaseHealing_RelicDesc,RELIC,Description for a relic that increases the healing units recieve,友方单位受到的治疗量提高 <Amount>%。,,Increase Healing of Ally Units by <Amount>%.
IncreaseHealing_RelicName,RELIC,Name for a relic that increases the healing units recieve,回春,,Rejuvenation
IncreaseHITOnPlayerPhaseRelic_RelicDesc,RELIC,Description for a relic that increases a stat on player phase,你的单位在玩家阶段获得 <Amount>% 命中。,,Your Units gain <Amount>% HIT during Player Phase.
IncreaseHITOnPlayerPhaseRelic_RelicName,RELIC,Name for a relic that increases a stat on player phase,专注凌驾,,Focus Ascendency
IncreaseHpButBerserkOnStardust_RelicDesc,RELIC,Description for a relic that increases team's HP but causes them to go berserk when the round limit is reached,你的单位永久获得 <Amount> 点生命，但星尘降临时会被施加 <Status>。,,"Your Units permanently gain <Amount> HP, but are inflicted with <Status> when the Stardust arrives."
IncreaseHpButBerserkOnStardust_RelicName,RELIC,Name for a relic that increases team's HP but causes them to go berserk when the round limit is reached,高悬之眼,,Eyes Above
IncreaseInventoriesRelicDesc,RELIC,Description for a relic which adds an inventory slot to player units,你的单位获得 1 个额外装备栏。,,Your Units gain an extra Equipment slot.
IncreaseInventoriesRelicName,RELIC,Name for a relic which adds an inventory slot to player units,行囊整理,,Pack Organization
IncreaseMAGOnPlayerPhase_RelicDesc,RELIC,Description for a relic that increases a stat on player phase,你的单位在玩家阶段获得 <Amount> 点魔力。,,Your Units gain <Amount> MAG during Player Phase.
IncreaseMAGOnPlayerPhase_RelicName,RELIC,Name for a relic that increases a stat on player phase,奥术凌驾,,Arcane Ascendency
IncreasePotionEffectStacks_RelicDesc,RELIC,Description for a relic that increases the effectiveness of potions,药水施加的状态效果层数 +1。\n（不会提高任何状态效果的最大层数。）,,Increase the number of Stacks of Status Effects applied by Potions by 1.\n(Does not increase Maximum Stacks of any Status Effect.)
IncreasePotionEffectStacks_RelicName,RELIC,Name for a relic that increases the effectiveness of potions,浓缩精华,,From Concentrate
IncreaseRESOnEnemyPhase_RelicDesc,RELIC,Description for a relic that increases a stat on enemy phase,你的单位在敌方阶段获得 <Amount> 点魔抗。,,Your Units gain <Amount> RES during Enemy Phase.
IncreaseRESOnEnemyPhase_RelicName,RELIC,Name for a relic that increases a stat on enemy phase,护佑韧性,,Warding Resilience
IncreaseRoundLimit_RelicDesc,RELIC,Description for relic that increases the round limit,在不以轮数限制作为目标的遭遇战中，轮数限制提高 <Amount>。,,Increase Round Limit by <Amount> on Encounters that don't depend on the Round Limit for an Objective.
IncreaseRoundLimit_RelicName,RELIC,Name for relic that increases the round limit,早起的鸟儿,,Early Bird
IncreaseShopSell_RelicDesc,RELIC,Description for a relic that changes the sell price of items at shops,物品在商店中以其金币价值的 <Amount>% 出售。,,Items sell for <Amount>% of their Gold Value in Shops.
IncreaseShopSell_RelicName,RELIC,Name for a relic that changes the sell price of items at shops,重商主义,,Mercantilist
IncreaseSTRGOnPlayerPhase_RelicDesc,RELIC,Description for a relic that increases a stat on player phase,你的单位在玩家阶段获得 <Amount> 点力量。,,Your Units gain <Amount> STR during Player Phase.
IncreaseSTRGOnPlayerPhase_RelicName,RELIC,Name for a relic that increases a stat on player phase,武勇凌驾,,Martial Ascendency
LeaderMovBuff_RelicDesc,RELIC,Description for a relic that gives the leader more movement speed depending on how many other units the player did NOT deploy,本场遭遇战剩余时间内，每有 1 个空的出生格，便对你的队长施加 1 层 <Status>。,,Apply <Status> to your Leader for each empty Spawn Tile for the rest of the Encounter.
LeaderMovBuff_RelicName,RELIC,Name for a relic that gives the leader more movement speed depending on how many other units the player did NOT deploy,自立,,Self-Reliance
LearnRandomWeaponStyle_RelicDesc,RELIC,Description for a relic that grants a random weapon type to all units when collected,你队伍中的所有单位立即学习 1 种随机武器类型。,,All Units in your Team immediately learn a random Weapon Style.
LearnRandomWeaponStyle_RelicName,RELIC,Name for a relic that grants a random weapon type to all units when collected,灵光一闪,,Moment of Inspiration
LightWeaponStatIncreaseRelicDesc,RELIC,Description for a relic which increases a stat for all light weapons the player uses.,使用<WeaponType>时，你的单位额外获得 <Amount> 点攻速。,,"When using a <WeaponType>, your Units gain an additional <Amount> ATS."
LightWeaponStatIncreaseRelicName,RELIC,Name for a relic which increases a stat for all light weapons the player uses.,技巧训练,,Finesse Training
LowestExpUnit_RelicDesc,RELIC,Description for a relic that grants experience to the lowest levelled unit,战斗遭遇战开始前，给予经验最低的单位 <Amount> 点经验。,,"Before the Start of a Combat Encounter, grant the Unit with the lowest Experience <Amount> Exp."
LowestExpUnit_RelicName,RELIC,Name for a relic that grants experience to the lowest levelled unit,奋起直追,,Catching Up
LowHealthAllyStatusRelicDesc,RELIC,Description for a relic which applies a buff to allies which are below an HP threshold,当你的单位生命在 <Threshold>% 及以下时，对其施加 <Status>。,,"While your Units are at or below <Threshold>% HP, apply <Status> to them."
LowHealthAllyStatusRelicName,RELIC,Name for a relic which applies a buff to allies which are below an HP threshold,绝境中的斗志,,Motivation in Desperation
LowHealthEnemyStatusRelicDesc,RELIC,Description for a relic which applies a debuff to enemies which are below an HP threshold,当敌方单位生命在 <Threshold>% 及以下时，对其施加 <Status>。,,"While Enemy Units are at or below <Threshold>% HP, inflict <Status> on them."
LowHealthEnemyStatusRelicName,RELIC,Name for a relic which applies a debuff to enemies which are below an HP threshold,注入恐惧,,Strike Fear
LyraRelicDesc,RELIC,Description for Lyra's starting relic,将 <Skill> 技能与 <Item> 授予随行民兵中的 1 人。\n（莱拉紧紧攥住她最后一丝王室依靠。）,,Grants the <Skill> Skill and <Item> to one of the accompanying Militia.\n(Lyra clings dearly to her last vestige of Royal support.)
LyraRelicName,RELIC,Name for Lyra's starting relic,贵族教养,,Noble Upbringing
MaiaRelicDesc,RELIC,Description for Maia's starting relic,当你的单位在 2 格以内没有敌人时激活技能，则对其施加 <Status>。\n（玛雅有些秘密，不愿让任何人目睹。想必你也有。）,,"Whenever one of your Units activates a skill while there are no Foes within 2 Tiles, apply <Status> to them.\n(Maia has secrets to which she would prefer no one bear witness. I'm sure you have some, too.)"
MaiaRelicName,RELIC,Name for Maia's starting relic,真实面目,,True Colours
OverHeal_RelicDesc,RELIC,Description for relic that gives a temporary HP buff when a unit is healed past their max health,单位每被治疗超过最大生命 1 点生命，便获得 1 层 <Status>。,,"For every point of HP a Unit is healed above their Max HP, gain 1 Stack of <Status>."
OverHeal_RelicName,RELIC,Name for relic that gives a temporary HP buff when a unit is healed past their max health,过量治疗,,Overheal
RandomSubclass_RelicDesc,RELIC,Description for a relic which gives recruitable units random subclasses,所有可招募单位获得 1 个随机副职业。,,All Recruitable Units gain a random Subclass.
RandomSubclass_RelicName,RELIC,Name for a relic which gives recruitable units random subclasses,知识之礼,,Gift of Knowledge
RangedWeaponStatIncreaseRelicDesc,RELIC,Description for a relic which increases a stat for all projectile weapons the player uses.,使用<WeaponType>时，你的单位额外获得 <Amount> 点射程。,,"When using a <WeaponType>, your Units gain an additional <Amount> RNG."
RangedWeaponStatIncreaseRelicName,RELIC,Name for a relic which increases a stat for all projectile weapons the player uses.,弓弦绷紧,,String Tightening
ReverseTriangle_RelicDesc,RELIC,Description for a relic that reverses the weapon triangle,武器三角与魔法三角反转。,,Weapon and Magic Triangles are Reversed.
ReverseTriangle_RelicName,RELIC,Name for a relic that reverses the weapon triangle,反转,,Reversed
RitualWeaponStatIncreaseRelicDesc,RELIC,Description for a relic which increases a stat for all ritual weapons the player uses.,使用<WeaponType>时，你的单位额外获得 <Amount> 点命中。,,"When using a <WeaponType>, your Units gain an additional <Amount> HIT."
RitualWeaponStatIncreaseRelicName,RELIC,Name for a relic which increases a stat for all ritual weapons the player uses.,晨间伸展,,Morning Stretches
SavedUnitsFullyHealed_RelicDesc,RELIC,Description for a relic that fully healed rescued units,单位被救援时会完全治愈。,,Units are fully healed when Saved.
SavedUnitsFullyHealed_RelicName,RELIC,Name for a relic that fully healed rescued units,康复,,Recuperation
ShieldWeaponStatIncreaseRelicDesc,RELIC,Description for a relic which increases a stat for all shield weapons the player uses.,使用<WeaponType>时，你的单位额外获得 <Amount> 点防御。,,"When using a <WeaponType>, your Units gain an additional <Amount> DEF."
ShieldWeaponStatIncreaseRelicName,RELIC,Name for a relic which increases a stat for all shield weapons the player uses.,盾牌硬化,,Shield Hardening
SkillBookFromLevelUp_Button,RELIC,Text for the button which can be clicked after leveling up to gain a skill book,……或者，你想改为获得 1 本技能书吗？,,...Or would you like a Skill Book instead?
SkillBookFromLevelUp_RelicDesc,RELIC,Description for a relic which lets you gain skill books while leveling up,单位升级时，可选择不学习技能，改为获得 1 本随机技能书。,,"When a Unit levels up, they can gain a random Skill Book instead of learning a Skill."
SkillBookFromLevelUp_RelicName,RELIC,Name for a relic which lets you gain skill books while leveling up,书虫,,Bookworm
SolRelicDesc,RELIC,Description for Sol's starting relic,当你的单位击败敌人时，对其施加 <Status>。\n（索尔的圣战欢迎众多战友，却只有一个敌人。）,,"Whenever one of your Units defeats a Foe, apply <Status> to them.\n(Sol's crusade is open to many comrades but only one enemy.)"
SolRelicName,RELIC,Name for Sol's starting relic,启示,,Revelation
VegaRelicDesc,RELIC,Description for Vega's starting relic,当你的单位在生命 <Threshold>% 及以下时被治疗，则对其施加 <Status>。\n（维加的同僚至今仍不确定，他的表现是源于渴望认同、骄傲，还是两者兼有。）,,"Whenever one of your Units is healed while at or below <Threshold>% HP, apply <Status> to them.\n(Vega's peers are still unsure if his performance is fueled by validation seeking, pride, or both.)"
VegaRelicName,RELIC,Name for Vega's starting relic,证明自己,,Proving Yourself
ActionsKeybinds,SETTINGS,Label for generic keybinds settings,操作,,Actions
AudioLabel,SETTINGS,Label for audio settings button,音频,,Audio
AutoCloseExpToggle,SETTINGS,Settings label for closing experience gain window automatically after a short delay,自动关闭经验窗口,,Automatically Close Exp Window
AutoSkipCombat,SETTINGS,Settings label for automatically skipping the animations when units fight,自动跳过战斗动画,,Automatically Skip Combat Animations
BindingsLabel,SETTINGS,Label for changing key bindings,按键绑定,,Input Bindings
BorderlessWindow,SETTINGS,Label for window mode,无边框窗口,,Borderless Window
CameraKebinds,SETTINGS,Keybinds for camera controls for the mouse and keyboard,镜头控制（键鼠）,,Camera Controls (M+KB)
ConfirmEncounterStartToggle,SETTINGS,Settings label for choosing to have a quick confirmation check when skipping your turn,开始遭遇战前确认,,Confirm before Starting Encounter
ConfirmPhaseSkipToggle,SETTINGS,Settings label for choosing to have a quick confirmation check when skipping your turn,结束阶段前确认,,Confirm before Ending Phase
CreditsLabel,SETTINGS,Label for credits button,致谢名单,,Credits
DataConsent,SETTINGS,Label for player consent to send analytical data,向开发者发送分析数据,,Send Analytics Data to Devs
DitheringToggle,SETTINGS,Settings label for Dithering effect,抖动,,Dithering
DragPanningToggle,SETTINGS,Toggle for letting the player pan the camera by clicking and dragging,按住拖拽移动镜头,,Click and Drag to Move Camera
EdgePanningToggle,SETTINGS,Toggle for letting the player pan the camera by moving their cursor to the edge of the screen,推移屏幕边缘移动镜头,,Push Screen Edge to Move Camera
EnableDialogue,SETTINGS,Settings label for enabling character dialogue,启用剧情,,Enable Story
Fullscreen,SETTINGS,Label for window mode,全屏,,Fullscreen
GameplayLabel,SETTINGS,Label for gameplay settings button,游戏性,,Gameplay
KeysPanningToggle,SETTINGS,Toggle for letting the player pan the camera with their keyboard,按键移动镜头,,Press Buttons to Move Camera
MusicVolume,SETTINGS,Label for music volume settings,音乐音量,,Music Volume
MuteDialogueToggle,SETTINGS,Toggle for muting dialogue beeps,静音对话提示音,,Mute Dialogue Bips
PixelationToggle,SETTINGS,Settings label for lowering the resolution,像素化,,Pixelation
ResetMetaprogression,SETTINGS,Label for button that deletes the player's save,重置进度,,Reset Progress
ResetSettingsDefault,SETTINGS,Label for button that resets the settings to their default values,重置默认,,Reset Default
ResetTutorials,SETTINGS,Label for button that turns back on tutorials that the player has already seen,重置教学,,Reset Tutorials
Resolution,SETTINGS,Label for screen resolution settings,分辨率,,Resolution
RunInBackgroundToggle,SETTINGS,Settings label for running the game in the background,后台运行,,Run in Background
ScanlinesToggle,SETTINGS,Settings label for scanline effect,扫描线,,Scan Lines
ScreenShake,SETTINGS,Label for screen/camera shake settings,画面震动,,Screen Shake
ScruntingLabel,SETTINGS,Settings label - transliterate scrunting,输入微颤,,Input Scrunting
SeenDialogueSetting,SETTINGS,Setting for how dialogue the player has already seen should behave,已看过的对话…,,Already Seen Dialogue...
SoundVolume,SETTINGS,Label for sound effect volume settings,音效音量,,SFX Volume
SpeedUpToggle,SETTINGS,Settings label for allowing the player to speed up the game by pressing the button to start and stop instead of holding it down,加速键为开关模式,,Speed-Up Button is Toggle
StoryAndProgressLabel,SETTINGS,Label for story and player progress settings button,剧情与进度,,Story and Progress
UnitOutlineToggle,SETTINGS,Settings label for a black outline around units,单位描边,,Unit Outline
VisualsLabel,SETTINGS,Label for visuals settings button,画面,,Visuals
Windowed,SETTINGS,Label for window mode,窗口化,,Windowed
WindowMode,SETTINGS,Label for window mode,窗口,,Window
Control,SKILLTAG,Tag for a skill with this attribute,群体控制,,Crowd Control
Debuff,SKILLTAG,Tag for a skill with this attribute,负面效果,,Debuff
ExtraActions,SKILLTAG,Tag for a skill with this attribute,额外行动,,Extra Actions
Healing,SKILLTAG,Tag for a skill with this attribute,治疗,,Healing
HeroOnly,SKILLTAG,Tag for a skill with this attribute,仅英雄,,Hero Only
InCombat,SKILLTAG,Tag for a skill with this attribute,战斗,,Combat
Item,SKILLTAG,Tag for a skill with this attribute,物品,,Item
LeaderOnly,SKILLTAG,Tag for a skill with this attribute,仅队长,,Leader Only
MilitiaOnly,SKILLTAG,Tag for a skill with this attribute,仅民兵,,Milita Only
Movement,SKILLTAG,Tag for a skill with this attribute,移动,,Movement
NoCombatDamage,SKILLTAG,Tag for a skill with this attribute,非战斗伤害,,Non-Combat Damage
Positioning,SKILLTAG,Tag for a skill with this attribute,站位,,Positioning
Proc,SKILLTAG,Tag for a skill with this attribute,触发概率,,Proc Chance
Protection,SKILLTAG,Tag for a skill with this attribute,防护,,Protection
Resources,SKILLTAG,Tag for a skill with this attribute,消耗资源,,Consumes Resources
SelfBuff,SKILLTAG,Tag for a skill with this attribute,增益,,Buff
SelfDamage,SKILLTAG,Tag for a skill with this attribute,自我伤害,,Self Damage
SelfDebuff,SKILLTAG,Tag for a skill with this attribute,自我负面,,Self Debuff
TeamBuff,SKILLTAG,Tag for a skill with this attribute,团队增益,,Team Buff
TerrainDestruction,SKILLTAG,Tag for a skill with this attribute,格子破坏,,Tile Destruction
TerrainEffect,SKILLTAG,Tag for a skill with this attribute,格子效果,,Tile Effect
TerrainManipulation,SKILLTAG,Tag for a skill with this attribute,格子改造,,Tile Manipulation
AttackSpeed,STATS,Stat label for attack speed of a unit,攻速,,ATS
Avoid,STATS,Stat label for stat determining the unit's ability to avoid incoming attacks,闪避,,AVO
BaseStat,STATS,Referring to the base states of a unit without buffs or debuffs,基础,,Base
CritRate,STATS,Stat label for the likelihood for a unit's attack to be a critical hit,暴击,,CRIT
CurrentExp,STATS,Referring to the amount of experience points a unit's stat has at the current moment,经验,,Exp
CurrentLevel,STATS,Label for the unit's current level,单位等级,,Unit Level
CurrentLevelExp,STATS,The unit's current progress in their current level,等级经验,,Level Exp
Damage,STATS,Stat label for the total damage a unit will do upon attacking,伤害,,DMG
Defense,STATS,Stat label for physical defense of a unit,防御,,DEF
Dexterity,STATS,Stat label for chance to hit and dodge,灵巧,,DEX
ExpGrowth,STATS,Referring to the growth metric for a unit's stat's experience points,成长,,Growth
HealthPoints,STATS,Stat label for maximum health points of a unit,生命,,HP
Hit,STATS,Stat label for the chance an attack will hit,命中,,HIT
HitChance,STATS,Stat for likelihood of attacks landing,命中,,HIT
HitRate,STATS,Stat label for the likelihood for a unit to successfully land an attack,命中,,HIT
HpGrowth,STATS,Referring to how many maximum health points a unit gains per level,每级生命成长,,HP Growth Per Level
Magic,STATS,Stat label for magical power of a unit,魔力,,MAG
Might,STATS,Description for attack power of a weapon,威力,,Power
MovementSpeed,STATS,Stat label for movement squares of a unit,移动,,MOV
Power,STATS,Description that explains that the unit's power is their total attack strength,威力,,POW
Resistance,STATS,Stat label for magical defense of a unit,魔抗,,RES
Speed,STATS,Stat label for attack speed of a unit,速度,,SPD
Strength,STATS,Stat label for physical strength power of a unit,力量,,STR
TotalRange,STATS,Stat label for a unit's range with their equipped weapon,射程,,RNG
TotalStat,STATS,Referring to the total stats of a unit after buffs and debuffs are applies,总计,,Total
UnitDataGrowth,STATS,Header for a chart that is the unit's stat growths,成长,,Growth
UnitDataLevel,STATS,Header for a chart that is the unit's base stats at level 1,初始等级,,1st Level
UnitDataStat,STATS,Header for a chart that is the unit's base stats,属性,,Stat
ActiveItem,TOOLTIP,Label for an active item effect,使用效果,,Use Effect
AlchemistNode,TOOLTIP,Description for the alchemist/transmuter encounter. This allows the player to mulch items to convert them to other items.,炼金术士：转化物品,,Alchemist: Transmute Items
AllFilter,TOOLTIP,Item filter that shows every item,所有物品,,All Items
AnyoneDamagedTrigger,TOOLTIP,If a skill is triggered after any unit is damaged,当任意单位受伤时触发,,Triggered when any Unit is Damaged
AnyoneMovementEndTrigger,TOOLTIP,If a skill is triggered at end of a unit's movement,当任意单位完成移动时触发,,Triggered when any Unit finishes moving
AnyoneTurnEndTrigger,TOOLTIP,If a skill is triggered at end of a unit's turn,当任意单位结束回合时触发,,Triggered when any Unit ends their turn
AnyTileTargetType,TOOLTIP,When an effect targets any tile,任意格子,,Any Tile
AoELabel,TOOLTIP,Grammar structure for the description of an area of effect. e.g. Radius of Effect or Cone of Effect,<AoEType>作用范围,,<AoEType> of Effect
AppliedStacks,TOOLTIP,the number of stacks of a status effect is applied by a skill or item,施加层数,,Applied Stacks
ArenaNode,TOOLTIP,Description for the arena encounter,竞技场：进行小型对决以获取奖励,,Arena: Fight a Small Duel for Rewards
AttackableTargetType,TOOLTIP,When an effect targets anything that could be attacked with a weapon,武器攻击,,Weapon Attack
AvailableSkillSet,TOOLTIP,Explaining to the player that the unit can learn these skills,<CharName>可以学习<SkillSet>技能。,,<CharName> can learn <SkillSet> Skills.
BlacklistedWeapon,TOOLTIP,Explaining to the player that this unit can't use a particular weapon type.,<CharName>无法学会持用此武器类型。,,<CharName> cannot learn to wield this Weapon Style.
Bookshelf,TOOLTIP,"Name of the ""bookshelf"" terrain type tile",书架,,Bookshelf
BookshelfBurning,TOOLTIP,"Name of the ""bookshelf"" terrain type tile",书架,,Bookshelf
BookshelfBurnt,TOOLTIP,"Name of the ""bookshelf"" terrain type tile",书架,,Bookshelf
BookshelfBurntLabel,TOOLTIP,Label for burnt bookshelf,烧毁的书架,,Burnt Bookshelf
BookshelfLabel,TOOLTIP,Label for bookshelf,书架,,Bookshelf
BookshelfTargetType,TOOLTIP,When an effect targets any tile,书架,,Bookshelf
Boss,TOOLTIP,Label for highest level enemy on the map,队长：遭遇战中最强的敌人，有时也是目标对象。,,"Leader: Strongest Enemy in the Encounter, sometimes an Objective Target."
Bridge,TOOLTIP,"Name of the ""bridge"" terrain type tile",桥,,Bridge
Building,TOOLTIP,"Name of the ""building"" terrain type tile - as in, there is a house on that tile",建筑,,Building
Bush,TOOLTIP,"Name of the ""Bush"" terrain type tile",灌木,,Bush
CashValue,TOOLTIP,Label for the money value of an item,金币价值,,Gold Value
Cliff,TOOLTIP,"Name of the ""cliff"" terrain type tile",悬崖,,Cliff
Column,TOOLTIP,Label for AoE that is a vertical line,直线,,Line
Common,TOOLTIP,Rarity label for most common,普通,,Common
Cone,TOOLTIP,Label for AoE that is a cone shape,锥形,,Cone
ConstantTrigger,TOOLTIP,If a relic is triggered constantly,持续被动,,Constant Passive
Consumable,TOOLTIP,Label for a consumable item effect,使用效果,,Use Effect
ConsumableFilter,TOOLTIP,Item filter that shows only consumables,治疗物品,,Healing Items
Cooldown,TOOLTIP,Label for skills that have a recharge period,冷却,,Cooldown
Crater,TOOLTIP,"Name of the ""Crater"" terrain type tile",环形坑,,Crater
CritAttackTrigger,TOOLTIP,If a skill is triggered after an attack crits,当此单位造成暴击时触发,,Triggered when this Unit lands a Critical Hit
DamagedByAttackTrigger,TOOLTIP,If a skill is triggered after taking damage from an attack,当此单位受到攻击伤害时触发,,Triggered when this Unit takes damage from an Attack
Deathmatch,TOOLTIP,"The type of arena match where your units can die, but the rewards are greater",以死相搏，赢取荣耀奖赏,,Fight to the death for glorious rewards
DecreaseEachMap,TOOLTIP,If a status effect decreases its stack count each map,每场遭遇战层数减少 1。,,Stacks decrease by 1 each Encounter.
DecreaseEachRound,TOOLTIP,If a status effect decreases its stack count each round,每轮层数减少 1。,,Stacks decrease by 1 each Round.
DeepWater,TOOLTIP,"Name of the ""deep water"" terrain type tile",深水,,Deep Water
DifficultyModifiers,TOOLTIP,Label for the list of modifiers for the selected difficulty,难度,,Difficulty
DifficultySource,TOOLTIP,Source name for when a stat is modified by the selected difficulty,难度,,Difficulty
DifficultyTooltip,TOOLTIP,Describing to the player that they can unlock further difficulties by clearing previous ones.,完成上一档的最高难度即可解锁下一档难度。,,Unlock a difficulty tier by completing the highest difficulty of the previous tier.
DiscordButton,TOOLTIP,Button to join discord,加入 Discord,,Join the Discord
DoesNotStack,TOOLTIP,If a status effect can't stack,无法叠加。,,Cannot stack.
DoubleEachRound,TOOLTIP,If a status effect doubles its stack count each round,每轮层数翻倍。,,Stacks double each Round.
EasyCombat,TOOLTIP,Name for the gameplay event that is an easy enemy encounter,小规模冲突,,Skirmish
Elite,TOOLTIP,Name for a particularly difficult gameplay event that is a difficult enemy encounter,战斗,,Battle
EliteNode,TOOLTIP,Description for the elite combat event,战斗：与强敌的遭遇战,,Battle: Combat Encounter against a Strong Foe
EmptyTileTargetType,TOOLTIP,When an effect targets an empty tile,空格,,Empty Tile
EnemyPhaseStartTrigger,TOOLTIP,If a skill is triggered at enemy phase start,在敌方阶段开始时触发,,Triggered at the start of the Enemy's Phase
Event,TOOLTIP,Name for the gameplay event that is a randomly occuring event that has rewards and negatives,新记忆,,New Memory
EventHealthChange,TOOLTIP,telling the player that choices in events can't kill units,受影响的单位生命不会降至 1 以下,,Affected Units can't fall below 1 HP
FailedRollsTrigger,TOOLTIP,If a skill is triggered after failing at rolls in a fight,此单位在战斗中每次判定失败时触发（攻击未命中、被攻击命中或受到暴击）,,"Triggered each time this Unit fails a Roll during a Fight (misses an Attack, hit by an Attack, or gets CRIT)"
Finale,TOOLTIP,Name for the gameplay event that is the final boss of an act,攻城战,,Siege
FinaleNode,TOOLTIP,Description for the act boss combat event,攻城战：一幕中的最终遭遇战,,Siege: Final Combat Encounter in an Act
Floor,TOOLTIP,"Name of the ""floor"" terrain type tile",地面,,Floor
Forcefield,TOOLTIP,"Name of the ""Forcefield"" terrain type tile, which blocks units from moving through",力场,,Forcefield
ForcefieldSwitch,TOOLTIP,"Name of the ""ForcefieldSwitch"" terrain type tile, which allows units to turn off forcefields",力场发生器,,Forefield Emanator
Forest,TOOLTIP,"Name of the ""forest"" terrain type tile",森林,,Forest
Fort,TOOLTIP,"Name of the ""fort"" terrain type tile",堡垒,,Fort
FreeConsumable,TOOLTIP,Pop up text for the free consumable relic being activated,省下一个！,,Saved One!
FullWallLabel,TOOLTIP,Name of the terrain tile type that no units can pass through,不可通行,,Impassable
GameConfirmTooltip,TOOLTIP,Confirming if the player is ready to play with their new game selection,准备好了吗？,,Ready?
HalfWallLabel,TOOLTIP,Name of the terrain tile type that units can't walk through but flyers can fly over,受阻,,Obstructed
HalveEachRound,TOOLTIP,If a status effect halves its stack count each round,每轮层数减半。,,Stacks halve each Round.
HeldItem,TOOLTIP,Label for a held item effect,被动,,Passive
Hero,TOOLTIP,Rarity label for hero stuff,英雄,,Hero
Hill,TOOLTIP,"Name of the ""Hill"" terrain type tile",丘陵,,Hill
HitAttackTrigger,TOOLTIP,If a skill is triggered after an attack hits,当此单位攻击命中时触发,,Triggered when this Unit hits with an Attack
IncreaseEachRound,TOOLTIP,If a status effect increases its stack count each round,每轮层数增加 1。,,Stacks increase by 1 each Round.
IndoorWall,TOOLTIP,"Name of the terrain type tile that is a wall indoors, so it has a roof above it and cannot let flying or climbing units through",墙,,Wall
ItemBecameLootable,TOOLTIP,The popup text for when an item becomes lootable,<Item>可被掉落！,,<Item> is Lootable!
ItemDurability,TOOLTIP,Number of uses an item has before being discarded,使用次数,,Uses
ItemEffect,TOOLTIP,Label for a held item effect,被动效果,,Passive Effect
ItemLabelGrammar,TOOLTIP,"Order of adjectives to describe non-weapon items e.g. ""Rare Consumable"" or ""Lyra Item"". Change the order to suit grammatical rules of the language.",<Rarity><Unit><Item>,,<Rarity> <Unit> <Item>
ItemTargetType,TOOLTIP,When an effect targets an item in a unit's inventory,物品,,Item
LeaderTooltip,TOOLTIP,Describing to the player that team leaders affect the starting relic and militia,选择你队伍的队长。\n队长决定你的起始队伍，并自带 1 个技能与 1 段专属记忆。,,Choose your team's leader.\nLeaders determine your starting party and start with a skill and a unique Memory.
LockedChestLabel,TOOLTIP,Label for locked chest,上锁的宝箱\n（需要钥匙）,,Locked Chest\n(Requires Key)
LockedDifficultyModifier,TOOLTIP,Description for the difficulty modifier of a locked difficulty level,+ ？？？,,+ ???
LockedDoorLabel,TOOLTIP,Label for locked door,上锁的门\n（需要钥匙）,,Locked Door\n(Requires Key)
LockedTargetType,TOOLTIP,When an effect targets any locked objects like chests or doors,上锁物体,,Locked Object
Lv,TOOLTIP,Abbreviation for unit level in tooltips,等级,,Lv
MagicShopNode,TOOLTIP,Description for the magic shop encounter,工坊：购买魔法武器与飞行坐骑,,Atelier: Buy Magic Weapons and Flying Mounts
MagicWeapon,TOOLTIP,If a weapon is based on magic,以单位魔力计算,,Utilizes Unit's MAG
MailingListButton,TOOLTIP,Button to join mailing list,加入邮件列表,,Join Mailing List
MainMenuTooltip,TOOLTIP,Prompting the player to select an option at the beginning of the game,你想做什么？,,What would you like to do?
MasteryRequirement,TOOLTIP,How much DEX is required to use the weapon skill,所需灵巧：,,Required DEX:
MaxUnitLevel,TOOLTIP,Replaces the unit level number in tooltips once max unit level is reached,最高等级,,Max Level
MeDefeatedTrigger,TOOLTIP,If a skill is triggered when a unit is downed,当此单位被击败时触发,,Triggered when this Unit is Defeated
MeGainingXpTrigger,TOOLTIP,If a skill is triggered after gaining experience,当此单位获得经验时触发,,Triggered when this Unit gains Experience
MeHealedTrigger,TOOLTIP,If a skill is triggered when a unit is healed,当此单位被治疗时触发,,Triggered when this Unit is Healed
MeLevelingUpTrigger,TOOLTIP,If a skill is triggered after leveling up,当此单位提升等级时触发,,Triggered when this Unit gains a Level
MeUsingAConsumableTrigger,TOOLTIP,If a skill is triggered after using a consumable,当此单位使用消耗品时触发,,Triggered when this Unit uses a Consumable
MiscFilter,TOOLTIP,Item filter that shows other items,其他,,Misc.
Miss,TOOLTIP,Words that pop up if the unit misses in combat,未命中！,,Miss!
MissAttackTrigger,TOOLTIP,If a skill is triggered after an attack misses,当此单位攻击未命中时触发,,Triggered when this Unit misses with an Attack
Mount,TOOLTIP,Label for animal the units ride,坐骑,,Mount
Mountain,TOOLTIP,"Name of the ""Mountain"" terrain type tile",山地,,Mountain
Mounted,TOOLTIP,Name for a unit who is riding a mount,骑乘,,Mounted
MountFilter,TOOLTIP,Item filter that shows only Mounts,坐骑,,Mounts
MoveCost,TOOLTIP,Explanation for movement cost,单位通过 1 个格子所需消耗的移动力。,,The amount of Movement Speed a tile takes for a Unit to move through.
MovementCost,TOOLTIP,Label for the amount of movement cost a tile has,移动消耗：,,Move Cost:
MyCombatEndTrigger,TOOLTIP,If a skill is triggered at combat end,战斗结束时触发,,Triggered at the end of a Fight
MyCombatStartTrigger,TOOLTIP,If a skill is triggered at combat start,战斗开始时触发,,Triggered at the start of a Fight
MyPhaseEndTrigger,TOOLTIP,If a skill is triggered at phase end,在此单位的阶段结束时触发,,Triggered at the end of this Unit's Phase
MyPhaseStartTrigger,TOOLTIP,If a skill is triggered at phase start,在此单位的阶段开始时触发,,Triggered at the start of this Unit's Phase
MyPreCombatTrigger,TOOLTIP,If a skill is triggered before combat start,战斗开始前触发,,Triggered before the start of a Fight
MyTurnEndTrigger,TOOLTIP,If a skill is triggered at turn end,在此单位的回合结束时触发,,Triggered at the end of this Unit's Turn
NoModifiers,TOOLTIP,Explainer that something has no modifiers,无特殊效果,,Nothing Special
NormalCombat,TOOLTIP,"Name for the gameplay event that is a normal enemy encounter, this happens most often of all gameplay events",小规模冲突,,Skirmish
NormalCombatNode,TOOLTIP,Description for the normal combat event,小规模冲突：常规遭遇战,,Skirmish: Regular Combat Encounter
NormalDifficultyModifier,TOOLTIP,Description for the difficulty modifier of normal difficulty,无难度修正,,No Difficulty Modifiers
NoSlots,TOOLTIP,Warning to let the player know they can't learn a skill since the unit has no skill slots,此技能占用 1 个技能栏：此单位没有空闲技能栏！,,This Skill takes up a Skill Slot: This Unit doesn't have any Skill Slots!
NothingHappens,TOOLTIP,Label for a button that will proceed without getting anything,什么也不会发生。,,Nothing happens.
NothingTerrain,TOOLTIP,Terrain with no effects or modifiers,无特殊效果,,Nothing Special
NoWeaponAbility,TOOLTIP,Letting the player know the current weapon has no skill assigned to it,无武器技能,,No Weapon Skill
ObjectiveTerrain,TOOLTIP,The location of an encounter objective,目标地点：此处有 1 个目标,,Objective Location: An Objective is located here
OnAcquiredTrigger,TOOLTIP,If a relic is triggered when acquired,获得此记忆时触发,,Triggered when this Memory is acquired
OnActivateTrigger,TOOLTIP,If a relic is triggered manually from the action menu,使用此记忆的行动时触发,,Triggered when this Memory's Action is used
OnApplicationTrigger,TOOLTIP,If a skill is triggered right after it is applied,施加此状态时触发,,Triggered when this Status is applied
OnceRule,TOOLTIP,Description for Once skills,临时：此技能每场遭遇战只能使用 1 次。,,Ephemeral: This Skill can only be used once per Encounter.
OnConsumableUsedTrigger,TOOLTIP,If a relic is triggered when any unit uses a consumable items,使用消耗品时触发,,Triggered when a Consumable is used
OnDamageTakenTrigger,TOOLTIP,If a relic is triggered when a unit takes damage,单位受伤时触发,,Triggered when a Unit is Damaged
OnEndOfFightTrigger,TOOLTIP,If a relic is triggered at the end of combat,战斗结束时触发,,Triggered at the end of a Fight
OnEndOfPhaseTrigger,TOOLTIP,If a relic is triggered at the end of a team's phase,玩家阶段结束时触发,,Triggered at the end of the Player Phase
OnEndOfTurnTrigger,TOOLTIP,If a relic is triggered at the end of a unit's turn,玩家单位回合结束时触发,,Triggered at the end of a Player Unit's Turn
OnExtinguishTrigger,TOOLTIP,If a skill is triggered right after it is removed,移除此状态时触发,,Triggered when this Status is relinquished
OnHealTrigger,TOOLTIP,If a relic is triggered when a unit is healed,单位被治疗时触发,,Triggered when a Unit is Healed
OnJoinPlayerTeamTrigger,TOOLTIP,If a relic is triggered when a unit is recruited,单位被招募时触发,,Triggered when a Unit is Recruited
OnlyManualChanges,TOOLTIP,If a status effect's stack count only changes on player's actions,可叠加。,,Can stack.
OnOverWorldMovementTrigger,TOOLTIP,If a relic is triggered when moving to a new node on the overworld,移动到新章节时触发,,Triggered by moving to a new Chapter
OnRecruitableSpawnTrigger,TOOLTIP,If a relic is triggered when a recruitable unit is spawned into a map,施加于可招募的民兵单位,,Applied to Recruitable Militia Units
OnRoundLimitTrigger,TOOLTIP,If a skill is triggered at the round limit,达到轮数限制时触发,,Triggered upon reaching the Round Limit
OnSkillUsedTrigger,TOOLTIP,If a relic is triggered when any unit uses an active skill,技能被激活时触发,,Triggered when a Skill is activated
OnStartOfFightTrigger,TOOLTIP,If a relic is triggered at the start of combat,战斗开始时触发,,Triggered at the start of a Fight
OnStartOfMapTrigger,TOOLTIP,If a relic is triggered at the first round of an encounter,遭遇战开始时触发,,Triggered at the start of an Encounter
OnStartOfPhaseTrigger,TOOLTIP,If a relic is triggered at the start of a phase,玩家阶段开始时触发,,Triggered at the start of the Player Phase
OnUnitDefeatedTrigger,TOOLTIP,If a relic is triggered when a unit takes damage,单位被击败时触发,,Triggered when a Unit is Defeated
OnUnitDiedTrigger,TOOLTIP,If a relic is triggered when any unit dies,单位倒下时触发,,Triggered when a Unit is Downed
OpenableTargetType,TOOLTIP,When an effect targets any openable objects like chests or doors,物体,,Object
OtherTrigger,TOOLTIP,If a skill is triggered manually,手动施放,,Cast manually
PhysicalShopNode,TOOLTIP,Description for the blacksmith encounter,铁匠铺：购买物理武器与陆地坐骑,,Blacksmith: Buy Physical Weapons and Land Mounts
PhysicalWeapon,TOOLTIP,If a weapon is based on strength,以单位力量计算,,Utilizes Unit's STR
Plains,TOOLTIP,"Name of the ""plains"" terrain type tile",平原,,Plains
PoisonBush,TOOLTIP,Name of the terrain type tile that poisons units,毒灌木,,Poison Bush
ProfoundRule,TOOLTIP,Description for Profound skills,淬炼：单位可多次学习此技能。,,Honed: A Unit can learn this Skill more than once.
ProgressionFilter,TOOLTIP,Item filter that shows only progression items,成长物品,,Progression Items
QuickRule,TOOLTIP,Description for quick skills,快捷：施放此技能不会结束该单位的回合。,,Quick: Casting this Skill does not end the Unit's Turn.
Radius,TOOLTIP,Label for AoE that is a radius,区域,,Area
RandomNode,TOOLTIP,Description for a random event,？？？,,???
Range,TOOLTIP,Description that explains that a weapon's range is how many tiles away it can reach,射程,,Range
Rare,TOOLTIP,Rarity label for least common,珍稀,,Rare
Recruitable,TOOLTIP,Label for a recruitable unit,可招募：此单位可加入你的队伍。,,Recruitable: This Unit can join your Team.
Recruited,TOOLTIP,Pop-up text when a unit is recruited ,已招募！,,Recruited!
RedditButton,TOOLTIP,Button to subreddit,加入 Subreddit,,Join the Subreddit
ReinforcementWarning,TOOLTIP,Label for grid tile where an enemy reinforcement will be arriving,增援\n途中,,Reinforcement\nEnroute
Relic,TOOLTIP,Label for relic effects,记忆效果,,Memory Effect
Rest,TOOLTIP,Name for the gameplay event where the player party rests and heals,篝火,,Campfire
RestNode,TOOLTIP,Description for the rest event,篝火：恢复生命并制作食物,,Campfire: Regain Health and Make Food
Road,TOOLTIP,"Name of the ""road"" terrain type tile",道路,,Road
Rock,TOOLTIP,"Name of the ""rock"" terrain type tile",岩石,,Rock
Row,TOOLTIP,Label for AoE that is a horizontal line,直线,,Line
Ruins,TOOLTIP,"Name of the ""Ruins"" terrain type tile",瓦砾,,Rubble
Sand,TOOLTIP,"Name of the ""Sand"" terrain type tile",沙地,,Sand
SecondaryHeroTooltip,TOOLTIP,"Describing to the player that they are immediately recruiting a hero unit on their team, but this unit does not do the special things leader units can do.",选择 1 名英雄与你同行。\n他们不会改变起始记忆或民兵。,,Choose a hero to accompany you.\nThey will not change the starting Memory or militia.
SeizeTileLabel,TOOLTIP,Explanation for a tile which can be seized as an objective,抵达！,,Arrive!
SelfTargetType,TOOLTIP,When an effect targets the caster unit,自身,,Self
SentToConvoy,TOOLTIP,Telling player an item was sent to the convoy,已将 <Item> 送往商队,,Sent <Item> to Caravan
Shop,TOOLTIP,Name for the gameplay event where the player can purchase items at a shop,商人,,Merchant
SkillLabelGrammar,TOOLTIP,"Order of adjectives to describe a skill e.g. ""Common Warrior Skill"" or ""Battlemage Skill"". Change the order to suit grammatical rules of the language.",<Rarity><SkillSet><Skill>,,<Rarity> <SkillSet> <Skill>
SkipVignette,TOOLTIP,Button that skips the current scene,跳过场景,,Skip Scene
Sky,TOOLTIP,"Name of the ""sky"" terrain type tile",裂隙,,Fissure
SlotlessRule,TOOLTIP,Description for Slotless skills,简易：此技能不占用技能栏。,,Simple: This Skill does not take up a Skill slot.
SlotsFull,TOOLTIP,Warning to let the player know a skill will need to be deleted since their slots are full,此技能占用 1 个技能栏：学习它需要遗忘 1 个已装配的技能！,,This Skill takes up a Skill Slot: Learning this will require you to Forget a currently Slotted Skill!
SlottedRule,TOOLTIP,Description for non-slotless skills,此技能占用 1 个技能栏。,,This Skill takes up a Skill slot.
SlowRule,TOOLTIP,Description for Slow skills,迟缓：此技能一经学会便进入冷却。,,Slow: This Skill starts on cooldown as soon as it's learned.
Spar,TOOLTIP,The type of arena match where your units don't die,非致命切磋，可获得一些战利品,,Non-lethal sparring match for some loot
Special,TOOLTIP,Rarity label for special things,特殊,,Special
StackGrammarPlural,TOOLTIP,"Used to describe multiple stacks of an effect being applied e.g. The <Status> in ""Apply <Status> to a unit."" gets replaced by ""3 stacks of Accurate"" to result in ""Apply 3 stacks of Accurate to a unit"".",<Amount> 层<Effect>,,<Amount> stacks of <Effect>
StackGrammarSingular,TOOLTIP,"Used to describe one stack of an effect being applied e.g. The <Status> in ""Apply <Status> to a unit."" gets replaced by ""1 stack of Accurate"" to result in ""Apply 1 stack of Accurate to a unit"".",1 层<Effect>,,1 stack of <Effect>
Stacks,TOOLTIP,Label for the amount of copies of a status effect a unit has on them,层数,,Stacks
Stairs,TOOLTIP,"Name of the ""Stairs"" terrain type tile",阶梯,,Stairs
StatusEffect,TOOLTIP,Label for status effects,状态效果,,Status Effect
Support,TOOLTIP,Label for skills that offer support to other units on your team,支援,,Support
SurveyButton,TOOLTIP,Button to complete the survey,提供反馈,,Give Some Feedback
SussessfulRollsTrigger,TOOLTIP,If a skill is triggered after succeeding at rolls in a fight,此单位在战斗中每次判定成功时触发（躲开攻击、命中攻击或造成暴击）,,"Triggered each time this Unit succeeds a Roll during a Fight (Missed by an Attack, hits an Attack, or lands a CRIT)"
Target,TOOLTIP,Label for the target of an effect,目标,,Target
Teleporter,TOOLTIP,"Name of the ""Teleporter"" terrain type tile",传送点,,Teleporter
TeleporterB,TOOLTIP,Name of the blue teleporter,蓝色传送点,,Blue Teleporter
TeleporterG,TOOLTIP,Name of the green teleporter,绿色传送点,,Green Teleporter
TeleporterR,TOOLTIP,Name of the red teleporter,红色传送点,,Red Teleporter
TimeExplainer,TOOLTIP,Explaining that time is measured in rounds,冷却时间以轮为单位计算。,,Cooldown times are measured in Rounds.
TrainerNode,TOOLTIP,Description for the trainer encounter,训练师：购买副职业与属性变更物品,,Trainer: Buy Subclasses and Stat-Changing Items
Treasure,TOOLTIP,Name for the gameplay event where the player finds loot,宝藏,,Treasure
TreasureNode,TOOLTIP,Description for the treasure encounter,宝藏：从宝箱中掠夺战利品,,Treasure: Plunder Loot from a Chest
TwitterButton,TOOLTIP,Button to twitter account,关注 Twitter,,Follow the Twitter
Uncommon,TOOLTIP,Rarity label for middle rarity,稀有,,Uncommon
Unequipped,TOOLTIP,Label that shows that the unit has 1 more item in their inventory,其他,,Other
UnequippedPlural,TOOLTIP,Label that shows that the unit has more items in their inventory,其他,,Others
UnitDamagedByMeTrigger,TOOLTIP,If a skill is triggered when a combatant is damaged,在战斗中伤害单位时触发,,Triggered upon Damaging a Unit in a Fight
UnitDamagedMeTrigger,TOOLTIP,If a skill is triggered when a combatant is damaged,当攻击对此单位造成伤害时触发,,Triggered when an Attack damages this Unit
UnitDefeatedByMeTrigger,TOOLTIP,If a skill is triggered when a combatant is defeated,在战斗中击败单位时触发,,Triggered upon Defeating a Unit in a Fight
UnitExceptSelfTargetType,TOOLTIP,When an effect targets a unit,单位,,Unit
UnitLoot,TOOLTIP,Label for the loot a unit collected from battle,战利品：,,Loot:
UnitMissedMeTrigger,TOOLTIP,If a skill is triggered when an attack misses a combatant,当攻击未命中此单位时触发,,Triggered when an Attack misses this Unit
UnitRestriction,TOOLTIP,"If a weapon is exclusive to a unit e.g. ""Vega Only""",仅<UnitName>,,<UnitName> Only
UnitTargetType,TOOLTIP,When an effect targets a unit,单位,,Unit
UnlockedChestLabel,TOOLTIP,Label for unlocked chest,宝箱,,Chest
UnlockedDoorLabel,TOOLTIP,Label for unlocked door,门,,Door
Unsuccessful,TOOLTIP,If something did not work,不行！,,Nope!
UnusableWeapon,TOOLTIP,"Explaining to the player that this unit can't use a particular weapon type, but might be able to in the future if unlocked",<CharName>可以学会持用此武器类型。,,<CharName> can learn to wield this Weapon Style.
UsableWeapon,TOOLTIP,Explaining to the player that this unit can use a weapon type.,<CharName>可以持用此武器类型。,,<CharName> can wield this Weapon Style.
VIP,TOOLTIP,Description for important non-enemy NPCs,受保护者：极为重要的中立单位，若在遭遇战结束时存活，通常会给出一份不错的报酬。,,Protectee: Very important Unaligned Unit who will most likely offer a nice reward if alive at the end of an Encounter.
Void,TOOLTIP,"Name of the ""void"" terrain type tile",无法进入,,Inaccessible
Wall,TOOLTIP,"Name of the ""wall"" terrain type tile",墙,,Wall
Water,TOOLTIP,"Name of the ""water"" terrain type tile",水域,,Water
Weapon,TOOLTIP,Label for weapon,武器,,Weapon
WeaponEffect,TOOLTIP,Label for a special weapon skill,武器技能,,Weapon Skill
WeaponFilter,TOOLTIP,Item filter that shows only Weapons,武器,,Weapons
WeaponLabelGrammar,TOOLTIP,"Order of adjectives to describe a weapon e.g. ""Rare Weapon"" or ""Lyra Weapon"". Change the order to suit grammatical rules of the language.",<Rarity><Unit>武器,,<Rarity> <Unit> Weapon
WeaponMastered,TOOLTIP,Unit can use weapon ability,<CharName>满足技能需求。,,<CharName> meets the Ability Requirement.
WeaponStyleManual,TOOLTIP,Pop up text for units learning to use weapon styles,已学会<WeaponStyle>！,,Learned <WeaponStyle>!
WeaponUnmastered,TOOLTIP,Unit can't use weapon ability,<CharName>不满足技能需求。,,<CharName> does not meet the Ability Requirement.
WishlistButton,TOOLTIP,Button to wishlist on steam,在 Steam 加入愿望单,,Wishlist on Steam
AlchemistTutorial,TUTORIAL,Tutorial text,炼金术士可以取走你不要的东西，将它们转化为其他物品。\n最多放入 3 件物品并点击“转化”，即可获得 1 件价值与其金币总值相近的物品。\n每次拜访最多可转化 3 次。,,The Alchemist can take your unwanted things and transmute them into other Items.\nInput up to 3 Items and hit 'Transmute' to get an item of similar value to their total Gold value.\nYou are limited to 3 transmutations per visit.
ClickAndHoldMenuTutorial,TUTORIAL,Tutorial text,或者，如果你选中并<i>长按</i>，会打开一个\n环形菜单，松开按键即可选择你想要的\n项目。,,"Alternatively, if you select and <i>hold</i>, you'll open\na radial menu where you can select what you\nwant by lifting the button."
CombatForecastAdvantageTutorial,TUTORIAL,Tutorial text,优势与劣势由所装备的武器决定。\n拥有优势的单位获得 +1 威力与 +10 命中率。\n处于劣势的单位则承受 -1 威力与 -10 命中率。,,Advantage and Disadvantage are determined by equipped Weapon.\nUnits with Advantage gain +1 Power and +10 Hit Chance.\nDisadvantaged Units suffer -1 Power and -10 Hit Chance.
CombatForecastHealthTutorial,TUTORIAL,Tutorial text,这是战斗后每个单位<i>在</i>所有攻击全部命中情况下\n可能的剩余生命。\n它不考虑攻击未命中或暴击的情况。,,This is the potential resulting HP each Unit will have after the\nFight <i>if</i> all Attacks successfully land.\nIt does not take into account if an Attack were to miss or Crit.
CombatForecastStatTutorial,TUTORIAL,Tutorial text,以下是其余计算所得的属性。\n伤害为每次攻击的总伤害，\n命中为命中率，\n暴击为暴击率。,,"These are the rest of the calculated stats.\nDMG is total Damage per Attack,\nHIT is Hit Chance,\nand CRIT is Critical Hit Chance."
CombatForecastStatusEffectsTutorial,TUTORIAL,Tutorial text,你也可以在各个面板上方看到每个单位的状态效果。\n普通敌人会获得 1 个随机改变属性的技能。\n这些每局都不同，务必保持警惕。,,"You can also see each Unit's status effects above their respective panels.\nNormal Enemies are granted a random stat-changing Skill.\nThese are different each game, so be on your toes."
CombatForecastWeaponAndTileTutorial,TUTORIAL,Tutorial text,这是每个单位当前装备的武器\n以及其所处的地形。\n将光标移到地形上可查看其效果。,,These are each Unit's currently equipped Weapons\nand what terrain they are standing on.\nMove the Cursor over the terrain to see its effects.
CombatTutorial,TUTORIAL,Tutorial text,选择你单位射程内的 1 个敌方单位即可开始战斗。\n作为快捷方式，你也可以在移动过程中\n直接选择敌方单位。,,"Select an Enemy Unit within your Unit's RNG to start a Fight.\nAs a shortcut, you can also just select an\nEnemy Unit during movement."
ConsumableTutorial,TUTORIAL,Tutorial text,你也可以通过先选中消耗品物品、\n再选择单位来使用它们。\n这通常会结束该单位的回合。,,You can also use Consumable Items by selecting them\nand then selecting Unit.\nThat usually ends the Unit's turn.
ConvoyTutorial,TUTORIAL,Tutorial text,在遭遇战之间，你可以在商队中管理单位的装备\n并使用治疗药水等消耗品。,,You can manage your Units' Equipment and use Consumables\nsuch as Health Potions in the Caravan in between Encounters.
DangerZoneTutorial,TUTORIAL,Tutorial text,危险区域按钮可显示敌方队伍的射程范围。\n选中单个敌方单位可查看其各自的射程。,,The Danger Zone button lets you see the area in range of the Enemy Team.\nYou can see the range of individual Enemy Units by selecting them.
DebugTutorial,TUTORIAL,Tutorial text,将光标移到单位上并选中它。\n然后你可以选择其移动位置。\n（见屏幕右下角的操作提示。）,,Move the Cursor to a Unit and Select them.\nFrom there you can choose where they'll move.\n(See the controls on the bottom right of the Screen.)
DeploymentTutorial,TUTORIAL,Tutorial text,你只能在遭遇战开始前部署与撤下单位。\n通过选中单位来重新部署，通过取消来撤下。\n（见屏幕右下角的操作提示。）,,You can only deploy and undeploy Units before starting an Encounter.\nReposition Units by Selecting and undeploy by Canceling.\n(See the controls on the bottom right of the Screen.)
DiscardTutorial,TUTORIAL,Tutorial text,你可以通过先选中物品、\n再选择丢弃区域来丢弃它们。,,You can discard Items by selecting them\nand then selecting the Discard area.
DownedTutorial,TUTORIAL,Tutorial text,当你某个单位的生命降至 0 时，它会进入倒下状态。\n用另一个单位救援它，即可将其送回商队。\n遭遇战结束时仍处于倒下的单位将永久失去。\n若你的队长倒下，<i>游戏将结束</i>。,,"When one of your Units' HP hits 0, they enter a Downed state.\nSaving them with another Unit sends them back to the Caravan.\nAny downed Units by Encounter's end are permanently lost.\nIf your Leader is Downed, <i>the game ends</i>."
EquipmentTutorial,TUTORIAL,Tutorial text,这是该单位的装备。\n你可以在此菜单中自由整理物品并装备武器。,,This is the Unit's Equipment.\nYou can freely arrange Items and equip Weapons in this Menu.
EquipWeaponTutorial,TUTORIAL,Tutorial text,每个单位装备栏的第 1 格即为其装备的武器。\n将武器移入或移出此处即可装备与卸下。,,The first slot in every Unit's Equipment is their equipped Weapon.\nMove weapons in and out of here to equip and unequip them.
ExperienceTutorial,TUTORIAL,Tutorial text,战斗与技能可为你的单位提供经验。\n每项主属性都会根据该单位的属性成长\n独立获得经验并提升。,,Combat and Skills can award your Units Experience.\nEach Primary Stat gains Experience and levels up\nindividually based on the Unit's stat growths.
FirstOverworldTutorial,TUTORIAL,Tutorial text,在世界地图上选中 1 个遭遇战即可前往。\n每一幕都以 1 个起始遭遇战开始。,,Move to an Encounter on the World Map by selecting it.\nEvery Act starts with one starting Encounter.
KeepGoingLockTutorial,TUTORIAL,Tutorial text,看看这个！\n游戏中几乎任何内容都可以这样操作，甚至包括地形\n与武器描述。\n若想知道某个东西的含义，试着把光标移到上面。\n按取消键可关闭锁定的提示框。\n（见屏幕右下角的操作提示。）,,"Check it out!\nYou can do this with almost everything in the game, even the Terrain\nand Weapon Descriptions.\nIf you want to know what something means, try moving the cursor over it.\nPress Cancel to close locked Tooltips.\n(See the controls on the bottom right of the Screen.)"
LevelTutorial,TUTORIAL,Tutorial text,当 7 项属性提升后，该单位提升 1 级。\n单位升级时，会根据其成长获得最大生命，\n并可学习 1 个新技能。,,"After 7 Stats level up, the Unit gains a level.\nWhen a Unit levels up, they gain Max HP depending on its growth\nand they can learn a new Skill."
LinearOverworldTutorial,TUTORIAL,Tutorial text,选中 1 个遭遇战即可前往。\n在世界地图上你只能向前移动，\n因此请谨慎选择！,,"Select an Encounter to navigate to it.\nYou can only move forward on the World Map,\nso choose carefully!"
LockRoundLimitLockTutorial,TUTORIAL,Tutorial text,此提示框中还有一些未解释的内容。\n按下提示框锁定键，即可弄清它们是什么。\n（见屏幕右下角的操作提示。）,,There's some unexplained things in this Tooltip.\nPress the Tooltip Lock button it to figure out what they are.\n(See the controls on the bottom right of the Screen.)
MouseOverLockedTooltipLockTutorial,TUTORIAL,Tutorial text,既然已经锁定，你就可以把光标移到上面查看更多提示框。,,"Now that it's locked, you can move the cursor over it for more Tooltips."
MouseOverRoundLimitLockTutorial,TUTORIAL,Tutorial text,遭遇战也有轮数限制。\n让我们用提示框锁定系统进一步了解它们。\n将光标移到轮数限制上开始吧。,,Encounters also have Round Limits.\nLet's learn more about them using the Tooltip Lock system.\nMove the cursor over the Round Limit to get started.
MovementTutorial,TUTORIAL,Tutorial text,在该单位移动范围内的任意可用格子中选中 1 格即可移动过去。\n之后你就能为其下达行动指令。,,Select any available Tile in the Unit's movement range to move there.\nAfterwards you'll be able to give them action commands.
ObjectiveTutorial,TUTORIAL,Tutorial text,完成遭遇战的目标即可获得战利品。\n大多数目标会结束该遭遇战，并迫使你继续前进。,,You are awarded Loot by completing the Encounter's Objectives.\nMost Objectives will end the Encounter and force you to move on.
OverworldEarlyEndTutorial,TUTORIAL,Tutorial text,完成攻城遭遇战将结束本幕。\n若你愿意，也可以提前前往攻城遭遇战。\n现在出发吧，踏上你的旅程！,,"Finishing the Siege Encounter will end the Act.\nIf you want, you can navigate to the Siege Encounter early as well.\nNow Go, be off on your journey!"
OverworldNonStardustTutorial,TUTORIAL,Tutorial text,战斗类遭遇战包括小规模冲突与战斗。\n商店、宝箱、竞技场与篝火<i>不会</i>增加星尘。,,"Combat Encounters include Skirmishes and Battles.\nShops, Treasure Chests, Arenas, and Campfires will <i>not</i> increase Stardust."
OverworldStardustLimitTutorial,TUTORIAL,Tutorial text,一旦达到星尘上限，你将被迫\n前往结束本幕的攻城遭遇战。\n不过厄运会降临到你的队伍身上，所以尽量不要\n在此时离得太远。,,"Once the Stardust Limit is reached, you will be forced\nto make your way to the Act-ending Siege encounter.\nHowever, bad fortune will fall upon your team, so try not to\nbe too far away when this happens."
OverworldStardustTutorial,TUTORIAL,Tutorial text,战斗类遭遇战会耗费时间，因此\n每次之后星尘都会积聚。,,"Combat Encounters take time, so the\nStardust will build after each one."
RadialMenuTutorial,TUTORIAL,Tutorial text,选择一个行动通常会结束该单位的回合，\n你也可以选择不行动直接结束。\n随时按取消键返回。\n（见屏幕右下角的操作提示。）,,"Choosing an action usually ends a Unit's turn,\nor you can choose to end it without acting.\nPress Cancel to go back anytime.\n(See the controls on the bottom right of the Screen.)"
RecruitTutorial,TUTORIAL,Tutorial text,有些敌方单位其实是可招募的民兵单位。\n走到他们身边，从行动菜单中招募他们。\n……<i>或者干脆打一场来满足你的杀意。</i>,,Some Enemy Units are actually recruitable Militia Units.\nWalk up to them and Recruit them from the Action Menu.\n...<i>Or just fight them to satiate your bloodlust.</i>
RedeploymentTutorial,TUTORIAL,Tutorial text,在此列表中选中未部署的单位即可部署。\n在某些遭遇战中，你可能无法部署队伍中的所有单位。\n若使用手柄，按下部署模式键可切换焦点。\n（见屏幕右下角的操作提示。）,,"Deploy an undeployed Unit by selecting them in this list.\nYou might not be able to deploy every Unit in your party in certain Encounters.\nIf using a controller, press the Deployment Mode button to switch focus.\n(See the controls on the bottom right of the Screen.)"
RelicTutorial,TUTORIAL,Tutorial text,打造队伍的另一种方式是使用记忆，\n它们带有全队范围的效果。\n可通过随机事件、商店，或战胜强敌的\n战斗遭遇战来收集。,,"Another way to build your team is with Memories which\ncontain team-wide effects.\nCollect these in Random Events, Shops, or by winning\nBattle Encounters against strong Enemies."
ReturnToOverworldTutorial,TUTORIAL,Tutorial text,每次遭遇战之后，你可以前往任何\n有道路相连的遭遇战。,,"After each Encounter, you can move to any\nEncounter connected by a road."
SelectWeaponTutorial,TUTORIAL,Tutorial text,这是战斗预测，会告诉你战斗可能的结果。\n将鼠标悬停在武器上即可查看其预测。,,"This is the combat forecast, which tells you the potential outcomes of a Fight.\nHover over a weapon to see its forecast."
SettingsTutorial,TUTORIAL,Tutorial text,最后，若你想更改游戏体验中的任何内容，\n无论是操作、画面风格、玩法调整，还是关闭剧情，\n都可以在系统设置菜单中进行。,,"And finally, if there's anything you want to change about the gameplay experience,\nwhether it be the controls, graphical style, gameplay tweaks, or disabling the story,\nyou can do so in the System Settings menu."
SkillChoiceTutorial,TUTORIAL,Tutorial text,<i>叮！</i>\n你升级了，可以选择 1 个技能来学习。\n有些技能占用技能栏，有些则不占用。\n英雄单位的技能栏比民兵更多。,,"<i>Ding!</i>\nYou've leveled up, so you get to choose a skill to learn.\nSome skills take up Skill Slots, and some don't.\nHero Units have more Skill Slots than Militia."
StardustTutorial,TUTORIAL,Tutorial text,星尘是一种恶意的迷雾，会中止<i>一切</i>经验获取，\n并在其存续期间每轮吸取每个单位的生命。,,The Stardust is a malevolent fog that halts <i>all</i> Experience gain\nand saps HP from each Unit every Round it is active.
StartCombatTutorial,TUTORIAL,Tutorial text,选择 1 件武器即可开始战斗，或\n按取消键退出，进行<i>战术撤退</i>。,,Start the Fight by selecting a Weapon or back\nout by pressing Cancel for a <i>tactical retreat</i>.
StartEncounterTutorial,TUTORIAL,Tutorial text,准备完毕后，按下此按钮开始遭遇战。,,Press this button to start the Encounter once you're done.
SummaryPrimaryStatsTutorial,TUTORIAL,Tutorial text,主属性及其成长由该单位的职业与其自身特质\n共同决定。\n它们根据获得的经验而成长。,,Primary Stats and their Growths are based on a mixture\nof the Unit's class and their own individuality.\nThey grow based on Experience gained.
SummarySecondaryStatsTutorial,TUTORIAL,Tutorial text,副属性主要来源于主属性与装备。\n将光标移到任意属性上可查看其计算方式。,,Secondary Stats are mostly derived from Primary Stats and Equipment.\nMove the Cursor over any Stat to see how it is calculated.
SummarySkillListTutorial,TUTORIAL,Tutorial text,你可以在此查看单位的可用技能列表。将光标移到上面可获取更多信息。\n若有未解释的内容，锁定提示框后将光标移上去即可。\n（见屏幕右下角的操作提示。）,,"You can See a Unit's list of available Skills here. Move the Cursor over them for more info.\nIf there is something unexplained, lock the Tooltip and Cursor over that.\n(See the controls on the bottom right of the Screen.)"
SummarySkillSetsTutorial,TUTORIAL,Tutorial text,你也可以选中此按钮查看单位的可用技能组。\n技能组是单位在升级时可供选择的\n技能池。单位的技能组由其\n职业、武器类型及其他一些因素决定。,,"You can also Select this button to see the Unit's available Skill Sets.\nSkill Sets are the pool of Skills a Unit might be able to choose\nfrom during Level-Up. A Unit's Skill Sets are determined by their\nClass, Weapon Styles, and some other factors."
SummaryStatusEffectsTutorial,TUTORIAL,Tutorial text,若单位有任何状态效果，会显示在这里。\n将光标移到上面可查看其作用。\n在此菜单之外，它们也会显示在单位生命条下方。,,"If a Unit has any Status Effects, they show up here.\nMove the Cursor over them to see what they do.\nThese also show up under the Unit's HP bar outside of this menu."
SummaryTutorial,TUTORIAL,Tutorial text,单位菜单包含与该单位相关的<i>所有</i>信息。\n你可以在此查看其属性、状态、装备与技能。,,"The Unit menu contains <i>all</i> of the information pertaining to a Unit.\nYou can see their Stats, Status, equipment, and Skills here."
SummaryUsableWeaponsTutorial,TUTORIAL,Tutorial text,单位可用的武器类型同样取决于其职业\n与自身特质。有些武器类型当前即可使用，有些\n需要学习，还有一些则该单位无法学会。,,"A Unit's usable Weapon Styles are also based on their Class\nand individuality. Some Weapon Styles are usable now, some\nmust be learned, and others are impossible for the Unit to learn."
TooltipLockTutorial,TUTORIAL,Tutorial text,若提示框中出现未解释的关键词，\n你可以用提示框锁定键将其锁定，然后把\n光标移到该词上以获取另一个提示框。\n（见屏幕右下角的操作提示。）,,"If a tooltip has an unexplained key word,\nyou can lock with the Lock Tooltip button and move the\nCursor over it to get another tooltip.\n(See the controls on the bottom right of the Screen.)"
TooltipTutorial,TUTORIAL,Tutorial text,若想知道某个东西是什么，\n试着把光标移到上面，它会显示一个提示框。,,"If you want to know what something is,\ntry moving the Cursor over it, it will show you a tooltip."
TriangleReminderTutorial,TUTORIAL,Tutorial text,此面板是武器三角与魔法三角的提示。\n按下其按钮即可显示或隐藏。,,This panel is a reminder of the Weapon and Magic triangles.\nYou can show and hide it by pressing its button.
TurnLimitTutorial,TUTORIAL,Tutorial text,遭遇战也有轮数限制。\n逗留太久，就会招来星尘。,,Encounters also have Round Limits.\nLinger too long and you will invite the Stardust.
UnitListTutorial,TUTORIAL,Tutorial text,单位列表按钮可显示遭遇战中各队伍的构成。\n它会标出敌方首领与可招募民兵。\n选中任意单位即可将镜头聚焦于其身上。,,The Unit List button shows you the makeup of each team in an Encounter.\nIt denotes Enemy Leaders and Recruitable Militia.\nSelect anyone to focus on them. 
UnitSelectTutorial,TUTORIAL,Tutorial text,将光标移到单位上并选中它。\n然后你可以选择其移动位置。,,Move the Cursor to a Unit and Select them.\nFrom there you can choose where they'll move.
WeaponSkillTutorial,TUTORIAL,Tutorial text,有些武器在装备时会赋予单位 1 个技能。\n武器技能通常需要单位达到一定的\n灵巧值才能开始使用。,,Some weapons grant a Skill to the Unit when equipped.\nWeapon Skills normally need the Unit to have a certain\nDEX level to begin to use them.
WorldMapTutorial,TUTORIAL,Tutorial text,世界地图可预览你在本幕中的推进进度。,,The World Map previews your progression through the Act.
AirBarrierName,WEAPON,Name for a magic barrier,风之静谧,,Peace of Air
AlKatumName,WEAPON,Name for a ranged weapon,阿尔卡图姆,,Al-Katum
AmberName,WEAPON,Name for a magic focus,琥珀,,Amber
AmethystName,WEAPON,Name for a magic focus,紫水晶,,Amethyst
AstrolabeName,WEAPON,Name for a magic focus that is an astrolabe,星盘,,Astrolabe
BananaName,WEAPON,Name for a magic focus,香蕉,,Banana
BardicheName,WEAPON,Name for a heavy weapon,长柄斧,,Bardiche
BatFamiliarName,WEAPON,Name for a magic familiar,半影,,Penumbra
BattleAxeName,WEAPON,Name for a shield weapon,战斧,,Battle Axe
BearFamiliarName,WEAPON,Name for a magic familiar,大熊,,Ursa
BirdFamiliarName,WEAPON,Name for a magic familiar,辉光,,Lux
BloodBarrierName,WEAPON,Name for a magic barrier,灵血之血,,Blood of Ichor
BludgeonName,WEAPON,Name for a shield weapon,重棍,,Bludgeon
BoarSpearName,WEAPON,Name for a shield weapon,野猪矛,,Boar Spear
BrightLongbowName,WEAPON,Name for a ranged weapon,辉光长弓,,Radiant Longbow
BrightShortbowName,WEAPON,Name for a ranged weapon,辉光短弓,,Radiant Shortbow
BroadswordName,WEAPON,Name for a shield weapon,阔剑,,Broadsword
BrokenBowName,WEAPON,Name for ranged weapon,残破的弓,,Broken Bow
BrokenDollWepName,WEAPON,Name for broken doll weapon,提线木偶（残破）,,Marionette (Broken)
CatFamiliarName,WEAPON,Name for a magic familiar,疾爪,,Swiftclaw
ClaymoreName,WEAPON,Name for a heavy weapon,双刃大剑,,Claymore
CleaverName,WEAPON,Name for a shield weapon,劈刀,,Cleaver
ClubName,WEAPON,Name for a light weapon,木棒,,Club
CobraFamiliarName,WEAPON,Name for a magic familiar,毒蛇,,Viper
CompositeBowName,WEAPON,Name for a ranged weapon,复合弓,,Composite Bow
CrystalBowName,WEAPON,Name for a projectile weapon,水晶弓,,Crystal Bow
DaggerName,WEAPON,Name for a light weapon,匕首,,Dagger
DarkBarrierName,WEAPON,Name for a magic barrier,暗影之幕,,Umbral Veil
DarkBladeName,WEAPON,Name for a light weapon,暗影之刃,,Umbral Blade
DarkBookName,WEAPON,Name for a magic focus,暗影魔典,,Umbral Grimoire
DarkBowName,WEAPON,Name for a ranged weapon,暗影之弓,,Umbral Bow
DarkCudgelName,WEAPON,Name for a shield weapon,暗影短棍,,Umbral Cudgel
DarkLongswordName,WEAPON,Name for a heavy weapon,暗影长剑,,Umbral Longsword
DarkRitualName,WEAPON,Name for a magic ritual,暗影五芒,,Umbral Pentacle
DeadeyeName,WEAPON,Name for a ranged weapon,神眼,,Deadeye
DirkName,WEAPON,Name for a light weapon,短剑,,Dirk
DogFamiliarName,WEAPON,Name for a magic familiar,雷克斯,,Rex
DracoCatName,WEAPON,Name for a magic familiar,加莱亚,,Galea
EarthBarrierName,WEAPON,Name for a magic barrier,土之壁,,Wall of Earth
EighthRitualName,WEAPON,Name for a magic ritual,第八五芒,,Eighth Pentacle
EleventhRitualName,WEAPON,Name for a magic ritual,第十一五芒,,Eleventh Pentacle
EmeraldName,WEAPON,Name for a magic focus,翡翠,,Emerald
FakeDollWepName,WEAPON,Name for fake doll weapon,提线木偶,,Marionette
FalchionName,WEAPON,Name for a shield weapon,弯刀,,Falchion
FifteenthRitualName,WEAPON,Name for a magic ritual,第十五五芒,,Fifteenth Pentacle
FifthRitualName,WEAPON,Name for a magic ritual,第五五芒,,Fifth Pentacle
FinalBossWep_BarrierName,WEAPON,Name for a weapon used by the final boss,星辉,,Astral Brilliance
FinalBossWep_FamiliarName,WEAPON,Name for a weapon used by the final boss,流星,,Shooting Star
FinalBossWep_FocusName,WEAPON,Name for a weapon used by the final boss,星之碎片,,Star Shard
FinalBossWep_HeavyName,WEAPON,Name for a weapon used by the final boss,暗物质,,Dark Matter
FinalBossWep_LightName,WEAPON,Name for a weapon used by the final boss,宇宙之刃,,Cosmic Blade
FinalBossWep_RangedName,WEAPON,Name for a weapon used by the final boss,新月弧,,Crescent Arc
FinalBossWep_RitualName,WEAPON,Name for a weapon used by the final boss,终末五芒,,Final Pentacle
FinalBossWep_ShieldName,WEAPON,Name for a weapon used by the final boss,以太之域,,Ethereal Plane
FinalBossWepName,WEAPON,Name for a weapon used by the final boss,星辉,,Astral Brilliance
FireBarrierName,WEAPON,Name for a magic barrier,烈焰风暴,,Storm of Fire
FirstRitualName,WEAPON,Name for a magic ritual,第一五芒,,First Pentacle
FourthRitualName,WEAPON,Name for a magic ritual,第四五芒,,Fourth Pentacle
FrogFamiliarName,WEAPON,Name for a magic familiar,飞镖,,Dart
GiantClubName,WEAPON,Name for a heavy weapon,巨棒,,Giant Club
GladiusName,WEAPON,Name for a shield weapon,罗马短剑,,Gladius
GreatAxeName,WEAPON,Name for a heavy weapon,巨斧,,Greataxe
GreatmaceName,WEAPON,Name for a heavy weapon,巨锤,,Greatmace
GreatswordName,WEAPON,Name for a heavy weapon,巨剑,,Greatsword
GunName,WEAPON,Name for a magic focus,神秘器物,,Mysterious Artifact
HandAxeName,WEAPON,Name for a shield weapon,手斧,,Hand Axe
HatchetName,WEAPON,Name for a light weapon,短斧,,Hatchet
HorologiumName,WEAPON,Name for a magic focus,时计盘,,Horologium
HuntingBowName,WEAPON,Name for a projectile weapon,猎弓,,Hunting Bow
IceBarrierName,WEAPON,Name for a magic barrier,冰之幕,,Sheet of Ice
IceSpearName,WEAPON,Name for a heavy weapon,寒冰长刃,,Frigid Glaive
InactiveFinalBossWepName,WEAPON,Name for a magic barrier used by the final boss before they activate,无星之空,,Starless Sky
KatanaName,WEAPON,Name for a shield weapon,打刀,,Katana
KingWeaponName,WEAPON,Name for a heavy weapon used by the king,斯崔克斯,,Stryx
KirpanName,WEAPON,Name for a light weapon,弯刃短剑,,Kirpan
LanceName,WEAPON,Name for a heavy weapon,骑枪,,Lance
LightAxeName,WEAPON,Name for a shield weapon,辉光斧,,Radiant Axe
LightBarrierName,WEAPON,Name for a magic barrier,辉光,,Radiant Light
LightBookName,WEAPON,Name for a magic focus,辉光魔典,,Radiant Tome
LightDaggerName,WEAPON,Name for a light weapon,辉光匕首,,Radiant Dagger
LightFlambergeName,WEAPON,Name for a heavy weapon,辉光焰形剑,,Radiant Flamberge
LightMaceName,WEAPON,Name for a heavy weapon,辉光锤,,Radiant Mace
LightningBarrierName,WEAPON,Name for a magic barrier,雷之声,,Sound of Thunder
LightRapierName,WEAPON,Name for a light weapon,辉光刺剑,,Radiant Rapier
LightRitualName,WEAPON,Name for a magic ritual,辉光五芒,,Radiant Pentacle
LightScimitarName,WEAPON,Name for a shield weapon,辉光弯刀,,Radiant Scimitar
LongbowName,WEAPON,Name for a projectile weapon,长弓,,Longbow
LongswordName,WEAPON,Name for a heavy weapon,长剑,,Longsword
MaceName,WEAPON,Name for a shield weapon,钉锤,,Mace
MainGaucheName,WEAPON,Name for a light weapon,护手短剑,,Main Gauche
MaulName,WEAPON,Name for a heavy weapon,重锤,,Maul
MorningstarName,WEAPON,Name for a shield weapon,晨星锤,,Morningstar
NaturalBarrierName,WEAPON,Name for a magic barrier,自然之力,,Force of Nature
NinthRitualName,WEAPON,Name for a magic ritual,第九五芒,,Ninth Pentacle
OdachiName,WEAPON,Name for a heavy weapon,大太刀,,Odachi
OpalName,WEAPON,Name for a magic focus,蛋白石,,Opal
ParryingDaggerName,WEAPON,Name for a light weapon,格挡匕首,,Parrying Dagger
PlanisphereName,WEAPON,Name for a magic focus,平面星图,,Planisphere
RabbitFamiliarName,WEAPON,Name for a magic familiar,细枝,,Twig
RapierName,WEAPON,Name for a light weapon,刺剑,,Rapier
RatFamiliarName,WEAPON,Name for a magic familiar,啃啃,,Nibbles
Recurve BowName,WEAPON,Name for a ranged weapon,反曲弓,,Recurve Bow
ReflexBowName,WEAPON,Name for a ranged weapon,反射弓,,Reflex Bow
RockBarrierName,WEAPON,Name for a magic barrier,岩石之力,,Strength of Rock
RubyName,WEAPON,Name for a magic focus,红宝石,,Ruby
SaphireName,WEAPON,Name for a magic focus,蓝宝石,,Sapphire
ScalpelName,WEAPON,Name for a light weapon,手术刀,,Scalpel
ScepterName,WEAPON,Name for a shield weapon,权杖,,Scepter
SelfBowName,WEAPON,Name for a ranged weapon,单体弓,,Self Bow
SentryBowName,WEAPON,Name for a ranged weapon,哨戒弓,,Sentry Bow
SerratedBladeName,WEAPON,Name for a light weapon,锯齿刃,,Serrated Blade
SeventhRitualName,WEAPON,Name for a magic ritual,第七五芒,,Seventh Pentacle
SheepFamiliarName,WEAPON,Name for a magic familiar,多莉,,Dolly
ShivsName,WEAPON,Name for a light weapon,尖刀,,Shivs
ShortbowName,WEAPON,Name for a projectile weapon,短弓,,Shortbow
ShortswordName,WEAPON,Name for a light weapon,短剑,,Shortsword
SixthRitualName,WEAPON,Name for a magic ritual,第六五芒,,Sixth Pentacle
SnailFamiliarName,WEAPON,Name for a magic familiar,潜潜,,Slink
SnakeFamiliarName,WEAPON,Name for a magic familiar,面条,,Noodle
SpathaName,WEAPON,Name for a heavy weapon,骑兵剑,,Spatha
SpearName,WEAPON,Name for a light weapon,长矛,,Spear
StarFragmentName,WEAPON,Name for a magic focus,星之碎片,,Star Fragment
StilettoName,WEAPON,Name for a light weapon,细刺剑,,Stiletto
TantoName,WEAPON,Name for a light weapon,短刀,,Tanto
TenthRitualName,WEAPON,Name for a magic ritual,第十五芒,,Tenth Pentacle
ThirteenthRitualName,WEAPON,Name for a magic ritual,第十三五芒,,Thirteenth Pentacle
ThornBarrierName,WEAPON,Name for a magic barrier,荆棘之冠,,Crown of Thorns
WarHammerName,WEAPON,Name for a heavy weapon,战锤,,War Hammer
WaterBarrierName,WEAPON,Name for a magic barrier,水之涌,,Surge of Water
WeaponTableFailedName,WEAPON,Name for the debug skill that will be given whenever a weapon table errors,武器表错误,,WeaponTableFailed
WindBarrierName,WEAPON,Name for a magic barrier,风之疾,,Gust of Wind
WolfFamiliarName,WEAPON,Name for a magic familiar,幽灵,,Ghost
WoodBarrierName,WEAPON,Name for a magic barrier,木之坚,,Grit of Wood
YumiName,WEAPON,Name for a projectile weapon,和弓,,Yumi
